발생일시,규모,깊이km,최대진도,위도,경도,위치
2005-12-25 03:58:51,2.6,,,34.76 N,127.11 E,전남 보성군 동남동쪽 3km 해역
2005-12-18 00:00:03,2.2,,,34.64 N,127.61 E,전남 여수시 남서쪽 15km 해역
2005-12-07 18:02:12,2.5,,,36.62 N,127.76 E,충북 괴산군 남쪽 21km 지역
2005-11-27 11:47:04,3.1,,,38.35 N,123.99 E,북한 인천 백령도 북서쪽 75km 해역
2005-11-15 09:10:50,3.1,,,37.21 N,128.80 E,강원 정선군 남남동쪽 23km 지역
2005-11-06 12:52:46,2.2,,,35.98 N,128.13 E,경북 김천시 남쪽 18km 지역
2005-10-23 01:02:47,2.7,,,34.98 N,127.01 E,전남 화순군 남남동쪽 10km 지역
2005-10-21 12:00:31,3.2,,,37.87 N,125.05 E,북한 황해남도 옹진 서남서쪽 28km 해역
2005-10-13 11:22:31,2.7,,,36.94 N,129.47 E,경북 울진군 남동쪽 9km 해역
2005-10-10 08:51:09,3.5,,,37.92 N,124.94 E,북한 인천 백령도 동쪽 23km 해역
2005-10-03 19:18:34,2.1,,,35.82 N,129.58 E,경북 포항시 남구 남동쪽 29km 해역
2005-09-07 17:11:12,2.1,,,37.09 N,127.84 E,충북 충주시 북서쪽 13km 지역
2005-08-31 12:58:12,2.2,,,37.13 N,129.69 E,경북 울진군 동북동쪽 30km 해역
2005-08-25 19:33:47,2.4,,,36.65 N,126.26 E,충남 태안군 남남서쪽 11km 지역
2005-08-24 05:06:24,3.4,,,34.16 N,127.03 E,전남 여수시 거문도 서북서쪽 30km 해역
2005-07-30 03:01:38,3.1,,,34.16 N,127.44 E,전남 여수시 거문도 북동쪽 19km 해역
2005-06-30 00:25:04,3.1,,,36.66 N,129.63 E,경북 영덕군 북동쪽 36km 해역
2005-06-29 23:18:05,4.0,,,34.50 N,129.05 E,경남 통영시 매물도 동남동쪽 46km 해역
2005-06-20 15:31:50,3.0,,,38.81 N,125.57 E,북한 황해북도 송림 북서쪽 10km 지역
2005-06-15 07:37:47,3.0,,,33.00 N,126.15 E,제주 제주시 고산 남쪽 33km 해역
2005-06-15 07:07:02,3.9,,,33.06 N,126.17 E,제주 제주시 고산 남쪽 26km 해역
2005-06-10 21:14:37,2.5,,,36.77 N,128.48 E,경북 예천군 북쪽 13km 지역
2005-06-10 12:49:55,2.3,,,36.78 N,128.49 E,경북 영주시 서남서쪽 12km 지역
2005-06-08 00:07:29,2.5,,,37.51 N,124.76 E,인천 백령도 남쪽 50km 해역
2005-05-15 07:22:32,2.6,,,38.13 N,125.60 E,북한 황해남도 해주 북서쪽 14km 지역
2005-05-01 16:27:09,3.6,,,35.04 N,122.99 E,전남 신안군 흑산면 서쪽 230km 해역
2005-04-21 12:37:34,3.0,,,34.91 N,125.47 E,전남 신안군 흑산면 북쪽 29km 해역
2005-04-09 23:04:51,2.4,,,35.67 N,130.03 E,울산 동구 동북동쪽 58km 해역
2005-04-09 19:14:00,2.4,,,37.17 N,125.41 E,인천 옹진군 연평도 남남서쪽 61km 해역
2005-04-01 00:15:20,2.4,,,33.56 N,126.97 E,제주 서귀포시 성산 북북동쪽 21km 해역
2005-03-31 19:32:41,2.2,,,36.43 N,125.57 E,충남 태안군 서격렬비열도 남쪽 19km 해역
2005-03-17 23:39:52,3.1,,,32.47 N,125.85 E,제주 서귀포시 남서쪽 108km 해역
2005-03-12 11:56:48,2.4,,,38.82 N,127.14 E,북한 강원 회양 서북서쪽 42km 지역
2005-02-20 22:18:39,3.4,,,35.40 N,126.22 E,전남 영광군 서북서쪽 30km 해역
2005-02-07 20:16:04,2.8,,,36.59 N,130.02 E,경북 영덕군 동북동쪽 62km 해역
2005-02-05 11:27:28,2.5,,,33.49 N,126.36 E,제주 제주시 서쪽 16km 해역
2005-02-03 07:48:31,2.4,,,38.95 N,130.39 E,경북 울릉군 북북서쪽 169km 해역
2006-12-28 09:44:51,2.2,,,36.11 N,128.11 E,경북 김천시 남남동쪽 3km 지역
2006-12-20 01:18:19,2.1,,,37.14 N,129.90 E,경북 울진군 동북동쪽 47km 해역
2006-12-10 01:39:52,2.5,,,33.06 N,126.22 E,제주 서귀포시 남서쪽 35km 해역
2006-12-04 00:51:41,2.7,,,36.46 N,127.92 E,경북 상주시 서북서쪽 22km 지역
2006-11-26 03:05:34,2.4,,,34.14 N,127.48 E,전남 여수시 거문도 북동쪽 20km 해역
2006-11-12 08:19:34,2.9,,,38.59 N,125.12 E,북한 남포 서남서쪽 34km 지역
2006-11-11 01:16:01,2.4,,,35.97 N,127.45 E,전북 진안군 북쪽 20km 지역
2006-10-25 18:14:25,2.6,,,33.36 N,125.75 E,제주 제주시 고산 서쪽 39km 해역
2006-10-22 14:09:16,2.2,,,37.13 N,125.98 E,인천 옹진군 덕적도 서남서쪽 18km 해역
2006-10-16 14:12:58,2.4,,,37.35 N,124.88 E,인천 백령도 남남동쪽 69km 해역
2006-10-04 05:29:22,2.2,,,36.67 N,127.67 E,충북 청원군 동북동쪽 16km 지역
2006-09-29 23:07:52,3.4,,,34.10 N,124.90 E,전남 신안군 흑산면 남서쪽 81km 해역
2006-09-20 14:15:33,2.1,,,34.62 N,128.81 E,경남 거제시 남남동쪽 33km 해역
2006-09-20 00:03:11,2.6,,,35.92 N,129.56 E,경북 포항시 남구 동남동쪽 20km 해역
2006-08-26 07:44:16,2.2,,,37.21 N,128.81 E,강원 정선군 남동쪽 23km 지역
2006-08-09 08:16:19,2.3,,,35.70 N,124.82 E,전남 영광군 안마도 서북서쪽 117km 해역
2006-08-07 14:18:33,2.8,,,35.60 N,124.63 E,전남 신안군 흑산면 북서쪽 130km 해역
2006-08-01 12:57:36,2.0,,,35.74 N,127.82 E,경남 거창군 북서쪽 10km 지역
2006-07-26 02:50:38,2.0,,,35.80 N,127.88 E,경남 거창군 북북서쪽 13km 지역
2006-07-25 23:29:18,2.5,,,35.79 N,127.89 E,경남 거창군 북쪽 12km 지역
2006-07-24 02:44:17,2.0,,,37.17 N,126.32 E,인천 옹진군 남서쪽 42km 해역
2006-07-18 14:49:53,2.0,,,36.13 N,126.65 E,충남 서천군 북서쪽 7km 지역
2006-06-01 11:58:01,2.4,,,34.60 N,128.16 E,경남 남해군 남동쪽 36km 해역
2006-05-08 06:59:15,2.4,,,36.22 N,129.54 E,경북 포항시 북구 북동쪽 25km 해역
2006-04-30 09:50:04,2.5,,,37.05 N,129.84 E,경북 울진군 동쪽 39km 해역
2006-04-29 11:01:12,3.5,,,37.09 N,129.93 E,경북 울진군 동북동쪽 48km 해역
2006-04-29 01:01:00,2.5,,,37.07 N,129.81 E,경북 울진군 동북동쪽 37km 해역
2006-04-28 23:54:56,2.5,,,37.12 N,129.93 E,경북 울진군 동북동쪽 49km 해역
2006-04-28 23:47:55,3.0,,,37.09 N,129.93 E,경북 울진군 동북동쪽 48km 해역
2006-04-19 16:18:13,2.1,,,37.01 N,129.82 E,경북 울진군 동쪽 37km 해역
2006-04-19 16:01:32,2.4,,,37.10 N,129.92 E,경북 울진군 동북동쪽 47km 해역
2006-04-19 10:57:56,2.5,,,37.10 N,129.91 E,경북 울진군 동북동쪽 47km 해역
2006-04-19 09:49:34,3.0,,,37.05 N,129.96 E,경북 울진군 동쪽 50km 해역
2006-04-19 09:35:10,2.4,,,37.07 N,129.93 E,경북 울진군 동쪽 48km 해역
2006-04-13 01:09:47,2.8,,,34.74 N,125.01 E,전남 신안군 흑산면 서북서쪽 43km 해역
2006-04-03 18:14:04,3.3,,,38.68 N,125.96 E,북한 황해도 사리원 동북동쪽 24km지역
2006-04-02 00:04:37,2.0,,,35.38 N,127.22 E,전북 남원시 서남서쪽 16km 지역
2006-03-26 07:54:50,2.4,,,35.67 N,126.26 E,전북 부안군 위도 북북서쪽 48km 해역
2006-03-23 07:42:55,2.5,,,38.33 N,127.30 E,북한 강원 철원군 북쪽 20km 지역
2006-03-19 14:03:46,2.0,,,36.33 N,127.34 E,대전 서구 서남서쪽 3km 지역
2006-03-19 13:59:47,2.9,,,36.34 N,127.36 E,대전 서구 서남서쪽 1km 지역
2006-03-15 04:36:54,2.4,,,38.19 N,125.94 E,북한 황해남도 해주 북동쪽 26km 지역
2006-03-11 04:52:22,2.1,,,37.13 N,126.00 E,충남 태안군 북북서쪽 51km 해역
2006-03-10 05:57:17,2.5,,,33.30 N,127.15 E,제주 서귀포시 동쪽 59km 해역
2006-02-28 18:52:38,2.3,,,36.22 N,127.66 E,충북 영동군 서북서쪽 13km 지역
2006-02-28 00:11:22,2.3,,,35.80 N,127.89 E,경남 거창군 북쪽 13km 지역
2006-02-14 03:32:02,3.0,,,38.67 N,126.03 E,북한 황해북도 사리원 북동쪽 30km 지역
2006-01-21 11:29:49,2.1,,,36.33 N,127.26 E,충남 공주시 남동쪽 18km 지역
2006-01-19 22:53:30,2.0,,,37.19 N,128.77 E,강원 영월군 동쪽 27km 지역
2006-01-19 12:35:34,3.2,,,37.21 N,128.80 E,강원 정선군 남남동쪽 22km 지역
2007-12-28 04:03:22,2.7,,,34.98 N,129.64 E,부산 해운대구 동남동쪽 48km 해역
2007-12-22 09:54:22,2.6,,,38.63 N,125.50 E,북한 황해남도 안악군 북쪽 14km 지역
2007-12-16 00:04:35,2.2,,,35.62 N,127.80 E,경남 함양군 북북동쪽 13km 지역
2007-11-19 05:51:22,2.1,,,34.78 N,126.48 E,전남 영암군 서쪽 20km 지역
2007-10-29 02:32:01,2.5,,,36.62 N,128.42 E,경북 예천군 남서쪽 5km 지역
2007-10-17 20:06:26,2.1,,,36.43 N,129.57 E,경북 영덕군 동쪽 18km 해역
2007-10-16 14:59:03,2.9,,,37.45 N,128.97 E,강원 동해시 서남서쪽 15km 지역
2007-10-13 04:13:35,2.1,,,36.44 N,129.63 E,경북 영덕군 동쪽 24km 해역
2007-10-08 22:36:54,2.2,,,38.90 N,125.76 E,북한 평양 남쪽 13km 지역
2007-10-06 09:08:08,2.5,,,35.59 N,125.96 E,전남 영광군 북서쪽 61km 해역
2007-10-04 23:56:07,2.9,,,36.43 N,129.55 E,경북 영덕군 동쪽 16km 해역
2007-10-01 01:02:44,2.2,,,36.44 N,129.54 E,경북 영덕군 북동쪽 16km 해역
2007-09-24 00:24:08,2.6,,,36.45 N,129.61 E,경북 영덕군 동쪽 22km 해역
2007-09-17 01:16:31,3.0,,,36.45 N,129.69 E,경북 영덕군 동쪽 29km 해역
2007-09-12 06:50:59,2.7,,,36.46 N,129.47 E,경북 영덕군 동북동쪽 11km 해역
2007-08-30 16:12:57,2.9,,,38.69 N,125.64 E,북한 황해북도 송림 남쪽 5km 지역
2007-08-18 15:09:35,2.5,,,35.99 N,125.78 E,전북 군산시 어청도 남서쪽 23km 해역
2007-08-12 04:52:31,2.1,,,36.05 N,127.74 E,충북 영동군 남남서쪽 14km 지역
2007-08-07 18:39:49,2.4,,,37.23 N,128.80 E,강원 정선군 남동쪽 20km 지역
2007-07-27 01:37:08,2.1,,,39.16 N,126.65 E,북한 평안남도 양덕 남남동쪽 6km 지역
2007-07-22 13:49:27,2.6,,,36.88 N,126.66 E,충남 당진군 동남동쪽 3km 지역
2007-07-19 21:01:12,2.2,,,37.08 N,129.01 E,강원 태백시 남남동쪽 9km 지역
2007-07-08 19:28:31,2.2,,,37.37 N,129.66 E,강원 삼척시 동남동쪽 44km 해역
2007-06-26 00:01:23,2.2,,,35.61 N,130.15 E,울산 동구 동쪽 67km 해역
2007-05-28 00:51:58,2.1,,,35.23 N,128.57 E,경남 마산시 북쪽 4km 지역
2007-05-26 19:59:26,2.5,,,36.10 N,125.05 E,충남 태안군 서격렬비열도 남서쪽 70km 해역
2007-05-19 07:53:25,2.4,,,36.57 N,129.00 E,경북 청송군 북북서쪽 16km 지역
2007-05-16 04:56:08,2.5,,,35.72 N,129.22 E,경북 경주시 남쪽 13km 지역
2007-05-13 16:22:47,2.2,,,35.92 N,128.01 E,경북 김천시 남남서쪽 25km 지역
2007-05-11 05:51:51,2.1,,,35.55 N,129.91 E,울산 동구 동쪽 45km 해역
2007-05-03 18:24:01,2.1,,,36.60 N,127.83 E,경북 상주시 북서쪽 36km 지역
2007-05-03 12:24:07,2.2,,,36.13 N,127.85 E,충북 영동군 남동쪽 7km 지역
2007-04-25 08:36:40,2.0,,,36.94 N,126.53 E,충남 당진군 서북서쪽 11km 지역
2007-04-01 22:16:04,2.3,,,38.58 N,125.63 E,북한 황해북도 사리원 북서쪽 14km 지역
2007-03-28 02:47:15,2.8,,,38.64 N,125.60 E,북한 황해북도 송림 남남서쪽 11km 해역
2007-03-15 05:30:12,2.9,,,36.18 N,127.97 E,충북 영동군 동쪽 17km 지역
2007-03-10 18:18:41,2.0,,,37.21 N,128.85 E,강원 정선군 남동쪽 25km 지역
2007-02-06 00:35:03,2.2,,,34.97 N,129.68 E,부산 기장군 남동쪽 52km 해역
2007-01-24 16:31:56,2.4,,,38.62 N,125.59 E,북한 황해북도 송림 남남서쪽 13km 지역
2007-01-20 20:56:53,4.8,,,37.68 N,128.59 E,강원 평창군 북북동쪽 39km 지역
2007-01-19 09:06:23,2.0,,,37.69 N,128.57 E,강원 평창군 북북동쪽 39km 지역
2007-01-06 05:47:16,2.4,,,39.11 N,127.98 E,북한 강원 원산 동쪽 48km 해역
2008-12-29 05:51:16,2.2,,,35.67 N,126.34 E,전북 부안군 서쪽 36km 해역
2008-12-19 21:53:49,2.2,,,37.36 N,129.83 E,경북 울진군 북동쪽 56km 해역
2008-12-19 17:53:39,3.5,,,36.49 N,129.68 E,경북 영덕군 동북동쪽 29km 해역
2008-12-18 23:38:13,2.3,,,36.47 N,129.66 E,경북 영덕군 동북동쪽 27km 해역
2008-12-11 19:31:20,2.7,,,40.38 N,126.87 E,북한 자강도 용림 남남동쪽 14km 지역
2008-12-08 08:49:43,2.4,,,35.14 N,124.62 E,전남 신안군 흑산면 북서쪽 95km 해역
2008-12-07 18:02:14,2.3,,,37.79 N,125.02 E,북한 황해남도 옹진 서남서쪽 34km 해역
2008-12-07 02:28:07,2.4,,,36.45 N,129.56 E,경북 영덕군 동북동쪽 18km 해역
2008-11-11 23:37:54,2.5,,,38.56 N,125.66 E,북한 황해북도 사리원 북서쪽 11km 지역
2008-11-11 21:30:02,3.0,,,38.55 N,125.67 E,북한 황해북도 사리원 서북서쪽 9km 지역
2008-11-11 21:20:53,3.0,,,38.54 N,125.65 E,북한 황해북도 사리원 서북서쪽 10km 지역
2008-11-05 18:12:31,2.3,,,37.07 N,129.11 E,경북 봉화군 동북동쪽 38km 지역
2008-10-29 09:26:14,3.4,,,36.35 N,127.25 E,충남 공주시 남동쪽 15km 지역
2008-10-08 11:04:34,2.1,,,38.12 N,127.11 E,경기 연천군 북동쪽 4km 지역
2008-09-20 11:24:01,2.8,,,34.11 N,125.02 E,전남 신안군 흑산면 남서쪽 73km 해역
2008-09-13 12:05:08,2.5,,,35.60 N,126.99 E,전북 정읍시 동북동쪽 12km 지역
2008-09-11 10:46:10,2.4,,,38.08 N,127.12 E,경기 연천군 동남동쪽 4km 지역
2008-09-08 15:35:05,2.6,,,34.57 N,128.25 E,경남 통영시 남남서쪽 36km 해역
2008-09-04 00:44:29,3.0,,,35.13 N,125.04 E,전남 신안군 흑산면 북서쪽 66km 해역
2008-08-20 14:45:26,2.2,,,35.72 N,125.69 E,전북 군산시 어청도 남남서쪽 52km 해역
2008-07-27 21:48:48,2.2,,,34.45 N,128.08 E,경남 남해군 남남동쪽 46km 해역
2008-07-27 17:13:18,2.4,,,39.40 N,126.03 E,북한 평안남도 평성 북동쪽 23km 지역
2008-07-23 19:29:57,3.2,,,34.49 N,128.04 E,경남 남해군 남남동쪽 41km 해역
2008-07-22 23:11:26,2.5,,,35.31 N,129.74 E,울산 동구 남동쪽 36km 해역
2008-07-04 20:48:45,2.5,,,39.30 N,127.19 E,북한 함경남도 고원 남남서쪽 15km 지역
2008-07-04 19:39:10,2.1,,,39.26 N,127.22 E,북한 함경남도 고원 남쪽 18km 지역
2008-07-01 16:32:50,2.3,,,35.54 N,128.82 E,경남 밀양시 북동쪽 8km 지역
2008-06-30 03:34:07,2.3,,,35.10 N,124.66 E,전남 신안군 흑산면 북서쪽 89km 해역
2008-06-21 23:30:12,2.2,,,35.57 N,128.60 E,경남 밀양시 북서쪽 17km 지역
2008-05-31 21:59:30,4.2,,,33.50 N,125.69 E,제주 제주시 서쪽 78km 해역
2008-05-26 11:01:06,2.6,,,35.85 N,130.01 E,경북 포항시 남구 동남동쪽 61km 해역
2008-03-27 16:29:21,2.8,,,37.78 N,126.40 E,인천 강화군 서북서쪽 9km 지역
2008-03-21 23:57:29,2.7,,,35.15 N,124.57 E,전남 신안군 흑산면 북서쪽 99km 해역
2008-03-15 01:38:01,2.0,,,38.11 N,127.10 E,경기 연천군 북동쪽 3km 지역
2008-03-09 18:07:10,2.2,,,38.75 N,125.84 E,북한 황해북도 송림 동쪽 18km 지역
2008-03-08 18:05:00,2.0,,,35.66 N,128.80 E,경북 청도군 동북동쪽 6km 지역
2008-02-29 15:53:00,3.2,,,38.75 N,126.23 E,북한 황해북도 신계 북서쪽 38km 지역
2008-02-29 05:37:53,2.4,,,33.57 N,126.54 E,제주 제주시 북쪽 8km 해역
2008-02-26 23:22:48,2.5,,,35.97 N,126.56 E,전북 군산시 서쪽 14km 해역
2008-02-26 09:10:58,2.6,,,37.95 N,124.85 E,인천 백령도 동쪽 15km 해역
2008-02-23 18:19:39,2.2,,,35.82 N,129.33 E,경북 경주시 동쪽 11km 지역
2008-02-05 10:06:12,2.3,,,38.41 N,125.90 E,북한 황해북도 사리원 남동쪽 16km 지역
2008-01-16 19:58:00,3.9,,,35.65 N,125.37 E,전북 군산시 어청도 남서쪽 75km 해역
2008-01-14 18:03:14,2.2,,,36.19 N,127.54 E,충남 금산군 북북동쪽 10km 지역
2008-01-10 22:51:55,2.2,,,35.09 N,125.06 E,전남 신안군 흑산면 북서쪽 62km 해역
2008-01-01 06:33:38,3.2,,,40.41 N,127.25 E,북한 함경남도 장진 북북동쪽 3km 지역
2009-12-26 10:55:50,2.2,,,37.87 N,124.91 E,북한 황해남도 용연 남쪽 32km 해역
2009-12-15 09:02:13,2.4,,,36.76 N,127.10 E,충남 아산시 동남동쪽 9km 지역
2009-12-15 07:19:53,2.3,,,38.80 N,125.94 E,북한 황해북도 송림 동북동쪽 27km 지역
2009-12-11 13:13:31,2.8,,,33.69 N,125.64 E,전남 신안군 가거도 남동쪽 62km 해역
2009-12-04 05:14:53,2.8,,,36.72 N,128.55 E,경북 예천군 북동쪽 11km 지역
2009-11-27 10:34:40,2.4,,,37.69 N,129.58 E,강원 동해시 동북동쪽 44km 해역
2009-11-17 05:38:49,2.3,,,36.07 N,126.95 E,전북 익산시 북쪽 14km 지역
2009-11-14 21:27:57,2.5,,,34.81 N,127.93 E,경남 남해군 남동쪽 4km 지역
2009-11-14 05:28:42,2.4,,,35.66 N,126.91 E,전북 정읍시 북동쪽 14km 지역
2009-11-05 04:31:26,2.7,,,38.42 N,124.87 E,북한 황해남도 장연 서북서쪽 50km 해역
2009-10-16 13:12:24,2.3,,,33.40 N,127.29 E,제주 서귀포시 성산 동쪽 38km 해역
2009-10-04 12:00:06,2.5,,,39.38 N,126.05 E,북한 평안남도 평성 북북동쪽 17km 지역
2009-10-01 21:30:05,2.9,,,38.12 N,126.02 E,북한 황해남도 해주 동북동쪽 28km 지역
2009-08-25 23:08:29,2.4,,,37.68 N,124.68 E,인천 백령도 남쪽 30km 해역
2009-08-21 23:02:22,3.8,,,38.82 N,125.79 E,북한 황해북도 송림 북동쪽 16km 지역
2009-08-17 15:24:22,2.4,,,36.54 N,129.60 E,경북 영덕군 북동쪽 24km 해역
2009-08-15 03:18:12,2.6,,,36.52 N,129.61 E,경북 영덕군 북동쪽 23km 해역
2009-07-30 09:27:37,2.6,,,35.85 N,126.29 E,전북 부안군 위도 북쪽 27km 해역
2009-07-17 13:14:05,2.5,,,38.45 N,126.15 E,북한 황해북도 평산 서북서쪽 25km 지역
2009-07-15 04:04:49,3.0,,,35.14 N,125.10 E,전남 신안군 흑산면 북북서쪽 61km 해역
2009-07-01 08:55:04,2.6,,,37.84 N,124.94 E,북한 황해남도 용연 남쪽 36km 해역
2009-06-29 11:52:53,2.7,,,37.14 N,126.00 E,인천 옹진군 덕적도 서남서쪽 16km 해역
2009-06-28 22:07:48,3.0,,,35.78 N,128.29 E,경북 고령군 북북동쪽 7km 지역
2009-06-25 13:05:58,2.2,,,39.43 N,126.11 E,북한 평안남도 성천 서북서쪽 15km 지역
2009-06-20 21:14:52,2.2,,,38.03 N,126.62 E,북한 개성 북동쪽 8km 지역
2009-06-20 04:05:50,2.9,,,37.09 N,124.74 E,충남 태안군 서격렬비도 북서쪽 89km 해역
2009-06-06 01:56:38,2.4,,,35.09 N,125.06 E,전남 신안군 흑산면 북서쪽 62km 해역
2009-06-06 00:49:42,2.8,,,38.63 N,127.44 E,북한 강원 회양 서남서쪽 16km 지역
2009-06-03 20:09:38,2.9,,,38.57 N,126.50 E,북한 황해북도 신계 북북서쪽 9km 지역
2009-06-03 15:56:02,2.4,,,33.19 N,126.33 E,제주 서귀포시 서남서쪽 18km 해역
2009-05-31 15:24:07,2.3,,,38.60 N,126.43 E,북한 황해북도 신계 북서쪽 14km 지역
2009-05-31 00:10:58,2.5,,,33.52 N,125.85 E,제주 제주시 서쪽 63km 해역
2009-05-26 18:59:02,2.2,,,36.57 N,129.22 E,경북 영양군 남동쪽 14km 지역
2009-05-25 18:12:30,2.4,,,36.95 N,129.33 E,경북 울진군 남서쪽 8km 지역
2009-05-15 22:41:31,2.4,,,36.59 N,126.41 E,충남 태안군 남남동쪽 20km 해역
2009-05-14 20:50:12,2.2,,,36.25 N,127.13 E,충남 논산시 북쪽 11km 지역
2009-05-02 12:28:29,2.9,,,36.57 N,128.71 E,경북 안동시 서북서쪽 2km 지역
2009-05-02 07:58:28,4.0,,,36.56 N,128.71 E,경북 안동시 서남서쪽 2km 지역
2009-04-29 12:15:42,2.9,,,33.43 N,127.36 E,제주 서귀포시 성산 동쪽 45km 해역
2009-04-21 17:44:57,2.0,,,35.45 N,128.21 E,경남 의령군 북북서쪽 15km 지역
2009-04-18 20:19:01,2.5,,,33.39 N,127.07 E,제주 서귀포시 성산 동쪽 18km 해역
2009-04-14 04:51:33,2.5,,,38.45 N,125.65 E,북한 황해북도 사리원 서남서쪽 11km 지역
2009-04-02 20:28:00,3.0,,,37.60 N,125.95 E,인천 강화군 서남서쪽 50km 해역
2009-03-30 05:58:17,2.3,,,36.21 N,128.08 E,경북 김천시 북쪽 8km 지역
2009-03-26 22:21:25,2.9,,,38.11 N,127.13 E,경기 연천군 동쪽 3km 지역
2009-03-26 02:32:14,2.3,,,33.38 N,127.14 E,제주 서귀포시 성산 동쪽 24km 해역
2009-03-02 14:20:26,3.4,,,37.08 N,124.65 E,충남 태안군 서격렬비도 북서쪽 95km 해역
2009-02-26 20:53:04,2.2,,,36.94 N,129.36 E,경북 울진군 남서쪽 7km 지역
2009-02-26 15:03:55,2.7,,,35.03 N,129.59 E,부산 기장군 남동쪽 41km 해역
2009-02-23 21:47:16,2.8,,,37.13 N,126.01 E,인천 옹진군 덕적도 남서쪽 15km 해역
2009-02-19 00:01:39,2.3,,,39.72 N,126.89 E,북한 함경남도 요덕 북북동쪽 9km 지역
2009-02-15 22:41:57,3.0,,,35.76 N,125.71 E,전북 군산시 어청도 남남서쪽 47km 해역
2009-02-15 12:57:05,2.3,,,35.85 N,127.72 E,전북 무주군 남남동쪽 18km 지역
2009-02-12 17:46:16,3.2,,,35.26 N,127.44 E,전남 구례군 동쪽 7km 지역
2009-01-13 19:07:01,3.0,,,36.47 N,129.64 E,경북 영덕군 동쪽 22km 해역
2009-01-09 20:53:22,3.2,,,38.73 N,125.82 E,북한 황해북도 사리원 북북동쪽 22km 지역
2009-01-05 02:59:59,2.1,,,33.47 N,127.31 E,제주 서귀포시 성산 동북동쪽 41km 해역
2009-01-02 08:15:53,2.2,,,33.94 N,127.67 E,전남 고흥군 남남동쪽 82km 해역
2009-01-01 15:58:10,2.5,,,36.50 N,129.08 E,경북 청송군 북북동쪽 7km 지역
2009-01-01 06:45:35,2.1,,,36.31 N,128.35 E,경북 구미시 북쪽 22km 지역
2010-12-20 06:56:06,2.2,,,36.93 N,125.50 E,충남 태안군 서격렬비도 북북서쪽 35km 해역
2010-12-19 09:11:26,2.6,,,37.31 N,129.38 E,강원 삼척시 남동쪽 24km 해역
2010-11-28 10:15:27,2.3,,,35.18 N,127.02 E,전남 담양군 남쪽 16km 지역
2010-11-27 07:51:36,2.8,,,35.95 N,129.79 E,경북 포항시 남구 동쪽 39km 해역
2010-11-20 00:07:17,2.7,,,36.83 N,126.76 E,충남 당진시 동남동쪽 13km 지역
2010-11-07 20:11:39,2.8,,,40.15 N,128.28 E,북한 함경남도 북청 서북서쪽 11km 지역
2010-10-25 12:36:57,2.5,,,34.29 N,127.39 E,전남 여수시 거문도 북북동쪽 30km 지역
2010-10-23 23:43:44,2.4,,,39.77 N,126.70 E,북한 함경남도 요덕 북서쪽 19km 지역
2010-10-22 11:59:11,2.5,,,35.85 N,128.18 E,경북 성주군 남서쪽 12km 지역
2010-10-14 18:06:23,2.3,,,37.14 N,129.73 E,경북 울진군 동북동쪽 33km 해역
2010-10-07 02:33:40,2.8,,,35.87 N,129.79 E,경북 포항시 남구 동남동쪽 41km 해역
2010-10-04 23:24:14,2.8,,,37.67 N,129.70 E,강원 삼척시 동북동쪽 53km 해역
2010-09-30 02:07:36,2.5,,,33.41 N,127.34 E,제주 제주시 동남동쪽 67km 해역
2010-09-06 19:32:43,2.8,,,36.56 N,129.01 E,경북 청송군 북북서쪽 15km 지역
2010-08-28 07:35:52,3.2,,,32.90 N,126.27 E,제주 제주시 고산 남남동쪽 45km 해역
2010-08-24 03:59:44,2.5,,,38.71 N,125.90 E,북한 황해북도 송림 동쪽 23km 지역
2010-07-27 18:32:41,2.2,,,36.34 N,127.26 E,충남 공주시 남동쪽 17km 지역
2010-07-06 03:44:13,2.3,,,36.47 N,127.13 E,충남 공주시 북북동쪽 3km 지역
2010-06-28 12:19:00,2.1,,,38.75 N,126.03 E,북한 황해북도 송림 동쪽 34km 지역
2010-06-26 04:59:09,2.7,,,32.35 N,125.88 E,제주 서귀포시 이어도 동북동쪽 70km 해역
2010-06-22 22:21:02,2.6,,,38.46 N,125.64 E,북한 황해북도 사리원 서남서쪽 12km 지역
2010-06-11 13:02:08,2.1,,,38.78 N,126.07 E,북한 황해북도 송림 동쪽 38km 지역
2010-05-26 15:22:16,2.4,,,37.60 N,129.68 E,강원 삼척시 동북동쪽 48km 해역
2010-05-15 14:44:59,2.2,,,36.00 N,127.84 E,전북 무주군 동쪽 16km 지역
2010-04-28 14:42:00,2.1,,,36.55 N,128.71 E,경북 안동시 남서쪽 3km 지역
2010-04-27 19:29:16,2.3,,,36.80 N,128.75 E,경북 안동시 북쪽 26km 지역
2010-04-16 19:56:11,2.2,,,38.78 N,126.01 E,북한 황해북도 송림 동쪽 29km 지역
2010-04-13 02:14:21,2.5,,,34.02 N,125.44 E,전남 신안군 흑산면 남쪽 70km 해역
2010-04-12 01:18:27,2.2,,,34.12 N,125.66 E,전남 신안군 흑산면 남남동쪽 61km 해역
2010-04-04 12:49:50,2.3,,,38.51 N,126.06 E,북한 황해북도 사리원 동쪽 26km 지역
2010-03-09 12:50:14,3.2,,,36.42 N,125.75 E,충남 태안군 서격렬비열도 남동쪽 28km 해역
2010-03-01 21:58:03,2.2,,,38.41 N,125.62 E,북한 황해남도 안악 남동쪽 15km 지역
2010-02-22 23:29:30,3.0,,,33.29 N,127.17 E,제주 서귀포시 동쪽 61km 해역
2010-02-21 21:17:01,2.3,,,36.75 N,127.10 E,충남 천안시 남서쪽 8km 지역
2010-02-16 18:53:32,3.3,,,35.63 N,129.95 E,울산 동구 동북동쪽 64km 해역
2010-02-09 18:08:14,3.0,,,37.45 N,126.80 E,경기 시흥시 북쪽 8km 지역
2010-02-03 20:57:07,2.6,,,33.33 N,127.19 E,제주 서귀포시 성산 동남동쪽 29km 해역
2010-02-01 06:42:17,2.4,,,33.34 N,127.18 E,제주 서귀포시 성산 동쪽 28km 해역
2010-02-01 05:00:12,2.3,,,33.30 N,127.14 E,제주 서귀포시 성산 동남동쪽 26km 해역
2010-01-23 17:54:13,2.1,,,36.59 N,128.17 E,경북 상주시 북쪽 20km 지역
2010-01-10 11:58:08,2.1,,,38.80 N,126.07 E,북한 평양 남동쪽 37km 지역
2010-01-05 20:12:11,2.6,,,36.97 N,126.52 E,충남 당진군 북서쪽 13km 지역
2011-12-27 21:57:17,3.3,,,36.86 N,129.94 E,경북 울진군 동남동쪽 50km 해역
2011-12-25 00:01:25,2.3,,,37.12 N,128.99 E,강원 태백시 남쪽 5km 지역
2011-12-14 15:39:56,2.0,,,37.97 N,125.82 E,북한 황해남도 해주 남동쪽 12km 지역
2011-11-30 00:37:34,2.5,,,35.98 N,126.53 E,전북 군산시 서쪽 17km 해역
2011-11-26 04:03:56,2.2,,,34.23 N,127.67 E,전남 여수시 거문도 북동쪽 40km 해역
2011-11-02 07:20:24,3.0,,,35.54 N,130.65 E,울산 동구 동쪽 111km 해역
2011-10-07 19:04:30,2.7,,,33.34 N,127.19 E,제주 서귀포시 성산 동쪽 29km 해역
2011-09-28 13:20:04,2.6,,,38.48 N,126.26 E,북한 황해북도 평산 북서쪽 20km 지역
2011-09-26 22:12:19,3.3,,,34.58 N,128.12 E,경남 남해군 남동쪽 36km 해역
2011-09-25 12:59:31,2.6,,,35.58 N,125.90 E,전북 부안군 위도 서쪽 36km 해역
2011-09-21 23:59:25,2.6,,,35.91 N,125.21 E,전북 군산시 어청도 서남서쪽 72km 해역
2011-09-08 01:56:39,3.2,,,38.82 N,126.00 E,북한 황해북도 사리원 북동쪽 19km 지역
2011-08-31 19:39:36,2.6,,,35.70 N,129.75 E,울산 동구 북동쪽 37km 해역
2011-08-20 13:22:53,2.2,,,38.46 N,127.83 E,북한 강원 회양 남동쪽 34km 지역
2011-08-20 06:57:48,3.0,,,37.50 N,124.46 E,인천 백령도 남남서쪽 54km 해역
2011-08-15 06:10:40,3.2,,,38.47 N,125.63 E,북한 황해북도 사리원 서남서쪽 12km 지역
2011-08-09 12:11:04,2.5,,,35.66 N,129.76 E,울산 동구 동북동쪽 35km 해역
2011-07-28 11:28:43,2.2,,,35.90 N,129.70 E,경북 포항시 남구 동남동쪽 35km 해역
2011-07-27 14:38:17,2.8,,,36.55 N,129.56 E,경북 영덕군 북동쪽 23km 해역
2011-07-19 14:54:50,2.4,,,37.89 N,124.67 E,인천 백령도 남쪽 7km 해역
2011-07-13 04:05:34,2.1,,,35.91 N,128.39 E,경북 성주군 동쪽 9km 지역
2011-07-05 02:13:28,2.3,,,38.58 N,126.36 E,북한 황해북도 신계 서북서쪽 18km 지역
2011-06-27 14:11:38,2.9,,,35.52 N,126.14 E,전북 부안군 위도 서남서쪽 17km 해역
2011-06-17 16:57:01,2.4,,,37.90 N,124.81 E,인천 백령도 동남동쪽 13km 해역
2011-06-17 16:38:33,4.0,,,37.89 N,124.81 E,인천 백령도 동남동쪽 13km 해역
2011-06-16 08:13:43,2.8,,,33.62 N,127.27 E,제주 서귀포시 성산 북동쪽 44km 해역
2011-06-15 14:21:49,3.7,,,33.71 N,127.81 E,전남 여수시 거문도 남동쪽 58km 해역
2011-06-09 15:13:37,2.6,,,35.91 N,129.70 E,경북 포항시 남구 동남동쪽 32km 해역
2011-06-08 14:21:39,3.0,,,35.08 N,125.30 E,전남 신안군 흑산면 북북서쪽 50km 해역
2011-06-05 22:53:35,2.5,,,36.05 N,127.53 E,충남 금산군 남남동쪽 7km 지역
2011-06-02 10:50:18,2.9,,,36.70 N,127.94 E,경북 문경시 서북서쪽 26km 지역
2011-06-02 08:09:57,2.9,,,33.59 N,127.26 E,제주 서귀포시 성산 동북동쪽 42km 해역
2011-05-29 10:22:50,3.2,,,35.58 N,128.75 E,경북 청도군 남쪽 8km 지역
2011-05-28 15:41:50,2.5,,,35.93 N,129.69 E,경북 포항시 남구 동남동쪽 31km 해역
2011-05-25 18:29:46,2.3,,,33.61 N,127.28 E,제주 서귀포시 성산 동북동쪽 31km 해역
2011-05-11 21:08:58,2.2,,,39.33 N,126.22 E,북한 평안남도 성천 북쪽 10km 지역
2011-04-24 16:37:30,3.1,,,37.85 N,125.01 E,인천 백령도 동남동쪽 31km 해역
2011-04-11 23:48:19,2.8,,,39.13 N,125.87 E,북한 평안남도 평성 남쪽 12km 지역
2011-04-11 06:11:51,3.1,,,37.72 N,129.07 E,강원 강릉시 동남동쪽 16km 해역
2011-04-03 01:47:39,2.7,,,35.77 N,128.53 E,대구 달성군 남남서쪽 7km 지역
2011-03-28 13:50:29,3.2,,,35.97 N,129.95 E,경북 포항시 북구 동쪽 53km 해역
2011-03-24 04:35:12,2.8,,,36.34 N,127.83 E,충북 옥천군 동쪽 23km 지역
2011-03-14 14:47:11,2.9,,,34.62 N,126.10 E,전남 신안군 남서쪽 31km 해역
2011-03-13 03:12:03,2.3,,,37.50 N,125.33 E,인천 옹진군 연평도 서남서쪽 38km 해역
2011-03-12 08:15:36,2.6,,,37.00 N,125.27 E,충남 태안군 서격렬비도 북북서쪽 50km 해역
2011-03-11 09:57:56,2.5,,,38.51 N,127.57 E,북한 강원 회양 남쪽 22km 지역
2011-03-06 11:04:40,2.9,,,38.66 N,125.67 E,북한 황해북도 송림 남남동쪽 9km 지역
2011-02-27 18:50:50,3.5,,,33.65 N,125.90 E,제주 제주시 고산 북북서쪽 47km 해역
2011-02-11 19:21:27,2.2,,,37.19 N,129.06 E,강원 삼척시 남남서쪽 30km 지역
2011-01-26 22:15:54,2.7,,,33.40 N,127.33 E,제주 서귀포시 성산 동쪽 42km 해역
2011-01-21 10:56:47,2.2,,,33.70 N,127.38 E,전남 여수시 거문도 남쪽 37km 해역
2011-01-04 01:22:07,2.0,,,36.41 N,127.15 E,충남 공주시 남동쪽 4km 지역
2012-12-19 15:05:02,2.2,14,,35.72 N,127.22 E,전북 완주군 남남동쪽 21km 지역
2012-11-22 03:04:54,3.0,15,,35.22 N,127.97 E,경남 진주시 서북서쪽 11km 지역
2012-10-17 14:37:41,2.5,-,,37.54 N,124.84 E,인천 백령도 남남동쪽 48km 해역
2012-10-01 06:51:24,2.4,-,,36.73 N,128.40 E,경북 예천군 북북서쪽 10km 지역
2012-09-28 19:36:35,2.1,15,,36.41 N,128.73 E,경북 의성군 북북동쪽 7km 지역
2012-09-27 22:24:47,2.7,19,,35.40 N,126.08 E,전북 부안군 위도 남서쪽 30km 해역
2012-09-24 09:59:10,2.5,-,,38.73 N,125.48 E,북한 남포 남동쪽 4km 지역
2012-09-20 02:43:45,2.4,-,,35.61 N,129.82 E,울산 동구 동북동쪽 38km 해역
2012-09-19 14:52:11,2.2,-,,34.66 N,128.75 E,경남 통영시 매물도 동쪽 16km 해역
2012-09-19 14:49:25,2.1,13,,34.71 N,128.72 E,경남 통영시 매물도 동북동쪽 15km 해역
2012-09-18 05:39:02,2.7,5,,33.53 N,125.81 E,제주 제주시 고산 북서쪽 42km 해역
2012-09-10 22:06:02,2.1,13,,35.82 N,129.41 E,경북 경주시 동쪽 18km 지역
2012-09-07 02:34:46,3.1,10,,36.40 N,127.25 E,충남 공주시 동남동쪽 12km 지역
2012-08-18 18:06:41,2.2,-,,36.20 N,125.26 E,충남 태안군 서격렬비도 남남서쪽 51km 해역
2012-08-13 00:54:08,2.2,14,,36.84 N,128.68 E,경북 영주시 북동쪽 6km 지역
2012-08-10 21:25:13,2.6,16,,35.82 N,128.39 E,경북 고령군 북동쪽 16km 지역
2012-07-29 03:22:12,2.7,8,,32.85 N,126.02 E,제주 제주시 고산 남남서쪽 51km 해역
2012-07-26 19:24:58,3.4,-,,37.98 N,125.45 E,북한 황해남도 옹진 북동쪽 10km 지역
2012-07-22 12:04:41,2.3,19,,34.69 N,126.60 E,전남 영암군 남서쪽 15km 지역
2012-07-14 02:38:27,2.6,-,,33.78 N,124.97 E,전남 신안군 가거도 남남서쪽 34km 해역
2012-07-11 19:33:13,2.1,-,,36.87 N,125.28 E,충남 태안군 서격렬비도 북서쪽 38km 해역
2012-07-11 19:27:30,2.5,-,,36.90 N,125.27 E,충남 태안군 서격렬비도 북서쪽 41km 해역
2012-07-09 08:59:14,2.4,15,,35.32 N,128.71 E,경남 창원시 북북동쪽 11km지역
2012-07-08 09:43:29,2.5,17,,35.72 N,129.35 E,경북 경주시 남동쪽 18km 지역
2012-07-03 09:42:07,2.2,5,,37.19 N,129.08 E,강원 삼척시 남남서쪽 30km 지역
2012-06-24 01:20:47,2.1,-,,37.53 N,124.56 E,인천 백령도 남남서쪽 48km 해역
2012-06-23 16:42:52,2.6,-,,36.70 N,128.31 E,경북 문경시 북동쪽 17km 지역
2012-06-19 20:55:24,3.1,25,,33.48 N,125.93 E,제주 제주시 고산 북서쪽 30km 해역
2012-06-14 06:15:19,2.1,-,,39.72 N,126.92 E,북한 함경남도 요덕 북동쪽 10km지역
2012-06-12 17:52:08,2.2,15,,35.87 N,128.67 E,대구 수성구 동북동쪽 4km 지역
2012-06-12 13:34:37,2.4,5,,37.33 N,125.27 E,인천 옹진군 연평도 남서쪽 53km 해역
2012-06-12 09:01:26,2.1,-,,38.77 N,125.72 E,북한 황해북도 송림 동북동쪽 8km 지역
2012-06-12 03:42:32,2.1,20,,36.32 N,127.51 E,충북 옥천군 서북서쪽 6km 지역
2012-06-05 08:18:41,2.1,-,,38.43 N,126.16 E,북한 황해북도 평산 서북서쪽 23km 지역
2012-06-01 12:05:43,2.6,13,,37.12 N,125.96 E,인천 옹진군 덕적도 서남서쪽 20km 해역
2012-06-01 08:09:37,2.3,19,,35.92 N,127.61 E,전북 무주군 남남서쪽 10km 지역
2012-05-30 02:48:11,3.4,17,,36.57 N,129.57 E,경북 영덕군 북동쪽 25km 해역
2012-05-16 17:50:15,2.7,23,,36.23 N,128.49 E,경북 군위군 서쪽 8km 지역
2012-05-15 11:05:12,2.9,19,,35.92 N,129.62 E,경북 포항시 남구 동남동쪽 25km 해역
2012-05-11 12:46:04,3.9,8,,36.02 N,127.71 E,전북 무주군 동북동쪽 5km 지역
2012-05-02 05:04:58,2.1,8,,35.77 N,126.81 E,전북 김제시 서남서쪽 7km 지역
2012-05-02 01:33:17,3.4,13,,33.69 N,126.04 E,제주 제주시 고산 북북서쪽 46km 해역
2012-04-20 21:11:02,3.1,21,,33.43 N,127.26 E,제주 서귀포시 성산 동쪽 36km 해역
2012-04-17 13:31:07,2.6,12,,35.72 N,126.51 E,전북 부안군 서쪽 20km 해역
2012-03-30 14:51:51,2.3,20,,36.49 N,127.91 E,경북 상주시 서북서쪽 24km 지역
2012-03-29 00:26:53,2.2,14,,35.34 N,125.95 E,전북 부안군 위도 남서쪽 43km 해역
2012-03-18 09:21:03,2.5,-,,36.90 N,130.24 E,경북 울진군 동쪽 75km 해역
2012-02-27 00:26:26,2.5,21,,35.15 N,129.85 E,울산 동구 남동쪽 55km 해역
2012-02-24 09:05:32,3.2,12,,35.20 N,129.93 E,울산 동구 남동쪽 57km 해역
2012-02-24 00:54:55,2.4,18,,35.13 N,129.85 E,울산 동구 남동쪽 57km 해역
2012-02-21 22:30:56,2.5,19,,35.13 N,129.80 E,부산 기장군 동남동쪽 54km 해역
2012-02-19 20:21:29,2.7,17,,35.13 N,129.89 E,울산 동구 남동쪽 59km 해역
2012-01-24 02:41:53,2.2,15,,37.12 N,125.96 E,인천 옹진군 덕적도 서남서쪽 20km 해역
2012-01-19 15:43:00,2.7,13,,38.51 N,126.23 E,북한 황해북도 평산 북서쪽 24km 지역
2012-01-16 03:03:54,2.2,17,,36.79 N,128.75 E,경북 안동시 북쪽 25km 지역
2012-01-01 19:40:31,2.0,-,,39.02 N,125.82 E,북한 평양 동쪽 6km 지역
2013-12-19 12:38:25,2.9,-,,38.11 N,127.11 E,경기 연천군 동북동쪽 3km 지역
2013-12-13 11:40:10,2.5,11,,36.10 N,129.04 E,경북 영천시 북북동쪽 17km 지역
2013-12-08 16:38:25,2.8,-,,33.44 N,125.09 E,제주 제주시 고산 서쪽 101km 해역
2013-12-04 06:28:06,2.4,-,,38.71 N,125.69 E,북한 황해북도 송림 동남동쪽 6km 지역
2013-12-03 21:00:39,2.5,13,,35.64 N,128.72 E,경북 청도군 서남서쪽 2km 지역
2013-12-02 20:02:58,2.8,8,,38.56 N,126.10 E,북한 황해북도 사리원 동북동쪽 30km 지역
2013-11-26 02:26:02,2.1,12,,37.12 N,128.11 E,충북 제천시 서남서쪽 10km 지역
2013-11-22 23:29:17,2.1,10,,36.99 N,126.40 E,충남 서산시 북북서쪽 24km 지역
2013-11-20 21:07:11,2.1,10,,38.47 N,126.17 E,북한 황해북도 평산 북서쪽 25km 지역
2013-11-16 22:32:45,2.1,5,,38.51 N,125.66 E,북한 황해북도 사리원 서쪽 9km 지역
2013-11-10 16:28:54,2.0,-,,37.66 N,124.67 E,인천 옹진군 백령도 남쪽 33km 해역
2013-11-08 21:02:41,3.0,18,,36.24 N,126.36 E,충남 보령시 서남서쪽 25km 해역
2013-11-08 19:14:44,2.6,21,,36.23 N,126.36 E,충남 보령시 서남서쪽 25km 해역
2013-10-26 06:47:39,2.7,8,,37.96 N,124.61 E,인천 옹진군 백령도 서쪽 6km 해역
2013-10-19 00:16:27,2.0,8,,35.96 N,128.06 E,경북 김천시 남쪽 20km 지역
2013-10-11 16:06:25,3.6,16,,36.46 N,129.61 E,경북 영덕군 동북동쪽 22km 해역
2013-10-10 13:08:11,2.6,8,,35.36 N,128.23 E,경남 의령군 북서쪽 5km 지역
2013-09-15 13:16:36,2.3,16,,36.55 N,129.23 E,경북 영양군 남동쪽 16km 지역
2013-09-14 17:33:35,2.2,21,,36.20 N,126.16 E,충남 보령시 서남서쪽 43km 해역
2013-09-11 13:00:31,4.0,14,,33.56 N,125.39 E,전남 신안군 가거도 남남동쪽 60km 해역
2013-08-29 08:35:23,2.5,24,,38.19 N,129.30 E,강원 강릉시 북동쪽 60km 해역
2013-08-13 00:36:47,3.0,14,,36.91 N,129.44 E,경북 울진군 남남동쪽 10km 해역
2013-08-13 00:01:30,2.1,16,,36.92 N,129.44 E,경북 울진군 남남동쪽 8km 해역
2013-08-12 04:39:34,2.3,16,,35.66 N,129.77 E,울산 동구 동북동쪽 36km 해역
2013-08-12 04:33:48,3.1,22,,35.66 N,129.75 E,울산 동구 동북동쪽 35km 해역
2013-08-11 04:19:36,2.3,-,,38.48 N,126.13 E,북한 황해북도 평산 북서쪽 28km 지역
2013-08-10 12:43:18,2.6,11,,35.90 N,129.75 E,경북 포항시 남구 동남동쪽 37km 해역
2013-08-07 21:08:46,2.0,-,,36.19 N,126.08 E,충남 보령시 서남서쪽 50km 해역
2013-08-04 19:58:28,2.3,19,,36.20 N,126.16 E,충남 보령시 서남서쪽 43km 해역
2013-08-01 17:22:37,3.1,21,,36.19 N,126.17 E,충남 보령시 서남서쪽 43km 해역
2013-08-01 00:57:45,2.8,25,,36.23 N,126.22 E,충남 보령시 서남서쪽 37km 해역
2013-07-31 22:30:21,3.2,23,,36.21 N,126.18 E,충남 보령시 서남서쪽 41km 해역
2013-07-31 20:27:00,2.2,18,,36.20 N,126.17 E,충남 보령시 서남서쪽 42km 해역
2013-07-31 20:05:26,2.2,16,,36.21 N,126.17 E,충남 보령시 서남서쪽 42km 해역
2013-07-30 14:57:02,2.7,22,,36.21 N,126.14 E,충남 보령시 서남서쪽 45km 해역
2013-07-29 10:29:17,2.7,8,,36.20 N,126.13 E,충남 보령시 서남서쪽 46km 해역
2013-07-28 09:10:24,2.8,11,,36.20 N,126.14 E,충남 보령시 서남서쪽 45km 해역
2013-07-26 11:23:35,2.2,18,,36.19 N,126.14 E,충남 보령시 서남서쪽 45km 해역
2013-07-23 16:03:54,2.7,19,,36.19 N,126.16 E,충남 보령시 서남서쪽 44km 해역
2013-07-15 19:44:39,2.5,20,,36.20 N,126.15 E,충남 보령시 서남서쪽 44km 해역
2013-07-15 01:39:10,2.4,-,,33.03 N,125.68 E,제주 제주시 고산 서남서쪽 68km 해역
2013-07-13 02:02:44,3.5,24,,36.20 N,126.18 E,충남 보령시 서남서쪽 42km 해역
2013-07-01 11:24:54,3.0,9,,38.78 N,126.36 E,북한 황해북도 신계 북북서쪽 35km 지역
2013-06-29 13:32:48,2.3,16,,36.20 N,126.17 E,충남 보령시 서남서쪽 42km 해역
2013-06-27 19:33:20,2.5,-,,36.20 N,126.14 E,충남 보령시 서남서쪽 45km 해역
2013-06-24 18:26:33,2.1,23,,38.04 N,129.75 E,강원 동해시 북동쪽 80km 해역
2013-06-24 05:28:38,2.3,-,,36.20 N,126.17 E,충남 보령시 서남서쪽 42km 해역
2013-06-22 11:18:37,2.3,-,,36.20 N,126.17 E,충남 보령시 서남서쪽 42km 해역
2013-06-22 10:37:24,2.8,17,,36.19 N,126.16 E,충남 보령시 서남서쪽 44km 해역
2013-06-22 03:51:36,2.5,21,,36.20 N,126.17 E,충남 보령시 서남서쪽 42km 해역
2013-06-21 21:55:06,2.4,22,,36.20 N,126.19 E,충남 보령시 서남서쪽 41km 해역
2013-06-21 16:29:31,2.2,15,,36.19 N,126.14 E,충남 보령시 서남서쪽 45km 해역
2013-06-20 12:35:57,2.4,-,,39.23 N,125.95 E,북한 평안남도 평성 동쪽 8km 지역
2013-06-19 16:02:42,2.6,18,,36.19 N,126.16 E,충남 보령시 서남서쪽 44km 해역
2013-06-19 01:52:25,2.3,18,,36.19 N,126.16 E,충남 보령시 서남서쪽 44km 해역
2013-06-18 02:31:15,2.3,22,,36.21 N,126.18 E,충남 보령시 서남서쪽 41km 해역
2013-06-17 20:31:04,2.4,23,,36.20 N,126.17 E,충남 보령시 서남서쪽 42km 해역
2013-06-16 22:12:27,2.5,15,,36.20 N,126.16 E,충남 보령시 서남서쪽 43km 해역
2013-06-16 19:47:43,2.1,16,,36.19 N,126.15 E,충남 보령시 서남서쪽 44km 해역
2013-06-10 14:01:28,2.1,13,,37.71 N,124.70 E,인천 옹진군 백령도 남쪽 27km 해역
2013-06-08 05:56:59,3.2,17,,35.14 N,126.96 E,광주 동구 동쪽 3km 지역
2013-06-05 12:34:12,2.6,22,,36.23 N,126.18 E,충남 보령시 서남서쪽 40km 해역
2013-05-22 23:25:53,2.1,-,,38.75 N,128.81 E,북한 강원 고성군 북동쪽 51km 해역
2013-05-21 16:17:53,3.7,6,,37.66 N,124.71 E,인천 옹진군 백령도 남쪽 33km 해역
2013-05-19 05:27:13,2.3,-,,37.73 N,124.74 E,인천 옹진군 백령도 남남동쪽 25km 해역
2013-05-18 16:18:48,2.1,9,,37.69 N,124.61 E,인천 옹진군 백령도 남남서쪽 30km해역
2013-05-18 14:09:40,2.6,13,,37.71 N,124.68 E,인천 옹진군 백령도 남쪽 27km 해역
2013-05-18 11:45:15,3.9,11,,37.67 N,124.61 E,인천 옹진군 백령도 남쪽 32km 해역
2013-05-18 09:32:42,2.5,8,,37.64 N,124.57 E,인천 옹진군 백령도 남남서쪽 36km 해역
2013-05-18 09:13:10,2.4,7,,37.67 N,124.62 E,인천 옹진군 백령도 남쪽 32km 해역
2013-05-18 07:54:28,2.5,6,,37.69 N,124.65 E,인천 옹진군 백령도 남쪽 29km 해역
2013-05-18 07:26:10,3.3,9,,37.67 N,124.66 E,인천 옹진군 백령도 남쪽 31km 해역
2013-05-18 07:24:13,2.2,6,,37.69 N,124.65 E,인천 옹진군 백령도 남쪽 29km 해역
2013-05-18 07:02:24,4.9,11,,37.68 N,124.63 E,인천 옹진군 백령도 남쪽 31km 해역
2013-05-18 03:00:58,3.5,12,,37.68 N,124.60 E,인천 옹진군 백령도 남남동쪽 31km 해역
2013-05-15 08:48:10,2.8,-,,37.69 N,124.74 E,인천 옹진군 백령도 남쪽 30km 해역
2013-05-15 08:34:11,2.7,11,,37.71 N,124.68 E,인천 옹진군 백령도 남쪽 27km 해역
2013-05-14 20:17:54,2.8,6,,37.70 N,124.79 E,인천 옹진군 백령도 남남동쪽 30km 해역
2013-04-30 10:58:26,2.0,15,,36.46 N,129.63 E,경북 영덕군 동북동쪽 24km 해역
2013-04-30 05:26:51,2.5,18,,36.47 N,129.61 E,경북 영덕군 동북동쪽 23km 해역
2013-04-28 03:39:13,2.7,16,,33.65 N,127.29 E,전남 여수시 거문도 남쪽 42km 해역
2013-04-21 18:21:13,2.7,-,,35.14 N,124.49 E,전남 신안군 흑산면 서북서쪽 105km 해역
2013-04-21 08:21:27,4.9,5,,35.16 N,124.56 E,전남 신안군 흑산면 북서쪽 101km 해역
2013-04-19 23:46:14,2.2,18,,36.55 N,129.60 E,경북 영덕군 북동쪽 26km 해역
2013-04-17 21:33:38,2.3,17,,36.56 N,129.61 E,경북 영덕군 북동쪽 27km 해역
2013-04-14 16:16:20,2.3,18,,38.20 N,129.29 E,강원 양양군 동북동쪽 60km 해역
2013-04-10 13:07:16,2.2,13,,36.50 N,127.44 E,충북 청원군 남남서쪽 16km 지역
2013-02-07 22:07:29,2.2,17,,35.76 N,129.13 E,경북 경주시 남서쪽 12km 지역
2013-02-05 21:25:36,3.5,11,,35.77 N,127.97 E,경남 거창군 북북동쪽 11km 지역
2013-02-04 05:39:25,3.1,-,,36.55 N,128.90 E,경북 안동시 동쪽 15km 지역
2013-01-26 08:57:56,2.4,21,,36.11 N,127.73 E,충북 영동군 남서쪽 9km 지역
2013-01-15 13:31:34,2.8,16,,36.59 N,129.73 E,경북 영덕군 동북동쪽 38km 해역
2013-01-02 05:53:37,2.5,-,,33.37 N,127.27 E,제주 서귀포시 성산 동쪽 36km 해역
2014-12-30 15:36:36,2.6,-,,35.21 N,124.79 E,전남 신안군 흑산면 북서쪽 88km 해역
2014-12-24 20:33:19,2.1,6,,35.89 N,127.33 E,전북 완주군 동쪽 15km 지역
2014-12-15 09:08:00,2.1,-,,39.09 N,126.52 E,북한 평안남도 양덕 남서쪽 16km 지역
2014-12-08 05:28:57,3.3,23,,34.75 N,127.17 E,전남 보성군 동남동쪽 8km 지역
2014-11-15 03:31:39,2.5,20,,38.77 N,126.36 E,북한 황해북도 신계 북북서쪽 34km 지역
2014-11-06 14:48:49,2.3,18,,33.34 N,125.89 E,제주 제주시 고산 서북서쪽 26km 해역
2014-11-06 04:25:16,2.5,-,,37.23 N,126.44 E,인천 옹진군 남남서쪽 30km 해역
2014-10-28 19:07:07,2.2,19,,38.00 N,125.34 E,북한 황해남도 옹진 북북동쪽 8km 지역
2014-10-21 06:33:22,2.3,20,,35.21 N,129.49 E,부산 기장군 동쪽 24km 해역
2014-10-20 21:15:29,2.2,-,,33.68 N,125.88 E,제주 제주시 고산 북북서쪽 50km 해역
2014-10-19 19:57:17,2.6,-,,36.44 N,128.19 E,경북 상주시 북동쪽 4km 지역
2014-10-11 22:11:30,2.3,16,,37.73 N,129.43 E,강원 동해시 북동쪽 36km 해역
2014-10-07 01:57:17,2.9,-,,33.30 N,125.96 E,제주 제주시 고산 서쪽 19km 해역
2014-10-01 16:34:10,2.2,11,,36.67 N,125.45 E,충남 태안군 서격렬비도 북서쪽 11km 해역
2014-09-28 21:32:44,3.2,8,,37.24 N,126.44 E,인천 옹진군 남서쪽 30km 지역
2014-09-25 02:26:42,3.8,14,,35.07 N,129.94 E,울산 동구 남동쪽 67km 해역
2014-09-23 15:27:58,3.5,14,,35.80 N,129.41 E,경북 경주시 동남동쪽 18km 지역
2014-09-09 00:24:00,2.2,11,,35.68 N,129.38 E,경북 경주시 남동쪽 23km 지역
2014-08-21 22:30:43,2.7,21,,33.87 N,127.83 E,전남 여수시 거문도 동남동쪽 51km 해역
2014-08-18 05:13:55,2.1,7,,36.57 N,125.64 E,충남 태안군서격렬비도 동남동쪽 10km 해역
2014-08-16 00:51:42,2.1,12,,33.59 N,126.58 E,제주 제주시 북북동쪽 11km 해역
2014-08-10 18:07:05,2.4,-,,38.15 N,126.63 E,북한 개성 북북동쪽 21km 지역
2014-08-05 06:16:36,2.5,-,,40.11 N,127.20 E,북한 함경남도 신흥 서북서쪽 20km 지역
2014-08-02 01:32:27,2.2,14,,37.40 N,127.20 E,경기 광주시 서남서쪽 5km 지역
2014-07-04 06:27:26,2.2,13,,34.51 N,125.41 E,전남 신안군 흑산면 남남서쪽 17km 해역
2014-07-04 04:13:15,2.9,13,,35.66 N,129.78 E,울산 동구 동북동쪽 37km 해역
2014-07-04 00:11:51,2.5,-,,35.65 N,129.81 E,울산 동구 동북동쪽 39km 해역
2014-07-03 22:04:37,2.6,-,,35.66 N,129.82 E,울산 동구 동북동쪽 40km 해역
2014-07-03 21:57:11,3.5,16,,35.66 N,129.76 E,울산 동구 동북동쪽 35km 해역
2014-06-21 08:29:30,2.6,-,,38.77 N,125.89 E,북한 황해북도 송림 동쪽 22km 지역
2014-06-18 09:59:21,2.1,10,,35.91 N,128.66 E,대구 동구 북쪽 4km 지역
2014-06-08 04:05:31,2.6,19,,33.52 N,125.96 E,제주 제주시 고산 북서쪽 31km 해역
2014-06-05 13:29:11,2.3,19,,35.97 N,128.62 E,대구 동구 북쪽 10km 지역
2014-05-15 08:46:51,3.4,18,,33.00 N,126.21 E,제주 제주시 고산 남쪽 33km 해역
2014-04-26 14:08:09,2.7,19,,36.46 N,127.93 E,경북 상주시 서북서쪽 21km 지역
2014-04-25 12:14:39,2.9,8,,35.97 N,128.04 E,경북 김천시 남남서쪽 19km 지역
2014-04-13 14:02:02,2.9,-,,36.93 N,124.52 E,충남 태안군 서격렬비도 서북서쪽 97km 해역
2014-04-12 01:44:49,2.6,14,,33.52 N,126.90 E,제주 제주시 동쪽 34km 지역
2014-04-08 06:19:14,2.7,9,,36.96 N,124.44 E,충남 태안군 서격렬비도 서북서쪽 105km 해역
2014-04-01 09:25:12,2.3,7,,36.95 N,124.50 E,충남 태안군 서격렬비도 서북서쪽 100km 해역
2014-04-01 04:48:35,5.1,8,,36.95 N,124.50 E,충남 태안군 서격렬비도 서북서쪽 100km 해역
2014-03-28 10:40:45,3.0,19,,36.47 N,127.93 E,경북 상주시 서북서쪽 22km 지역
2014-03-14 12:59:27,2.5,-,,39.41 N,126.09 E,북한 평안남도 성천 북북서쪽 21km 지역
2014-03-11 11:39:43,2.7,12,,35.86 N,128.47 E,대구 달성군 서북서쪽 9km 지역
2014-02-28 03:20:05,2.4,-,,38.74 N,125.01 E,북한 남포 서쪽 22km 해역
2014-02-22 20:44:23,2.6,-,,38.31 N,124.27 E,북한 황해남도 용연군 장산곶 서북서쪽 42km 해역
2014-02-21 21:17:21,2.7,6,,35.05 N,127.75 E,전남 광양시 북북동쪽 13km 지역
2014-02-05 23:06:01,2.8,7,,38.26 N,124.40 E,북한 황해남도 용연군 장산곶 서북서쪽 29km 해역
2014-01-29 06:08:44,2.2,11,,36.23 N,128.80 E,경북 의성군 남동쪽 16km 지역
2015-12-22 04:31:24,3.9,11,,36.02 N,126.95 E,전북 익산시 북쪽 8km 지역
2015-12-11 01:25:17,2.1,14,,36.90 N,126.58 E,충남 당진시 서북서쪽 5km 지역
2015-11-24 14:10:02,2.4,14,,35.69 N,129.75 E,울산 동구 북동쪽 36km 해역
2015-11-24 11:27:52,3.2,13,,35.67 N,129.82 E,울산 동구 동북동쪽 41km 해역
2015-11-13 20:04:33,2.6,18,,35.80 N,129.42 E,경북 경주시 동남동쪽 19km 지역
2015-10-30 15:17:29,2.9,17,,35.74 N,129.37 E,경북 경주시 남동쪽 18km 지역
2015-10-26 23:29:05,2.1,24,,34.09 N,126.85 E,전남 완도군 남남동쪽 26km 해역
2015-10-11 00:55:07,2.1,19,,33.30 N,127.02 E,제주 서귀포시 성산 남동쪽 16km 해역
2015-10-01 14:06:06,2.1,18,,35.78 N,129.14 E,경북 경주시 남서쪽 9km 지역
2015-10-01 09:21:25,2.5,17,,35.78 N,129.14 E,경북 경주시 남서쪽 9km 지역
2015-09-18 10:12:54,2.1,15,,34.70 N,128.75 E,경남 통영시 매물도 동북동쪽 17km 해역
2015-09-03 04:53:40,2.7,19,,33.27 N,127.04 E,제주 서귀포시 성산 남동쪽 20km 해역
2015-09-01 13:47:41,2.5,6,,39.09 N,126.53 E,북한 평안남도 양덕 남서쪽 16km 지역
2015-08-23 09:19:49,2.5,15,,36.38 N,129.77 E,경북 영덕군 동쪽 36km 해역
2015-08-17 16:56:23,2.5,8,,37.20 N,125.38 E,인천 옹진군 연평도 남남서쪽 59km 해역
2015-08-12 17:09:51,2.2,17,,37.17 N,127.50 E,경기 이천시 남남동쪽 13km 지역
2015-08-03 10:11:24,3.7,20,,33.26 N,127.06 E,제주 서귀포시 성산 남동쪽 22km 해역
2015-08-02 03:22:34,2.1,6,,37.19 N,128.44 E,강원 영월군 서북서쪽 2km 지역
2015-08-01 23:58:50,2.2,22,,35.32 N,127.45 E,전남 구례군 북쪽 13km 지역
2015-07-30 09:39:55,2.2,14,,35.15 N,127.98 E,경남 사천시 북서쪽 12km 지역
2015-07-23 04:02:14,2.6,9,,33.22 N,127.05 E,제주 서귀포시 성산 남동쪽 24km 해역
2015-07-20 01:33:01,2.2,20,,33.26 N,127.21 E,제주 서귀포시 성산 동남동쪽 34km 해역
2015-07-18 21:15:56,2.3,7,,36.07 N,128.08 E,경북 김천시 남남서쪽 7km 지역
2015-07-14 14:34:35,2.8,6,,33.24 N,127.01 E,제주 서귀포시 성산 남동쪽 20km 해역
2015-07-08 11:01:46,2.0,16,,37.63 N,125.86 E,인천 옹진군 연평도 동남동쪽 14km 해역
2015-07-04 08:49:09,2.1,15,,36.32 N,128.18 E,경북 상주시 남쪽 10km 지역
2015-06-22 12:44:46,2.4,7,,36.35 N,127.24 E,충남 공주시 남동쪽 15km 지역
2015-06-22 12:02:28,2.6,7,,35.85 N,125.00 E,충남 태안군 서격렬비도 남남서쪽 96km 해역
2015-06-17 00:55:05,2.3,5,,38.41 N,125.57 E,북한 황해남도 안악 남남동쪽 13km 지역
2015-06-07 20:54:01,2.1,13,,33.79 N,126.16 E,제주 제주시 북서쪽 48km 해역
2015-06-02 01:01:28,2.0,17,,36.76 N,129.98 E,경북 울진군 동남동쪽 57km 해역
2015-04-24 10:14:42,2.3,20,,35.88 N,129.69 E,경북 포항시 남구 동남동쪽 33km 해역
2015-04-21 02:05:40,2.1,12,,35.88 N,129.75 E,경북 포항시 남구 동남동쪽 38km 해역
2015-04-15 04:10:00,2.9,15,,35.14 N,129.93 E,울산 동구 남동쪽 61km 해역
2015-04-13 18:02:02,3.3,10,,37.18 N,125.47 E,인천 옹진군 연평도 남남서쪽 58km 해역
2015-03-19 16:20:18,2.7,21,,36.43 N,127.65 E,충북 옥천군 북북동쪽 16km 지역
2015-03-19 12:54:18,2.2,10,,34.16 N,128.37 E,경남 통영시 욕지도 남남동쪽 54km 해역
2015-03-10 13:10:34,2.7,5,,37.36 N,125.15 E,인천 옹진군 연평도 남서쪽 59km 해역
2015-02-23 04:54:14,2.7,23,,32.96 N,126.25 E,제주 제주시 고산 남남동쪽 38km 해역
2015-02-19 14:25:28,2.1,9,,36.09 N,125.05 E,충남 태안군 서격렬비도 남서쪽 71km 해역
2015-02-03 19:54:53,2.1,17,,33.61 N,127.57 E,전남 여수시 거문도 남남동쪽 52km 해역
2015-01-31 05:10:04,2.2,16,,36.60 N,129.45 E,경북 영덕군 북북동쪽 22km 해역
2015-01-08 20:15:18,3.5,16,,37.51 N,125.63 E,인천 옹진군 연평도 남남서쪽 18km 해역
2015-01-06 13:06:40,2.8,12,,38.43 N,126.28 E,북한 황해북도 평산 북서쪽 17km 지역
2016-12-31 08:01:03,2.6,-,,39.31 N,126.27 E,북한 평안남도 성천군 북북동쪽 9km 지역
2016-12-30 15:04:41,2.5,10,,38.64 N,125.76 E,북한 황해북도 사리원시 북쪽 15km 지역
2016-12-29 21:32:25,2.3,9,,36.12 N,129.36 E,경북 포항시 북구 북쪽 9km 지역
2016-12-29 05:53:11,2.6,6,,38.71 N,125.76 E,북한 황해북도 송림시 동남동쪽 11km 지역
2016-12-25 06:29:09,2.5,11,,35.78 N,129.31 E,경북 경주시 남동쪽 11km 지역
2016-12-25 01:59:43,2.4,17,,35.25 N,129.39 E,부산 기장군 동쪽 15km 해역
2016-12-23 05:31:32,2.2,10,,36.12 N,129.36 E,경북 포항시 북구 북쪽 9km 지역
2016-12-22 21:13:32,2.2,18,,34.45 N,128.54 E,경남 통영시 매물도 남쪽 22km 해역
2016-12-15 17:14:53,2.1,14,,35.76 N,129.19 E,경북 경주시 남남서쪽 9km 지역
2016-12-14 17:20:34,3.3,12,,35.76 N,129.17 E,경북 경주시 남남서쪽 10km 지역
2016-12-14 10:05:28,2.1,12,,36.54 N,128.08 E,경북 상주시 북북서쪽 16km 지역
2016-12-12 17:53:17,3.3,16,,35.76 N,129.18 E,경북 경주시 남남서쪽 9km 지역
2016-12-12 04:46:32,2.2,13,,35.76 N,129.18 E,경북 경주시 남남서쪽 9km 지역
2016-12-11 16:05:36,2.6,14,,36.07 N,125.57 E,충남 태안군 서격렬비도 남쪽 59km 해역
2016-12-10 15:51:54,2.0,12,,37.63 N,129.68 E,강원 삼척시 동북동쪽 50km 해역
2016-12-10 00:51:13,2.1,18,,35.77 N,129.17 E,경북 경주시 남남서쪽 9km 지역
2016-12-09 11:30:45,2.4,8,,35.69 N,129.36 E,경북 경주시 남동쪽 21km 지역
2016-12-07 22:34:14,2.4,-,,37.18 N,125.48 E,인천 옹진군 연평도 남남서쪽 57km 해역
2016-12-05 07:42:21,2.1,21,,35.81 N,129.72 E,경북 포항시 남구 남동쪽 39km 해역
2016-12-05 00:47:03,2.1,14,,35.77 N,129.18 E,경북 경주시 남남서쪽 8km 지역
2016-12-02 04:45:42,2.1,14,,35.76 N,129.19 E,경북 경주시 남남서쪽 9km 지역
2016-11-29 10:09:22,2.9,17,,33.40 N,125.72 E,제주 제주시 고산 서북서쪽 43km 해역
2016-11-28 23:33:02,2.2,10,,38.49 N,126.14 E,북한 황해북도 평산군 북서쪽 28km 지역
2016-11-28 20:57:26,2.4,18,,35.77 N,129.19 E,경북 경주시 남남서쪽 8km 지역
2016-11-27 20:08:46,2.2,12,,36.02 N,127.39 E,충남 금산군 남서쪽 13km 지역
2016-11-27 06:53:12,2.5,10,,36.34 N,127.33 E,대전 유성구 남서쪽 3km 지역
2016-11-25 18:53:58,2.3,14,,35.75 N,129.17 E,경북 경주시 남남서쪽 11km 지역
2016-11-19 03:29:02,2.1,14,,35.76 N,129.19 E,경북 경주시 남남서쪽 9km 지역
2016-11-18 02:02:35,2.0,13,,35.51 N,128.09 E,경남 합천군 남서쪽 9km 지역
2016-11-16 23:15:44,2.1,6,,34.86 N,125.08 E,전남 신안군 흑산면 서북서쪽 43km 해역
2016-11-15 16:27:40,2.0,18,,35.76 N,129.19 E,경북 경주시 남남서쪽 9km 지역
2016-11-15 12:22:59,2.5,9,,38.35 N,128.09 E,북한 강원도 금강군 남남동쪽 29km 지역
2016-11-13 21:52:57,3.5,10,,36.36 N,126.63 E,충남 보령시 북북동쪽 4km 지역
2016-11-13 02:27:23,2.3,-,,38.76 N,125.66 E,북한 황해북도 송림시 북동쪽 3km 지역
2016-11-10 22:37:52,2.5,18,,36.46 N,129.89 E,경북 영덕군 동쪽 47km 해역
2016-11-09 20:55:44,2.3,20,,36.55 N,129.60 E,경북 영덕군 북동쪽 26km 해역
2016-11-06 06:26:22,3.5,12,,33.76 N,125.07 E,전남 신안군 흑산면 남남서쪽 106km 해역
2016-11-03 23:35:52,2.6,16,,35.32 N,128.49 E,경남 함안군 북동쪽 9km 지역
2016-11-03 10:36:23,2.3,11,,35.76 N,129.19 E,경북 경주시 남남서쪽 9km 지역
2016-11-03 10:02:26,2.3,18,,35.76 N,129.19 E,경북 경주시 남남서쪽 9km 지역
2016-11-03 03:46:06,2.1,14,,35.75 N,129.18 E,경북 경주시 남남서쪽 10km 지역
2016-11-02 03:01:43,2.3,10,,33.53 N,126.88 E,제주 제주시 동쪽 33km 지역
2016-10-25 19:57:37,2.4,8,,35.70 N,129.37 E,경북 경주시 남동쪽 21km 지역
2016-10-25 03:23:06,2.0,15,,35.76 N,129.19 E,경북 경주시 남남서쪽 9km 지역
2016-10-24 09:02:01,2.2,7,,37.25 N,127.02 E,경기 수원시 권선구 동쪽 4km 지역
2016-10-23 03:00:04,2.7,14,,35.78 N,129.20 E,경북 경주시 남남서쪽 7km 지역
2016-10-21 12:47:49,2.6,12,,35.75 N,129.17 E,경북 경주시 남남서쪽 11km 지역
2016-10-21 10:13:53,2.2,14,,36.46 N,126.87 E,충남 청양군 동쪽 6km 지역
2016-10-20 12:17:07,2.4,15,,35.76 N,129.19 E,경북 경주시 남남서쪽 9km 지역
2016-10-15 23:49:08,2.2,12,,35.76 N,129.17 E,경북 경주시 남남서쪽 10km 지역
2016-10-15 18:55:18,2.5,16,,35.74 N,129.18 E,경북 경주시 남남서쪽 11km 지역
2016-10-14 08:20:58,2.3,15,,35.76 N,129.19 E,경북 경주시 남남서쪽 9km 지역
2016-10-12 00:29:36,2.9,18,,35.76 N,129.18 E,경북 경주시 남남서쪽 9km 지역
2016-10-10 22:59:10,3.3,17,,35.75 N,129.18 E,경북 경주시 남남서쪽 10km 지역
2016-10-09 14:03:00,2.2,11,,35.08 N,126.93 E,광주 동구 남쪽 7km 지역
2016-10-07 17:17:58,2.2,16,,35.77 N,129.23 E,경북 경주시 남쪽 10km 지역
2016-10-05 23:29:16,2.3,35,,38.76 N,125.62 E,북한 황해북도 송림시 북북서쪽 3km 지역
2016-10-04 15:16:44,2.6,15,,35.76 N,129.19 E,경북 경주시 남남서쪽9km 지역
2016-10-02 20:53:07,3.0,18,,35.75 N,129.19 E,경북 경주시 남남서쪽10km 지역
2016-10-01 17:00:34,2.3,15,,35.76 N,129.18 E,경북 경주시 남남서쪽 9km 지역
2016-10-01 13:04:16,2.0,15,,35.76 N,129.18 E,경북 경주시 남남서쪽 9km 지역
2016-09-30 21:52:49,2.2,15,,35.75 N,129.18 E,경북 경주시 남남서쪽 10km 지역
2016-09-30 18:06:36,2.3,16,,35.76 N,129.16 E,경북 경주시 남남서쪽 10km 지역
2016-09-30 16:24:16,2.0,17,,35.77 N,129.16 E,경북 경주시 남남서쪽 9km 지역
2016-09-30 11:09:47,2.1,15,,35.76 N,129.18 E,경북 경주시 남남서쪽 9km 지역
2016-09-28 21:10:34,2.7,15,,35.77 N,129.17 E,경북 경주시 남남서쪽 9km 지역
2016-09-28 19:00:03,2.6,-,,38.74 N,125.73 E,북한 황해북도 송림시 동쪽 8km 지역
2016-09-28 18:54:22,2.8,-,,38.74 N,125.69 E,북한 황해북도 송림시 동쪽 5km 지역
2016-09-28 16:34:30,3.1,13,,35.76 N,129.18 E,경북 경주시 남남서쪽 9km 지역
2016-09-24 19:56:21,2.5,15,,35.79 N,129.19 E,경북 경주시 남남서쪽 6km 지역
2016-09-23 18:21:42,2.1,17,,35.76 N,129.18 E,경북 경주시 남남서쪽 9km 지역
2016-09-22 03:22:32,2.1,14,,35.76 N,129.18 E,경북 경주시 남남서쪽 9km 지역
2016-09-22 00:01:30,2.3,16,,35.76 N,129.18 E,경북 경주시 남남서쪽 9km 지역
2016-09-21 11:53:54,3.5,18,,35.75 N,129.18 E,경북 경주시 남남서쪽 10km 지역
2016-09-21 11:36:41,2.2,16,,35.78 N,129.15 E,경북 경주시 남서쪽 9km 지역
2016-09-21 03:36:51,2.9,14,,35.77 N,129.18 E,경북 경주시 남남서쪽 8km 지역
2016-09-21 00:59:11,2.1,17,,35.76 N,129.18 E,경북 경주시 남남서쪽 9km 지역
2016-09-20 20:03:27,2.1,17,,35.77 N,129.19 E,경북 경주시 남남서쪽 8km 지역
2016-09-20 15:05:17,2.5,-,,38.36 N,128.09 E,북한 강원도 양구군 북북동쪽 29km 지역
2016-09-20 09:58:17,2.4,19,,35.76 N,129.20 E,경북 경주시 남쪽 9km 지역
2016-09-19 21:00:51,2.1,18,,35.75 N,129.17 E,경북 경주시 남남서쪽 11km 지역
2016-09-19 20:33:58,4.5,14,,35.74 N,129.18 E,경북 경주시 남남서쪽 11km 지역
2016-09-19 09:17:59,2.1,17,,35.76 N,129.17 E,경북 경주시 남남서쪽 10km 지역
2016-09-18 22:38:07,2.0,14,,35.75 N,129.18 E,경북 경주시 남남서쪽 10km 지역
2016-09-18 16:27:54,2.4,16,,35.76 N,129.17 E,경북 경주시 남남서쪽 10km 지역
2016-09-17 16:21:58,2.1,18,,35.76 N,129.18 E,경북 경주시 남남서쪽 9km 지역
2016-09-17 07:12:56,2.1,17,,35.76 N,129.18 E,경북 경주시 남남서쪽 9km 지역
2016-09-16 21:14:24,2.2,18,,35.76 N,129.18 E,경북 경주시 남남서쪽 9km 지역
2016-09-16 19:54:46,2.1,13,,35.74 N,129.17 E,경북 경주시 남남서쪽 12km 지역
2016-09-16 19:15:46,2.0,16,,35.76 N,129.18 E,경북 경주시 남남서쪽 10km 지역
2016-09-16 18:58:31,2.0,19,,35.75 N,129.18 E,경북 경주시 남남서쪽 10km 지역
2016-09-16 15:13:18,2.3,16,,35.76 N,129.17 E,경북 경주시 남남서쪽 10km 지역
2016-09-16 05:31:09,2.2,18,,35.78 N,129.19 E,경북 경주시 남남서쪽 7km 지역
2016-09-15 20:48:25,2.6,19,,35.76 N,129.19 E,경북 경주시 남남서쪽 9km 지역
2016-09-15 19:47:25,2.2,20,,35.77 N,129.19 E,경북 경주시 남남서쪽 8km 지역
2016-09-15 03:22:28,2.7,18,,35.76 N,129.18 E,경북 경주시 남쪽 9km 지역
2016-09-14 22:31:31,2.4,18,,35.76 N,129.17 E,경북 경주시 남남서쪽 10km 지역
2016-09-14 17:27:14,2.3,18,,35.77 N,129.17 E,경북 경주시 남남서쪽 9km 지역
2016-09-14 16:47:16,2.1,17,,35.77 N,129.18 E,경북 경주시 남남서쪽 8km 지역
2016-09-14 12:38:10,2.2,18,,35.78 N,129.19 E,경북 경주시 남남서쪽 7km 지역
2016-09-14 11:57:32,2.4,15,,33.93 N,126.62 E,전남 완도군 남남서쪽 44km 해역
2016-09-14 04:43:47,2.1,17,,35.77 N,129.17 E,경북 경주시 남남서쪽 9km 지역
2016-09-14 03:55:17,2.4,19,,35.76 N,129.18 E,경북 경주시 남남서쪽 9km 지역
2016-09-14 01:37:02,2.1,17,,35.77 N,129.18 E,경북 경주시 남남서쪽 8km 지역
2016-09-14 00:48:41,3.0,13,,35.75 N,129.18 E,경북 경주시 남남서쪽 11km 지역
2016-09-13 23:08:28,2.3,14,,35.73 N,129.36 E,경북 경주시 남동쪽 18km 지역
2016-09-13 21:49:09,2.1,16,,35.76 N,129.17 E,경북 경주시 남남서쪽 10km 지역
2016-09-13 18:54:03,2.1,18,,35.76 N,129.18 E,경북 경주시 남남서쪽 9km 지역
2016-09-13 17:15:37,2.0,17,,35.77 N,129.18 E,경북 경주시 남남서쪽 9km 지역
2016-09-13 16:52:11,2.5,19,,35.75 N,129.18 E,경북 경주시 남남서쪽 10km 지역
2016-09-13 16:21:33,2.0,18,,35.75 N,129.17 E,경북 경주시 남남서쪽 10km 지역
2016-09-13 16:02:48,2.5,17,,35.76 N,129.20 E,경북 경주시 남쪽 9km 지역
2016-09-13 14:41:41,2.1,16,,35.76 N,129.17 E,경북 경주시 남남서쪽 10km 지역
2016-09-13 14:31:42,3.0,14,,35.76 N,129.18 E,경북 경주시 남남서쪽 9km 지역
2016-09-13 13:18:08,2.1,16,,35.77 N,129.17 E,경북 경주시 남남서쪽 9km 지역
2016-09-13 13:16:04,2.4,16,,35.77 N,129.17 E,경북 경주시 남남서쪽 9km 지역
2016-09-13 13:09:09,2.3,16,,35.77 N,129.17 E,경북 경주시 남남서쪽 9km 지역
2016-09-13 12:33:58,2.0,18,,35.76 N,129.16 E,경북 경주시 남남서쪽 10km 지역
2016-09-13 12:27:05,2.2,18,,35.78 N,129.19 E,경북 경주시 남남서쪽 7km 지역
2016-09-13 10:58:45,2.0,18,,35.76 N,129.18 E,경북 경주시 남남서쪽 9km 지역
2016-09-13 10:44:13,2.2,18,,35.76 N,129.18 E,경북 경주시 남남서쪽 9km 지역
2016-09-13 10:05:38,2.0,18,,35.76 N,129.18 E,경북 경주시 남남서쪽 9km 지역
2016-09-13 10:01:27,2.3,18,,35.78 N,129.19 E,경북 경주시 남남서쪽 7km 지역
2016-09-13 09:23:27,2.3,17,,35.76 N,129.18 E,경북 경주시 남남서쪽 9km 지역
2016-09-13 08:47:57,2.3,17,,35.76 N,129.17 E,경북 경주시 남남서쪽 10km 지역
2016-09-13 08:24:47,3.2,14,,35.76 N,129.17 E,경북 경주시 남남서쪽 10km 지역
2016-09-13 07:47:42,2.4,17,,35.77 N,129.18 E,경북 경주시 남남서쪽 8km 지역
2016-09-13 07:03:27,2.1,18,,35.77 N,129.19 E,경북 경주시 남남서쪽 8km 지역
2016-09-13 06:48:03,2.0,16,,35.78 N,129.18 E,경북 경주시 남남서쪽 7km 지역
2016-09-13 06:15:29,2.3,19,,35.77 N,129.18 E,경북 경주시 남남서쪽 8km 지역
2016-09-13 05:15:54,2.0,16,,35.77 N,129.18 E,경북 경주시 남남서쪽 9km 지역
2016-09-13 04:56:59,2.0,15,,35.77 N,129.19 E,경북 경주시 남남서쪽 8km 지역
2016-09-13 04:41:59,2.1,17,,35.76 N,129.17 E,경북 경주시 남남서쪽 10km 지역
2016-09-13 04:13:31,2.1,16,,35.78 N,129.19 E,경북 경주시 남남서쪽 7km 지역
2016-09-13 03:11:21,2.1,17,,35.75 N,129.17 E,경북 경주시 남남서쪽 11km 지역
2016-09-13 02:09:35,2.0,17,,35.75 N,129.18 E,경북 경주시 남남서쪽 10km 지역
2016-09-13 02:03:49,2.2,14,,35.78 N,129.19 E,경북 경주시 남남서쪽 7km 지역
2016-09-13 02:03:36,2.1,17,,35.76 N,129.17 E,경북 경주시 남남서쪽 10km 지역
2016-09-13 01:58:39,2.5,17,,35.77 N,129.18 E,경북 경주시 남남서쪽 8km 지역
2016-09-13 01:37:33,2.2,17,,35.77 N,129.18 E,경북 경주시 남남서쪽 8km 지역
2016-09-13 01:35:51,2.3,17,,35.75 N,129.17 E,경북 경주시 남남서쪽 11km 지역
2016-09-13 01:31:00,2.0,16,,35.77 N,129.18 E,경북 경주시 남남서쪽 8km 지역
2016-09-13 01:23:56,2.2,17,,35.75 N,129.19 E,경북 경주시 남남서쪽 10km 지역
2016-09-13 01:03:39,2.0,17,,35.77 N,129.17 E,경북 경주시 남남서쪽 9km 지역
2016-09-13 00:45:50,2.2,17,,35.76 N,129.18 E,경북 경주시 남남서쪽 9km 지역
2016-09-13 00:37:10,3.1,19,,35.78 N,129.21 E,경북 경주시 남쪽 6km 지역
2016-09-13 00:32:18,2.1,16,,35.76 N,129.19 E,경북 경주시 남남서쪽 9km 지역
2016-09-13 00:21:37,2.5,18,,35.76 N,129.19 E,경북 경주시 남남서쪽 9km 지역
2016-09-13 00:15:02,2.0,15,,35.76 N,129.18 E,경북 경주시 남남서쪽 9km 지역
2016-09-13 00:10:05,2.0,17,,35.76 N,129.18 E,경북 경주시 남남서쪽 9km 지역
2016-09-13 00:07:43,2.2,16,,35.76 N,129.19 E,경북 경주시 남남서쪽 9km 지역
2016-09-12 23:53:42,2.2,16,,35.77 N,129.19 E,경북 경주시 남남서쪽 8km 지역
2016-09-12 23:52:30,3.1,18,,35.75 N,129.18 E,경북 경주시 남남서쪽 10km 지역
2016-09-12 23:18:27,3.0,17,,35.76 N,129.17 E,경북 경주시 남남서쪽 8km 지역
2016-09-12 22:47:13,2.1,13,,35.77 N,129.19 E,경북 경주시 남남서쪽 8km 지역
2016-09-12 22:23:27,2.4,17,,35.77 N,129.18 E,경북 경주시 남남서쪽 8km 지역
2016-09-12 22:22:50,2.2,17,,35.76 N,129.18 E,경북 경주시 남남서쪽 9km 지역
2016-09-12 22:18:36,2.0,17,,35.77 N,129.18 E,경북 경주시 남남서쪽 8km 지역
2016-09-12 22:17:35,2.5,15,,35.76 N,129.18 E,경북 경주시 남남서쪽 9km 지역
2016-09-12 22:13:14,2.4,17,,35.76 N,129.19 E,경북 경주시 남남서쪽 9km 지역
2016-09-12 22:08:25,2.0,18,,35.76 N,129.18 E,경북 경주시 남남서쪽 9km 지역
2016-09-12 22:06:22,2.1,16,,35.77 N,129.19 E,경북 경주시 남남서쪽 8km 지역
2016-09-12 21:54:53,2.1,12,,35.77 N,129.19 E,경북 경주시 남남서쪽 8km 지역
2016-09-12 21:54:34,2.2,16,,35.76 N,129.16 E,경북 경주시 남남서쪽 10km 지역
2016-09-12 21:38:35,2.6,18,,35.76 N,129.19 E,경북 경주시 남남서쪽 9km 지역
2016-09-12 21:33:57,2.3,17,,35.76 N,129.02 E,경북 경주시 서남서쪽 20km 지역
2016-09-12 21:20:48,2.8,19,,35.78 N,129.18 E,경북 경주시 남남서쪽 7km 지역
2016-09-12 21:16:38,2.1,13,,35.76 N,129.18 E,경북 경주시 남남서쪽 9km 지역
2016-09-12 21:09:19,2.2,15,,35.77 N,129.19 E,경북 경주시 남남서쪽 8km 지역
2016-09-12 21:07:59,2.0,15,,35.77 N,129.19 E,경북 경주시 남남서쪽 8km 지역
2016-09-12 21:00:35,2.5,18,,35.77 N,129.18 E,경북 경주시 남남서쪽 8km 지역
2016-09-12 20:58:45,2.1,16,,35.77 N,129.17 E,경북 경주시 남남서쪽 9km 지역
2016-09-12 20:55:00,2.0,11,,35.76 N,129.18 E,경북 경주시 남남서쪽 9km 지역
2016-09-12 20:51:13,2.6,16,,35.75 N,129.16 E,경북 경주시 남남서쪽 11km 지역
2016-09-12 20:47:55,2.9,16,,35.76 N,129.19 E,경북 경주시 남남서쪽 9km 지역
2016-09-12 20:47:41,2.2,14,,35.81 N,129.23 E,경북 경주시 남남동쪽 3km 지역
2016-09-12 20:46:28,2.4,16,,35.76 N,129.17 E,경북 경주시 남남서쪽 10km 지역
2016-09-12 20:45:36,2.7,14,,35.78 N,129.20 E,경북 경주시 남남서쪽 7km 지역
2016-09-12 20:45:06,2.3,15,,35.76 N,129.17 E,경북 경주시 남남서쪽 10km 지역
2016-09-12 20:44:02,2.5,17,,35.76 N,129.18 E,경북 경주시 남남서쪽 9km 지역
2016-09-12 20:43:31,2.4,13,,35.76 N,129.19 E,경북 경주시 남남서쪽 9km 지역
2016-09-12 20:42:27,2.5,13,,35.79 N,129.20 E,경북 경주시 남남서쪽 5km 지역
2016-09-12 20:40:40,3.0,17,,35.76 N,129.18 E,경북 경주시 남남서쪽 9km 지역
2016-09-12 20:39:35,3.0,16,,35.77 N,129.19 E,경북 경주시 남남서쪽 8km 지역
2016-09-12 20:38:32,3.0,15,,35.78 N,129.20 E,경북 경주시 남남서쪽 7km 지역
2016-09-12 20:36:00,3.4,13,,35.75 N,129.18 E,경북 경주시 남남서쪽 10km 지역
2016-09-12 20:34:22,3.6,12,,35.78 N,129.19 E,경북 경주시 남남서쪽 7km 지역
2016-09-12 20:32:54,5.8,15,,35.76 N,129.19 E,경북 경주시 남남서쪽 8.7km 지역
2016-09-12 20:26:22,2.5,17,,35.77 N,129.20 E,경북 경주시 남쪽 8km 지역
2016-09-12 20:17:44,2.3,18,,35.76 N,129.19 E,경북 경주시 남남서쪽 9km 지역
2016-09-12 20:10:50,3.1,18,,35.77 N,129.18 E,경북 경주시 남남서쪽 8km 지역
2016-09-12 20:09:36,2.7,13,,35.76 N,129.17 E,경북 경주시 남남서쪽 10km 지역
2016-09-12 20:08:50,2.7,18,,35.76 N,129.18 E,경북 경주시 남남서쪽 9km 지역
2016-09-12 20:07:05,2.6,21,,35.76 N,129.19 E,경북 경주시 남남서쪽 9km 지역
2016-09-12 20:04:19,2.5,20,,35.77 N,129.18 E,경북 경주시 남남서쪽 8km 지역
2016-09-12 20:00:07,2.4,19,,35.78 N,129.16 E,경북 경주시 남서쪽 8km 지역
2016-09-12 19:55:36,2.4,18,,35.76 N,129.18 E,경북 경주시 남남서쪽 9km 지역
2016-09-12 19:53:01,2.1,16,,35.77 N,129.19 E,경북 경주시 남남서쪽 8km 지역
2016-09-12 19:50:50,2.2,13,,35.77 N,129.18 E,경북 경주시 남남서쪽 8km 지역
2016-09-12 19:48:03,3.1,16,,35.77 N,129.19 E,경북 경주시 남남서쪽 8km 지역
2016-09-12 19:46:40,2.2,14,,35.76 N,129.19 E,경북 경주시 남남서쪽 9km 지역
2016-09-12 19:45:48,2.4,12,,35.78 N,129.20 E,경북 경주시 남남서쪽 7km 지역
2016-09-12 19:44:32,5.1,15,,35.77 N,129.19 E,경북 경주시 남남서쪽 8.2km 지역
2016-08-30 00:39:46,2.6,18,,35.55 N,128.03 E,경남 합천군 서쪽 13km 지역
2016-08-28 23:27:20,2.1,7,,35.65 N,127.48 E,전북 장수군 서쪽 4km 지역
2016-08-28 21:27:55,2.4,14,,38.65 N,127.16 E,북한 강원도 평강 북북서쪽 29km 지역
2016-08-20 18:54:44,2.9,18,,33.48 N,127.31 E,제주 서귀포시 성산 동북동쪽 41km 해역
2016-08-20 12:18:21,3.0,7,,38.38 N,128.09 E,북한 강원도 양구군 북북동쪽 32km 지역
2016-08-18 22:21:10,2.6,5,,38.84 N,125.70 E,북한 황해북도 송림시 북북동쪽 13km 지역
2016-08-18 17:08:46,2.1,-,,37.18 N,125.46 E,인천 옹진군 연평도 남남서쪽 58km 해역
2016-08-17 11:17:39,2.9,-,,38.35 N,128.09 E,북한 강원도 양구군 북북동쪽 28km 지역
2016-08-16 11:57:40,2.4,14,,36.75 N,128.84 E,경북 안동시 북북동쪽 22km 지역
2016-07-30 01:51:57,2.3,13,,33.06 N,126.33 E,제주 서귀포시 남서쪽 27km 해역
2016-07-14 22:31:13,2.8,12,,35.12 N,130.24 E,울산 동구 동남동쪽 86km 해역
2016-07-13 14:13:02,2.0,9,,36.80 N,128.53 E,경북 영주시 서쪽 9km 지역
2016-07-09 13:16:48,2.6,-,,38.69 N,125.83 E,북한 황해북도 송림시 동남동쪽 18km 지역
2016-07-09 04:47:52,2.3,18,,35.48 N,129.97 E,울산 동구 동쪽 50km 해역
2016-07-05 21:24:35,2.6,24,,35.51 N,129.87 E,울산 동구 동쪽 41km 해역
2016-07-05 20:33:03,5.0,19,,35.51 N,129.99 E,울산 동구 동쪽 52km 해역
2016-06-25 03:24:52,2.6,-,,38.74 N,125.86 E,북한 황해북도 송림시 20km 지역
2016-06-21 03:23:46,3.1,-,,39.49 N,126.19 E,북한 평안남도 성천군 북쪽 28km 지역
2016-06-15 02:07:18,2.6,20,,35.87 N,129.69 E,경북 포항시 남구 동남동쪽 33km 해역
2016-06-13 12:33:06,2.7,8,,34.30 N,124.68 E,전남 신안군 흑산면 서남서쪽 82km 해역
2016-06-07 16:06:42,2.3,12,,33.05 N,126.17 E,제주 제주시 고산 남쪽 27km 해역
2016-06-05 10:11:39,2.2,17,,36.00 N,129.58 E,경북 포항시 남구 동쪽 20km 해역
2016-06-03 04:53:38,3.0,10,,36.39 N,127.92 E,경북 상주시 서쪽 22km 지역
2016-05-24 04:52:21,2.3,16,,33.61 N,125.56 E,제주 제주시 고산 서북서쪽 66km 해역
2016-05-22 01:22:47,3.5,21,,40.68 N,127.15 E,북한 함경남도 장진군 북북서쪽 34km 지역
2016-05-03 03:29:09,2.4,-,,37.11 N,129.02 E,강원 태백시 남남동쪽 7km 지역
2016-04-30 22:46:41,2.6,19,,37.75 N,125.40 E,북한 황해남도 옹진군 남쪽 20km 지역
2016-04-28 10:16:43,2.4,10,,35.42 N,128.56 E,경남 창녕군 남남동쪽 15km 지역
2016-04-27 19:27:00,2.3,15,,35.57 N,128.34 E,경남 합천군 동쪽 16km 지역
2016-04-25 11:42:52,2.3,22,,33.51 N,125.91 E,제주 제주시 고산 북서쪽 34km 해역
2016-04-21 15:55:04,2.7,10,,33.53 N,125.89 E,제주 제주시 고산 북서쪽 36km 해역
2016-04-21 15:53:45,2.7,18,,33.52 N,125.92 E,제주 제주시 고산 북서쪽 34km 해역
2016-04-13 05:28:39,2.1,17,,35.92 N,127.93 E,경북 김천시 남남서쪽 28km 지역
2016-03-28 14:34:21,2.9,13,,35.22 N,127.96 E,경남 진주시 서북서쪽 12km 지역
2016-03-27 18:28:35,3.1,7,,39.38 N,126.06 E,북한 평안남도 성천시 북서쪽 20km 지역
2016-03-27 14:52:53,2.3,12,,35.33 N,130.04 E,울산 동구 동남동쪽 59km 해역
2016-03-15 03:38:34,2.5,13,,37.60 N,129.82 E,강원 삼척시 동북동쪽 60km 해역
2016-03-15 03:00:19,2.7,16,,36.31 N,128.21 E,경북 상주시 남남동쪽 12km 지역
2016-03-14 05:17:05,3.1,8,,38.71 N,125.87 E,북한 황해북도 송림시 동쪽 21km 지역
2016-03-05 11:11:53,3.3,-,,35.61 N,129.82 E,울산 동구 동북동쪽 38km 해역
2016-03-02 14:04:43,2.7,-,,36.35 N,127.20 E,충남 공주시 남동쪽 13km 지역
2016-02-28 16:52:38,2.5,6,,38.73 N,125.85 E,북한 황해북도 송림시 동쪽 19km 지역
2016-02-26 18:46:12,2.2,14,,33.23 N,127.19 E,제주 서귀포시 성산 동남동쪽 34km 해역
2016-02-24 23:22:12,2.9,20,,33.52 N,125.92 E,제주 제주시 고산 북서쪽 34km 해역
2016-02-11 05:57:44,3.1,17,,36.21 N,127.48 E,충남 금산군 북쪽 12km 지역
2016-01-31 03:03:02,2.0,28,,36.95 N,129.92 E,경북 울진군 동쪽 46 km 해역
2016-01-25 18:40:20,2.3,20,,36.22 N,128.69 E,경북 의성군 남쪽 14km 지역
2016-01-23 07:14:01,2.4,7,,38.42 N,126.25 E,북한 황해북도 평산군 북서쪽 16km 지역
2016-01-06 20:39:04,3.0,7,,36.01 N,128.07 E,경북 김천시 남쪽 14km 지역
2017-12-30 19:44:13,2.0,17,,35.76 N,129.17 E,경북 경주시 남남서쪽 9km 지역
2017-12-29 17:40:22,2.1,10,,36.11 N,129.34 E,경북 포항시 북구 북북서쪽 8km 지역
2017-12-27 19:42:44,2.3,8,,36.11 N,129.36 E,경북 포항시 북구 북쪽 7km 지역
2017-12-27 19:27:45,2.8,8,,36.11 N,129.36 E,경북 포항시 북구 북쪽 7km 지역
2017-12-26 04:05:46,2.2,6,,36.14 N,129.37 E,경북 포항시 북구 북쪽 11km 지역
2017-12-25 16:32:02,2.1,8,,36.11 N,129.36 E,경북 포항시 북구 북쪽 7km 지역
2017-12-25 16:19:22,3.5,10,,36.11 N,129.36 E,경북 포항시 북구 북쪽 8km 지역
2017-12-22 12:35:29,2.2,-,,39.31 N,127.15 E,북한 함경남도 고원 남남서쪽 15km 지역
2017-12-21 12:01:12,2.0,5,,36.72 N,128.01 E,경북 문경시 북서쪽 21km 지역
2017-12-20 19:22:34,2.3,18,,36.09 N,125.64 E,충남 태안군 서격렬비도 남쪽 57km 해역
2017-12-19 13:34:28,2.1,7,,35.77 N,129.42 E,경북 경주시 동남동쪽 20km 지역
2017-12-12 10:06:04,2.5,-,,38.32 N,126.18 E,북한 황해북도 평산 서쪽 19km 지역
2017-12-09 16:15:37,2.3,23,,35.61 N,129.99 E,울산 동구 동북동쪽 54km 해역
2017-12-09 15:40:02,2.8,-,,41.31 N,129.11 E,북한 함경북도 길주 북북서쪽 43km 지역
2017-12-09 15:13:35,3.0,16,,41.32 N,129.10 E,북한 함경북도 길주 북북서쪽 45km 지역
2017-12-09 02:39:18,2.3,9,,36.10 N,129.35 E,경북 포항시 북구 북북서쪽 7km 지역
2017-12-09 01:49:59,2.2,8,,36.10 N,129.35 E,경북 포항시 북구 북북서쪽 7km 지역
2017-12-05 23:40:53,2.7,-,,41.32 N,129.13 E,북한 함경북도 길주 북북서쪽 44km 지역
2017-12-05 21:19:32,2.1,11,,36.02 N,129.45 E,경북 포항시 남구 동쪽 9km 해역
2017-12-04 21:55:47,2.5,21,,33.42 N,127.15 E,제주 서귀포시 성산 동쪽 25km 해역
2017-12-03 01:13:47,2.1,13,,36.75 N,128.82 E,경북 안동시 북북동쪽 22km 지역
2017-12-02 07:45:56,2.5,-,,41.32 N,129.20 E,북한 함경북도 길주 북북서쪽 43km 지역
2017-12-01 16:23:48,2.7,8,,33.24 N,127.32 E,제주 서귀포시 성산 동남동쪽 44km 해역
2017-12-01 08:03:26,2.4,7,,36.10 N,129.35 E,경북 포항시 북구 북북서쪽 7km 지역
2017-11-26 03:13:48,2.9,13,,36.69 N,124.65 E,충남 태안군 서격렬비도 서쪽 79km 해역
2017-11-25 14:10:41,2.3,8,,36.11 N,129.35 E,경북 포항시 북구 북쪽 7km 지역
2017-11-25 12:51:11,2.0,8,,36.10 N,129.35 E,경북 포항시 북구 북쪽 7km 지역
2017-11-24 21:27:25,2.3,13,,34.05 N,125.57 E,전남 신안군 흑산면 남쪽 68km 해역
2017-11-24 01:17:27,2.3,8,,36.11 N,129.35 E,경북 포항시 북구 북쪽 7km 지역
2017-11-24 00:29:56,2.6,-,,37.23 N,125.04 E,인천 옹진군 연평도 남서쪽 76km 해역
2017-11-23 23:27:05,2.3,14,,36.11 N,129.37 E,경북 포항시 북구 북쪽 8km 지역
2017-11-22 22:15:41,2.0,8,,36.12 N,129.35 E,경북 포항시 북구 북쪽 9km 지역
2017-11-22 12:41:46,2.5,8,,36.10 N,129.35 E,경북 포항시 북구 북북서쪽 6km 지역
2017-11-21 09:53:01,2.4,-,,36.11 N,129.33 E,경북 포항시 북구 북북서쪽 8km 지역
2017-11-21 08:57:29,2.1,9,,36.09 N,129.34 E,경북 포항시 북구 북북서쪽 5km 지역
2017-11-21 05:58:34,2.0,13,,36.09 N,129.35 E,경북 포항시 북구 북쪽 6km 지역
2017-11-20 06:05:15,3.6,12,,36.14 N,129.36 E,경북 포항시 북구 북쪽 11km 지역
2017-11-19 23:45:47,3.5,9,,36.12 N,129.36 E,경북 포항시 북구 북쪽 9km 지역
2017-11-19 06:40:59,2.2,11,,36.09 N,129.34 E,경북 포항시 북구 북북서쪽 6km 지역
2017-11-19 05:07:05,2.1,8,,36.12 N,129.38 E,경북 포항시 북구 북쪽 9km 지역
2017-11-19 03:33:31,2.4,12,,36.09 N,129.35 E,경북 포항시 북구 북북서쪽 6km 지역
2017-11-19 01:18:38,2.0,8,,36.11 N,129.34 E,경북 포항시 북구 북북서쪽 8km 지역
2017-11-17 18:57:15,2.6,12,,36.10 N,129.35 E,경북 포항시 북구 북북서쪽 6km 지역
2017-11-17 08:25:50,2.1,11,,36.12 N,129.37 E,경북 포항시 북구 북쪽 8km지역
2017-11-17 01:17:01,2.1,11,,36.08 N,129.33 E,경북 포항시 북구 북북서쪽 6km지역
2017-11-16 19:05:05,2.4,9,,36.12 N,129.36 E,경북 포항시 북구 북쪽 9km지역
2017-11-16 17:32:49,2.2,8,,36.12 N,129.36 E,경북 포항시 북구 북쪽 9km지역
2017-11-16 17:31:21,2.0,8,,36.11 N,129.37 E,경북 포항시 북구 북쪽 7km지역
2017-11-16 16:48:31,2.4,12,,36.12 N,129.36 E,경북 포항시 북구 북쪽 8km 지역
2017-11-16 14:31:09,2.0,10,,36.10 N,129.34 E,경북 포항시 북구 북북서쪽 7km 지역
2017-11-16 14:04:04,2.3,7,,36.13 N,129.37 E,경북 포항시 북구 북쪽 10km 지역
2017-11-16 10:37:34,2.3,11,,36.10 N,129.35 E,경북 포항시 북구 북북서쪽 6km 지역
2017-11-16 09:47:28,2.1,11,,36.12 N,129.37 E,경북 포항시 북구 북쪽 9km 지역
2017-11-16 09:02:42,3.6,8,,36.12 N,129.37 E,경북 포항시 북구 북쪽 8km 지역
2017-11-16 05:54:11,2.5,10,,36.09 N,129.34 E,경북 포항시 북구 북북서쪽 6km 지역
2017-11-16 05:03:37,2.0,8,,36.08 N,129.34 E,경북 포항시 북구 북북서쪽 5km 지역
2017-11-16 02:37:43,2.3,8,,36.14 N,129.37 E,경북 포항시 북구 북쪽 11km 지역
2017-11-16 01:36:05,2.5,13,,36.14 N,129.36 E,경북 포항시 북구 북쪽 10km 지역
2017-11-16 01:23:12,2.1,11,,36.09 N,129.35 E,경북 포항시 북구 북북서쪽 6km 지역
2017-11-16 00:38:14,2.0,9,,36.09 N,129.35 E,경북 포항시 북구 북북서쪽 6km 지역
2017-11-16 00:21:53,2.4,8,,36.14 N,129.35 E,경북 포항시 북구 북쪽 10km 지역
2017-11-15 23:18:07,2.1,10,,36.13 N,129.38 E,경북 포항시 북구 북쪽 10km 지역
2017-11-15 23:05:16,2.0,12,,36.10 N,129.36 E,경북 포항시 북구 북쪽 6km 지역
2017-11-15 22:43:12,2.1,10,,36.10 N,129.36 E,경북 포항시 북구 북쪽 7km 지역
2017-11-15 22:24:30,2.1,7,,36.14 N,129.38 E,경북 포항시 북구 북쪽 11km 지역
2017-11-15 21:59:27,2.1,7,,36.14 N,129.36 E,경북 포항시 북구 북쪽 10km 지역
2017-11-15 21:35:25,2.0,10,,36.11 N,129.36 E,경북 포항시 북구 북쪽 8km 지역
2017-11-15 20:54:25,2.4,10,,36.10 N,129.35 E,경북 포항시 북구 북북서쪽 7km 지역
2017-11-15 18:59:38,2.1,9,,36.11 N,129.35 E,경북 포항시 북구 북쪽 8km 지역
2017-11-15 18:58:26,2.2,8,,36.10 N,129.35 E,경북 포항시 북구 북북서쪽 7km 지역
2017-11-15 18:57:36,2.3,8,,36.11 N,129.35 E,경북 포항시 북구 북북서쪽 8km 지역
2017-11-15 18:51:33,2.0,11,,36.14 N,129.38 E,경북 포항시 북구 북쪽 11km 지역
2017-11-15 18:48:23,2.1,5,,36.14 N,129.38 E,경북 포항시 북구 북쪽 11km 지역
2017-11-15 18:41:46,2.1,11,,36.09 N,129.32 E,경북 포항시 북구 북서쪽 6km 지역
2017-11-15 17:42:53,2.2,10,,36.14 N,129.37 E,경북 포항시 북구 북쪽 11km 지역
2017-11-15 17:11:10,2.8,-,,36.08 N,129.31 E,경북 포항시 북구 북서쪽 7km 지역
2017-11-15 16:57:53,2.2,7,,36.14 N,129.37 E,경북 포항시 북구 북쪽 11km 지역
2017-11-15 16:49:30,4.3,10,,36.12 N,129.36 E,경북 포항시 북구 북쪽 9km 지역
2017-11-15 16:18:36,2.0,6,,36.14 N,129.36 E,경북 포항시 북구 북쪽 11km 지역
2017-11-15 16:16:17,2.4,8,,36.09 N,129.35 E,경북 포항시 북구 북북서쪽 6km 지역
2017-11-15 16:11:00,2.9,12,,36.13 N,129.36 E,경북 포항시 북구 북쪽 10km 지역
2017-11-15 15:55:00,2.2,10,,36.12 N,129.37 E,경북 포항시 북구 북쪽 9km 지역
2017-11-15 15:36:19,2.3,7,,36.09 N,129.33 E,경북 포항시 북구 북북서쪽 6km 지역
2017-11-15 15:23:50,2.6,11,,36.09 N,129.35 E,경북 포항시 북구 북북서쪽 6km 지역
2017-11-15 15:19:46,2.4,11,,36.14 N,129.38 E,경북 포항시 북구 북쪽 11km 지역
2017-11-15 15:14:59,2.5,9,,36.11 N,129.35 E,경북 포항시 북구 북쪽 8km 지역
2017-11-15 15:09:49,3.5,8,,36.09 N,129.34 E,경북 포항시 북구 북북서쪽 6km 지역
2017-11-15 15:00:54,2.9,8,,36.11 N,129.35 E,경북 포항시 북구 북쪽 7km 지역
2017-11-15 14:58:19,2.9,-,,36.12 N,129.37 E,경북 포항시 북구 북쪽 9km 지역
2017-11-15 14:56:32,2.8,12,,36.10 N,129.35 E,경북 포항시 북구 북북서쪽 7km 지역
2017-11-15 14:52:55,2.4,9,,36.11 N,129.35 E,경북 포항시 북구 북쪽 8km 지역
2017-11-15 14:50:05,2.4,8,,36.10 N,129.36 E,경북 포항시 북구 북쪽 6km 지역
2017-11-15 14:46:00,2.5,6,,36.12 N,129.39 E,경북 포항시 북구 북북동쪽 9km 지역
2017-11-15 14:32:59,3.6,8,,36.10 N,129.36 E,경북 포항시 북구 북쪽 7km 지역
2017-11-15 14:29:31,5.4,7,,36.11 N,129.37 E,경북 포항시 북구 북쪽 8km 지역
2017-11-15 14:22:44,2.6,-,,36.08 N,129.31 E,경북 포항시 북구 북서쪽 7km 지역
2017-11-15 14:22:32,2.2,8,,36.11 N,129.36 E,경북 포항시 북구 북쪽 7km 지역
2017-11-14 02:17:56,2.7,-,,37.29 N,124.82 E,인천 백령도 남쪽 75km 해역
2017-11-11 17:18:51,2.2,18,,34.84 N,127.46 E,전남 순천시 남남서쪽 13km 해역
2017-11-09 13:29:42,2.0,16,,35.75 N,129.18 E,경북 경주시 남남서쪽 10km 지역
2017-11-08 17:52:49,2.0,9,,35.16 N,128.57 E,경남 창원 마산합포구 남쪽 4km 지역
2017-11-08 09:35:18,2.5,13,,33.05 N,126.20 E,제주 제주시 고산 남쪽 28km 해역
2017-10-30 11:02:10,2.1,10,,36.42 N,126.48 E,충남 보령시 북서쪽 15km 해역
2017-10-29 02:14:56,2.2,12,,34.39 N,127.34 E,전남 고흥군 남남동쪽 25km 해역
2017-10-21 13:11:20,2.7,12,,33.63 N,126.05 E,제주 제주시 고산 북북서쪽 39km 해역
2017-10-20 12:20:15,2.2,10,,38.44 N,126.16 E,북한 황해북도 평산 서북서쪽 24km 지역
2017-10-20 06:41:59,2.0,13,,35.90 N,127.54 E,전북 진안군 북동쪽 15km 지역
2017-10-18 04:56:03,2.6,16,,36.59 N,129.45 E,경북 영덕군 북북동쪽 20km 해역
2017-10-16 15:51:15,2.5,14,,35.79 N,129.19 E,경북 경주시 남남서쪽 6km 지역
2017-10-16 06:08:45,2.8,18,,33.86 N,125.30 E,전남 신안군 흑산면 남쪽 89km 해역
2017-10-13 01:41:08,2.7,-,,41.39 N,129.03 E,북한 함경북도 길주 북북서쪽 54km 지역
2017-10-08 12:18:28,2.8,16,,34.84 N,127.25 E,전남 보성군 동북동쪽 17km 지역
2017-10-04 12:10:31,2.1,11,,36.16 N,127.13 E,충남 논산시 남동쪽 4km 지역
2017-10-04 02:11:48,2.4,22,,35.56 N,129.88 E,울산 동구 동쪽 42km 해역
2017-09-30 15:34:31,2.5,18,,33.42 N,127.15 E,제주 서귀포시 성산 동쪽 25km 해역
2017-09-23 17:29:16,3.2,-,,41.35 N,129.06 E,북한 함경북도 길주 북북서쪽 49km 지역
2017-09-23 13:43:00,2.6,-,,41.35 N,129.06 E,북한 함경북도 길주 북북서쪽 49km 지역
2017-09-16 01:34:06,2.2,19,,34.25 N,127.13 E,전남 여수시 거문도 북서쪽 29km 해역
2017-09-11 17:25:57,3.2,-,,35.29 N,124.16 E,전남 신안군 흑산면 서북서쪽 139km 해역
2017-09-07 14:58:07,2.9,19,,37.60 N,125.34 E,인천 옹진군 연평도 서남서쪽 33km 해역
2017-09-01 05:57:30,2.1,18,,36.42 N,127.21 E,충남 공주시 동남동쪽 9km 지역
2017-08-29 22:06:49,2.4,7,,35.31 N,125.36 E,전남 영광군 안마도 서쪽 61km 해역
2017-08-21 01:30:16,2.1,-,,38.82 N,126.13 E,북한 평양 동남동쪽 39km 지역
2017-08-16 00:35:23,2.5,-,,38.73 N,125.69 E,북한 황해북도 송림 동쪽 5km 지역
2017-08-15 21:32:10,2.6,-,,38.73 N,125.67 E,북한 황해북도 송림 동쪽 3km 지역
2017-08-09 13:53:43,2.7,12,,33.87 N,125.52 E,전남 신안군 흑산면 남쪽 87km 해역
2017-08-07 20:53:09,2.6,-,,38.70 N,125.63 E,북한 황해북도 송림 남남서쪽 4km 지역
2017-07-20 14:38:47,2.0,11,,37.39 N,129.54 E,강원 삼척시 동남동쪽 33km 해역
2017-07-19 10:23:35,2.2,28,,33.77 N,126.12 E,제주 제주시 북서쪽 48km 해역
2017-07-18 10:31:05,2.7,16,,37.69 N,126.19 E,인천 강화군 서남서쪽 27km 해역
2017-07-09 03:43:48,2.1,18,,33.51 N,125.73 E,제주 제주시 고산 서북서쪽 47km 해역
2017-07-08 23:45:17,2.8,-,,40.40 N,127.29 E,북한 함경남도 장진 동북동쪽 5km 지역
2017-07-06 06:00:26,2.4,6,,36.00 N,127.94 E,경북 김천시 남서쪽 22km 지역
2017-07-05 19:17:30,2.5,5,,35.99 N,127.97 E,경북 김천시 남서쪽 21km 지역
2017-06-28 13:00:17,2.7,-,,40.00 N,125.81 E,북한 평안북도 영변 북쪽 22km 지역
2017-06-27 20:17:18,2.0,15,,35.77 N,129.20 E,경북 경주시 남남서쪽 8km 지역
2017-06-20 11:02:37,2.0,12,,35.85 N,129.08 E,경북 경주시 서쪽 12km 지역
2017-06-17 14:30:09,2.3,21,,33.38 N,127.21 E,제주 서귀포시 성산 동쪽 30km 해역
2017-06-15 16:56:24,2.4,13,,36.54 N,125.07 E,충남 태안군 서격렬비도 서쪽 42km 해역
2017-06-14 02:43:47,2.2,6,,38.34 N,126.14 E,북한 황해북도 평산 서쪽 22km 지역
2017-06-13 08:01:51,2.1,17,,35.74 N,129.18 E,경북 경주시 남남서쪽 11km 지역
2017-06-11 20:31:52,2.5,14,,35.77 N,129.17 E,경북 경주시 남남서쪽 9km 지역
2017-06-11 18:16:53,2.0,12,,37.28 N,129.21 E,강원 삼척시 남남동쪽 19km 지역
2017-06-04 05:16:11,2.1,18,,36.83 N,128.10 E,충북 충주시 남동쪽 24km 지역
2017-05-28 15:47:38,2.7,21,,35.67 N,129.56 E,울산 북구 동북동쪽 20km 해역
2017-05-25 11:20:07,3.0,24,,36.96 N,124.40 E,충남 태안군 서격렬비도 서북서쪽 109km 해역
2017-05-20 22:29:33,2.9,15,,37.73 N,129.62 E,강원 동해시 동북동쪽 50km 해역
2017-05-20 16:29:02,2.0,12,,35.92 N,128.27 E,경북 성주군 북서쪽 1km 지역
2017-05-16 23:29:02,2.2,6,,36.60 N,128.92 E,경북 안동시 동북동쪽 17km 지역
2017-05-16 20:06:49,2.1,-,,36.85 N,124.55 E,충남 태안군 서격렬비도 서북서쪽 92km 해역
2017-05-13 18:37:23,2.8,15,,36.61 N,129.44 E,경북 영덕군 북북동쪽 23km 해역
2017-05-10 22:31:14,2.1,16,,36.61 N,129.45 E,경북 영덕군 북북동쪽 23km 해역
2017-05-10 14:06:47,2.5,19,,35.88 N,126.19 E,전북 부안군 위도 북북서쪽 32km 해역
2017-05-05 23:16:21,3.0,11,,35.32 N,127.43 E,전남 구례군 북북서쪽 13km 지역
2017-05-05 00:02:55,2.0,15,,36.73 N,128.10 E,경북 문경시 북북서쪽 18km 지역
2017-05-04 21:46:23,2.4,14,,36.74 N,128.10 E,경북 문경시 북북서쪽 18km 지역
2017-05-04 01:08:27,2.6,16,,36.61 N,129.44 E,경북 영덕군 북북동쪽 22km 해역
2017-04-28 11:19:23,2.1,13,,36.60 N,128.81 E,경북 안동시 동북동쪽 8km 지역
2017-04-28 05:54:29,2.4,5,,33.33 N,127.85 E,제주 서귀포시 성산 동쪽 90km 해역
2017-04-20 16:00:21,3.2,-,,33.77 N,127.28 E,전남 여수시 거문도 남쪽 29km 해역
2017-04-18 17:36:38,2.1,12,,35.50 N,128.88 E,경남 밀양시 동쪽 12km 지역
2017-04-18 01:17:44,2.0,16,,35.76 N,129.18 E,경북 경주시 남남서쪽 9km 지역
2017-04-16 21:39:21,2.2,6,,36.70 N,125.18 E,충남 태안군 서격렬비도 서북서쪽 33km 해역
2017-04-15 17:16:47,2.0,8,,36.11 N,129.37 E,경북 포항시 북구 북쪽 8km 지역
2017-04-15 11:31:13,3.1,13,,36.11 N,129.36 E,경북 포항시 북구 북쪽 8km 지역
2017-04-15 05:41:52,2.2,15,,35.76 N,129.18 E,경북 경주시 남남서쪽 9km 지역
2017-04-10 04:02:49,2.3,17,,35.16 N,128.77 E,경남 창원시 진해구 동북동쪽 6km 지역
2017-04-09 14:12:45,2.4,5,,38.99 N,126.20 E,북한 평안남도 성천 남쪽 28km 지역
2017-04-09 01:45:53,2.1,13,,35.76 N,129.20 E,경북 경주시 남쪽 9km 지역
2017-04-08 23:13:13,2.1,-,,38.72 N,125.61 E,북한 황해북도 송림 북북서쪽 2km 지역
2017-04-08 18:20:49,2.7,11,,35.76 N,129.18 E,경북 경주시 남남서쪽 9km 지역
2017-04-07 00:04:09,2.0,-,,35.97 N,127.80 E,전북 무주군 동남동쪽 13km 지역
2017-04-04 23:25:52,2.2,21,,35.67 N,129.85 E,울산 동구 동북동쪽 43km 해역
2017-04-01 16:04:16,2.2,16,,35.78 N,129.20 E,경북 경주시 남남서쪽 7km 지역
2017-03-31 13:53:28,2.5,15,,35.78 N,129.20 E,경북 경주시 남남서쪽 6km 지역
2017-03-31 13:46:09,3.3,17,,35.78 N,129.20 E,경북 경주시 남남서쪽 7km 지역
2017-03-30 21:49:53,2.0,17,,35.76 N,129.19 E,경북 경주시 남남서쪽 9km 지역
2017-03-28 15:45:38,2.0,16,,35.79 N,129.20 E,경북 경주시 남남서쪽 5km 지역
2017-03-28 00:48:39,2.2,-,,37.17 N,125.48 E,인천 옹진군 연평도 남남서쪽 58km 해역
2017-03-27 09:28:26,2.0,9,,35.21 N,126.95 E,광주 북구 북동쪽 5km 지역
2017-03-21 23:19:48,2.4,-,,38.52 N,126.03 E,북한 황해북도 사리원 동쪽 23km 지역
2017-03-19 03:01:14,2.9,14,,33.32 N,127.18 E,제주 서귀포시 성산 동남동쪽 29km 해역
2017-03-14 05:41:43,2.1,22,,34.64 N,127.78 E,전남 여수시 남동쪽 17km 지역
2017-03-09 02:24:31,2.0,22,,35.82 N,129.78 E,경북 포항시 남구 동남동쪽 43km 해역
2017-03-07 06:53:36,2.6,-,,37.75 N,129.71 E,강원 동해시 동북동쪽 58km 해역
2017-03-07 03:48:07,2.2,20,,36.30 N,128.23 E,경북 구미시 북북서쪽 23km 지역
2017-03-06 06:21:33,2.0,-,,35.75 N,126.10 E,전북 부안군 위도 북서쪽 24km 해역
2017-03-05 19:19:07,2.1,7,,37.77 N,129.70 E,강원 동해시 동북동쪽 58km 해역
2017-03-05 15:09:40,2.1,9,,37.72 N,129.59 E,강원 동해시 동북동쪽 47km 해역
2017-03-05 09:28:49,2.4,8,,37.74 N,129.69 E,강원 동해시 동북동쪽 56km 해역
2017-03-05 09:18:27,3.2,13,,37.75 N,129.66 E,강원 동해시 동북동쪽 54km 해역
2017-03-05 07:52:04,2.4,17,,35.75 N,129.17 E,경북 경주시 남남서쪽 11km 지역
2017-03-04 06:33:12,2.3,7,,35.99 N,127.95 E,경북 김천시 남서쪽 22km 지역
2017-02-25 06:59:07,2.4,15,,35.74 N,129.18 E,경북 경주시 남남서쪽 11km 지역
2017-02-25 06:58:44,2.2,19,,35.74 N,129.17 E,경북 경주시 남남서쪽 12km 지역
2017-02-24 12:29:38,2.5,8,,38.89 N,126.09 E,북한 평양 동남동쪽 33km 지역
2017-02-24 11:34:44,2.3,14,,36.38 N,127.79 E,충북 옥천군 동북동쪽 21km 지역
2017-02-23 21:03:51,3.1,7,,37.40 N,124.89 E,인천 백령도 남남동쪽 64km 해역
2017-02-22 13:08:50,2.1,14,,35.77 N,129.18 E,경북 경주시 남남서쪽 8km 지역
2017-02-21 03:21:11,2.1,14,,35.76 N,129.20 E,경북 경주시 남쪽 9km 지역
2017-02-18 20:58:19,2.4,17,,35.23 N,126.94 E,광주 북구 북북동쪽 7km 지역
2017-02-18 16:53:49,2.0,15,,33.23 N,126.18 E,제주 서귀포시 서쪽 35km 해역
2017-02-16 18:20:19,2.3,17,,35.64 N,128.09 E,경남 합천군 북서쪽 11km 지역
2017-02-16 02:34:56,2.9,15,,35.78 N,129.20 E,경북 경주시 남남서쪽 7km 지역
2017-02-12 09:22:27,2.3,22,,35.69 N,129.58 E,울산 북구 동북동쪽 23km 해역
2017-02-10 18:01:35,2.6,-,,38.54 N,125.84 E,북한 황해북도 사리원 동북동쪽 8km 지역
2017-02-10 05:22:41,2.2,20,,35.65 N,129.57 E,울산 북구 동북동쪽 20km 해역
2017-02-05 20:06:15,2.6,-,,39.61 N,127.64 E,북한 함경남도 함흥 남남동쪽 34km 해역
2017-02-05 19:07:29,2.5,21,,33.61 N,126.73 E,제주 제주시 동북동쪽 22km 해역
2017-01-29 13:45:53,2.6,8,,38.70 N,127.16 E,북한 강원 평강 북북서쪽 34km 지역
2017-01-26 22:53:38,2.0,-,,33.54 N,126.87 E,제주 제주시 동쪽 32km 해역
2017-01-24 04:07:56,2.6,16,,35.77 N,129.17 E,경북 경주시 남남서쪽 9km 지역
2017-01-21 03:27:38,2.6,15,,35.75 N,129.18 E,경북 경주시 남남서쪽 10km 지역
2017-01-18 12:49:53,2.5,-,,35.02 N,125.06 E,전남 신안군 흑산면 북서쪽 56km 해역
2017-01-17 16:06:56,2.8,6,,38.71 N,125.86 E,북한 황해북도 송림 동쪽 20km 지역
2017-01-16 19:54:13,2.1,20,,36.33 N,126.59 E,충남 보령시 서쪽 2km 지역
2017-01-16 06:57:31,2.7,21,,33.64 N,127.51 E,전남 여수시 거문도 남남동쪽 47km 해역
2017-01-14 11:52:55,2.2,10,,35.17 N,127.79 E,경남 하동군 북북동쪽 12km 지역
2017-01-11 00:10:05,2.1,20,,36.44 N,128.42 E,경북 의성군 서북서쪽 27km 지역
2017-01-07 06:37:41,2.4,-,,38.69 N,125.73 E,북한 황해북도 송림 동남동쪽 10km 지역
2017-01-06 05:33:23,2.2,12,,35.75 N,129.18 E,경북 경주시 남남서쪽 10km 지역
2017-01-06 05:31:13,3.3,12,,35.75 N,129.17 E,경북 경주시 남남서쪽 11km 지역
2017-01-04 05:00:47,2.5,18,,36.58 N,129.24 E,경북 영덕군 북북서쪽 22km 지역
2018-12-27 03:10:48,2.0,5,Ⅱ,36.99 N,128.89 E,경북 봉화군 북동쪽 18km 지역
2018-12-21 16:06:12,2.7,12,Ⅲ,35.76 N,127.95 E,경남 거창군 북북동쪽 9km 지역
2018-12-20 13:23:24,2.0,21,Ⅰ,35.88 N,129.69 E,경북 포항시 남구 동남동쪽 33km 해역
2018-12-17 02:16:27,2.2,20,Ⅱ,36.53 N,129.65 E,경북 영덕군 동북동쪽 28km 해역
2018-12-12 03:43:04,2.1,12,Ⅰ,35.72 N,126.78 E,전북 부안군 동남동쪽 4km 지역
2018-12-09 14:06:18,2.2,19,Ⅱ,35.86 N,129.69 E,경북 포항시 남구 동남동쪽 34km 해역
2018-12-08 04:16:41,2.4,17,Ⅰ,36.31 N,128.25 E,경북 구미시 북북서쪽 23km 지역
2018-12-05 08:28:20,2.5,17,Ⅰ,36.45 N,129.62 E,경북 영덕군 동쪽 23km 해역
2018-12-05 08:01:08,2.1,17,Ⅰ,36.45 N,129.62 E,경북 영덕군 동쪽 23km 해역
2018-11-29 14:52:39,2.1,17,Ⅰ,37.32 N,129.69 E,경북 울진군 북동쪽 44km 해역
2018-11-29 03:05:23,3.3,13,Ⅰ,34.94 N,124.53 E,전남 신안군 흑산도 서북서쪽 92km 해역
2018-11-25 23:27:27,2.1,12,Ⅰ,33.15 N,126.09 E,제주 서귀포시 서남서쪽 45km 해역
2018-11-25 02:58:33,2.2,-,Ⅰ,38.73 N,125.92 E,북한 황해북도 송림 동쪽 25km 지역
2018-11-24 08:16:44,2.9,10,Ⅰ,38.70 N,127.16 E,북한 강원 평강 북북서쪽 34km 지역
2018-11-22 18:36:18,2.2,19,Ⅰ,35.91 N,129.71 E,경북 포항시 남구 동남동쪽 33km 해역
2018-11-20 14:10:27,2.3,17,Ⅰ,33.52 N,127.29 E,전남 여수시 거문도 남쪽 57km 해역
2018-11-19 03:34:49,2.1,19,,36.42 N,127.30 E,대전 유성구 북서쪽 8km 지역
2018-11-05 12:07:15,3.1,15,Ⅰ,37.85 N,124.87 E,북한 황해남도 용연 남쪽 35km 해역
2018-11-05 12:01:55,3.2,-,Ⅱ,37.80 N,124.90 E,북한 황해남도 용연 남쪽 40km 해역
2018-11-04 17:04:44,2.5,15,Ⅱ,36.08 N,128.25 E,경북 김천시 동남동쪽 14km 지역
2018-10-25 05:53:46,2.3,16,,35.76 N,129.19 E,경북 경주시 남남서쪽 9km 지역
2018-10-24 15:14:21,2.2,7,Ⅰ,38.04 N,125.37 E,북한 황해남도 옹진 북쪽 12km 지역
2018-10-22 12:09:26,2.1,11,Ⅰ,35.61 N,124.94 E,전북 군산시 어청도 서남서쪽 109km 해역
2018-10-20 01:22:40,2.6,-,Ⅰ,37.26 N,129.96 E,경북 울진군 동북동쪽 58km 해역
2018-10-17 03:14:44,2.0,14,Ⅱ,36.16 N,127.30 E,충남 논산시 동쪽 18km 지역
2018-10-14 14:46:03,2.4,-,Ⅰ,37.49 N,124.58 E,인천 옹진군 백령도 남쪽 52km 해역
2018-10-12 16:43:00,2.3,13,Ⅰ,38.67 N,127.18 E,북한 강원 평강 북북서쪽 30km 지역
2018-09-27 12:24:32,2.4,-,Ⅰ,38.74 N,125.70 E,북한 황해북도 송림 동쪽 6km 지역
2018-09-25 04:05:47,2.5,16,Ⅰ,33.46 N,125.80 E,제주 제주시 서쪽 68km 해역
2018-09-24 17:38:25,2.8,-,Ⅰ,40.20 N,127.70 E,북한 함경남도 신흥 북동쪽 30km 지역
2018-09-17 10:52:48,2.4,12,Ⅱ,36.05 N,129.69 E,경북 포항시 북구 동쪽 29km 해역
2018-09-15 21:45:44,2.4,-,Ⅰ,37.07 N,129.91 E,경북 울진군 동쪽 46km 해역
2018-09-14 09:08:13,2.2,14,Ⅱ,36.78 N,128.36 E,경북 문경시 북동쪽 26km 지역
2018-08-29 05:01:29,2.5,11,Ⅰ,37.00 N,129.32 E,경북 울진군 서쪽 7km 지역
2018-08-24 21:28:24,2.1,18,Ⅰ,34.33 N,127.42 E,전남 고흥군 남남동쪽 34km 해역
2018-08-24 02:57:16,2.6,12,Ⅰ,37.92 N,125.68 E,북한 황해남도 해주 남남서쪽 14km 지역
2018-08-15 03:02:02,2.5,26,Ⅰ,37.27 N,130.63 E,경북 울릉군 울릉도 남서쪽 34km 해역
2018-08-10 21:41:19,2.4,-,Ⅰ,33.21 N,127.53 E,제주 서귀포시 동쪽 90km 해역
2018-08-09 00:23:08,2.1,-,Ⅰ,37.03 N,125.27 E,충남 태안군 서격렬비도 북북서쪽 53km 해역
2018-08-09 00:21:24,2.1,-,Ⅰ,37.03 N,125.30 E,충남 태안군 서격렬비도 북북서쪽 51km 해역
2018-07-22 13:59:11,2.9,13,Ⅰ,33.41 N,125.91 E,제주 제주시 서쪽 58km 해역
2018-07-21 23:30:47,2.2,13,Ⅱ,34.47 N,127.25 E,전남 고흥군 남남서쪽 16km 해역
2018-07-20 12:29:33,2.3,21,Ⅰ,35.84 N,129.79 E,경북 포항시 남구 동남동쪽 43km 해역
2018-07-20 12:14:33,2.4,20,Ⅰ,36.01 N,126.16 E,전북 군산시 어청도 남동쪽 21km 해역
2018-07-19 05:52:11,2.5,23,Ⅰ,35.83 N,129.80 E,경북 포항시 남구 동남동쪽 44km 해역
2018-07-17 20:19:12,2.7,-,Ⅳ,35.91 N,127.81 E,전북 무주군 남동쪽 17km 지역
2018-07-04 04:39:40,2.1,10,,37.30 N,127.70 E,경기 여주시 동쪽 6km 지역
2018-07-01 15:33:22,2.2,18,,37.63 N,129.48 E,강원 삼척시 북동쪽 34km 해역
2018-06-28 21:03:26,2.2,-,,36.99 N,125.25 E,충남 태안군 서격렬비도 북북서쪽 50km 해역
2018-06-28 18:43:00,2.7,9,Ⅲ,38.18 N,127.34 E,강원 철원군 북북동쪽 4km 지역
2018-06-20 23:06:49,2.1,14,,34.90 N,124.81 E,전남 신안군 흑산면 서북서쪽 66km 해역
2018-06-16 21:05:25,2.3,-,,37.19 N,129.08 E,강원 삼척시 남남서쪽 30km 지역
2018-06-15 11:10:02,2.1,14,,36.39 N,128.49 E,경북 의성군 서북서쪽 19km 지역
2018-06-09 17:38:46,2.3,18,Ⅰ,35.87 N,129.73 E,경북 포항시 남구 동남동쪽 37km 해역
2018-05-31 16:38:15,2.8,8,,38.53 N,127.68 E,북한 강원 회양 남남동쪽 19km 지역
2018-05-31 00:13:22,2.6,17,,36.22 N,129.38 E,경북 포항시 북구 북쪽 20km 지역
2018-05-22 00:12:41,2.2,18,,36.37 N,129.49 E,경북 영덕군 동남동쪽 12km 해역
2018-05-20 13:58:31,2.0,10,,34.16 N,125.61 E,전남 신안군 흑산면 남남동쪽 56km 해역
2018-05-14 02:07:38,2.5,16,,33.62 N,125.58 E,제주 제주시 고산 서북서쪽 65km 해역
2018-05-07 01:52:08,2.0,16,,36.72 N,128.37 E,경북 예천군 북서쪽 10km 지역
2018-05-04 19:20:49,2.0,12,,36.10 N,127.70 E,충북 영동군 남서쪽 11km 지역
2018-05-02 12:34:36,2.5,11,,36.56 N,127.63 E,충북 보은군 북서쪽 11km 지역
2018-05-01 19:09:05,2.0,15,,35.77 N,129.20 E,경북 경주시 남쪽 8km 지역
2018-04-24 05:20:32,2.5,10,,37.06 N,125.92 E,인천 옹진군 덕적도 남서쪽 27km 해역
2018-04-23 13:10:21,2.4,17,,33.21 N,126.40 E,제주 서귀포시 서남서쪽 16km 해역
2018-04-23 04:31:17,2.3,-,,41.35 N,129.12 E,북한 함경북도 길주 북북서쪽 47km 지역
2018-04-09 12:15:40,2.4,16,,35.76 N,129.19 E,경북 경주시 남남서쪽 8km 지역
2018-04-06 21:09:11,2.6,24,,36.08 N,129.82 E,경북 포항시 북구 동쪽 41km 해역
2018-03-31 00:20:12,2.0,8,,36.10 N,129.36 E,경북 포항시 북구 북쪽 7km 지역
2018-03-26 09:40:39,2.7,-,,37.78 N,124.84 E,인천 옹진군 백령도 남동쪽 24km 해역
2018-03-16 18:02:47,2.7,12,,36.10 N,129.35 E,경북 포항시 북구 북북서쪽 7km 지역
2018-03-16 00:23:23,2.0,6,,36.98 N,128.42 E,충북 단양군 동남동쪽 5km 지역
2018-03-10 01:31:39,2.8,6,,36.14 N,129.37 E,경북 포항시 북구 북쪽 11km 지역
2018-03-09 18:05:37,2.2,7,,36.95 N,126.45 E,충남 서산시 북쪽 18km 지역
2018-03-08 23:38:41,2.0,17,,35.31 N,127.32 E,전남 곡성군 북동쪽 4km 지역
2018-03-08 23:16:47,2.0,15,,35.30 N,127.33 E,전남 곡성군 동북동쪽 4km 지역
2018-03-04 00:52:47,2.6,9,,38.13 N,130.33 E,경북 울릉군 북서쪽 88km 해역
2018-02-27 13:14:45,2.4,13,,37.09 N,124.87 E,충남 태안군 서격렬비도 북서쪽 80km 해역
2018-02-26 11:06:57,2.5,6,,34.52 N,125.32 E,전남 신안군 흑산면 남서쪽 20km 해역
2018-02-26 02:23:03,2.4,16,,33.97 N,126.87 E,전남 완도군 남남동쪽 39km 해역
2018-02-18 03:34:27,2.4,9,,36.07 N,129.33 E,경북 포항시 북구 북서쪽 4km 지역
2018-02-17 23:38:56,2.2,10,,36.10 N,129.35 E,경북 포항시 북구 북북서쪽 6km 지역
2018-02-17 21:31:18,2.6,8,,36.09 N,129.33 E,경북 포항시 북구 북북서쪽 6km 지역
2018-02-17 18:35:48,2.0,12,,36.11 N,129.37 E,경북 포항시 북구 북쪽 8km 지역
2018-02-14 02:14:26,2.3,8,,37.80 N,125.38 E,북한 황해남도 옹진 남쪽 14km 해역
2018-02-13 10:32:10,2.5,10,,36.12 N,129.37 E,경북 포항시 북구 북쪽 9km 지역
2018-02-13 06:30:12,2.6,9,,36.07 N,129.33 E,경북 포항시 북구 북서쪽 5km 지역
2018-02-11 12:49:37,2.4,16,,36.08 N,129.33 E,경북 포항시 북구 북서쪽 5km 지역
2018-02-11 12:14:28,2.1,9,,36.08 N,129.32 E,경북 포항시 북구 북서쪽 6km 지역
2018-02-11 08:11:38,2.1,13,,36.08 N,129.34 E,경북 포항시 북구 북북서쪽 5km 지역
2018-02-11 05:38:06,2.1,10,,36.09 N,129.32 E,경북 포항시 북구 북서쪽 7km 지역
2018-02-11 05:18:56,2.1,8,,36.07 N,129.32 E,경북 포항시 북구 북서쪽 5km 지역
2018-02-11 05:14:05,2.2,10,,36.08 N,129.33 E,경북 포항시 북구 북서쪽 5km 지역
2018-02-11 05:12:06,2.2,11,,36.07 N,129.34 E,경북 포항시 북구 북서쪽 4km 지역
2018-02-11 05:07:23,2.5,12,,36.08 N,129.33 E,경북 포항시 북구 북서쪽 5km 지역
2018-02-11 05:03:03,4.6,14,,36.08 N,129.33 E,경북 포항시 북구 북서쪽 5km 지역
2018-02-10 01:32:38,2.4,10,,36.60 N,125.76 E,충남 태안군 서격렬비도 동쪽 20km 해역
2018-02-09 00:43:45,2.5,-,,33.92 N,125.22 E,전남 신안군 흑산면 남남서쪽 85km 해역
2018-02-08 09:56:49,2.7,9,,35.10 N,124.99 E,전남 신안군 흑산면 북서쪽 67km 해역
2018-02-08 06:46:01,2.7,-,,41.32 N,129.09 E,북한 함경북도 길주 북북서쪽 45km 지역
2018-02-06 19:53:53,2.6,-,,41.33 N,129.10 E,북한 함경북도 길주 북북서쪽 46Km 지역
2018-02-06 09:18:33,2.5,12,,36.08 N,129.33 E,경북 포항시 북구 북서쪽 5km 지역
2018-02-04 22:20:35,2.3,8,,36.06 N,129.31 E,경북 포항시 북구 서북서쪽 5km 지역
2018-02-04 18:50:25,2.8,14,,36.37 N,127.62 E,충북 옥천군 북북동쪽 8km 지역
2018-02-04 15:43:38,2.1,7,,36.11 N,129.36 E,경북 포항시 북구 북쪽 8km 지역
2018-02-03 12:35:01,2.6,19,,33.77 N,127.40 E,전남 여수시 거문도 남남동쪽 30km 해역
2018-02-03 11:12:18,2.0,6,,36.14 N,129.36 E,경북 포항시 북구 북쪽 11km 지역
2018-02-02 12:21:12,2.9,9,,36.12 N,129.37 E,경북 포항시 북구 북쪽 9km 지역
2018-01-28 20:07:06,3.2,6,,40.24 N,127.30 E,북한 함경남도 장진 남남동쪽 16km 지역
2018-01-24 01:25:17,2.4,16,,34.32 N,127.32 E,전남 여수시 거문도 북쪽 32km 해역
2018-01-10 18:42:59,2.0,20,,36.26 N,127.34 E,대전 서구 남남서쪽 12km 지역
2018-01-09 16:17:51,2.1,20,,33.98 N,127.11 E,전남 여수시 거문도 서남서쪽 19km 해역
2018-01-06 02:47:16,2.2,12,,37.71 N,125.94 E,북한 황해남도 해주 남남동쪽 42km 해역
2018-01-01 19:11:53,2.0,8,,36.11 N,129.36 E,경북 포항시 북구 북쪽 8km 지역
2018-01-01 18:35:01,2.1,-,,38.33 N,126.16 E,북한 황해북도 평산 서쪽 20km 지역
2019-12-30 01:44:02,2.1,19,Ⅱ,35.56 N,128.90 E,경남 밀양시 동북동쪽 15km 지역
2019-12-30 00:32:08,3.5,20,Ⅳ,35.56 N,128.90 E,경남 밀양시 동북동쪽 15km 지역
2019-12-29 08:43:26,2.3,17,Ⅰ,33.33 N,127.16 E,제주 서귀포시 동쪽 56km 해역
2019-12-24 06:19:16,2.4,18,Ⅰ,33.29 N,127.16 E,제주 서귀포시 동쪽 56km 해역
2019-12-17 16:00:30,2.1,11,Ⅰ,38.01 N,126.00 E,북한 황해남도 해주 동쪽 25km 지역
2019-12-15 14:15:40,2.0,11,Ⅲ,37.16 N,126.22 E,충남 서산시 북북서쪽 46km 해역
2019-12-12 20:29:55,2.1,21,Ⅰ,33.55 N,126.92 E,제주 제주시 동쪽 36km 해역
2019-12-08 12:09:24,2.0,-,Ⅰ,35.12 N,124.96 E,전남 신안군 흑산도 북서쪽 70km 해역
2019-12-04 17:19:20,2.6,9,Ⅰ,33.94 N,124.70 E,전남 신안군 흑산도 남서쪽 106km 해역
2019-11-29 12:04:43,2.0,21,Ⅰ,36.86 N,129.79 E,경북 울진군 동남동쪽 38km 해역
2019-11-21 19:55:50,2.4,12,Ⅰ,33.83 N,128.09 E,전남 여수시 거문도 동남동쪽 75km 해역
2019-11-21 06:08:07,2.3,6,Ⅰ,35.13 N,124.93 E,전남 신안군 흑산도 북서쪽 73km 해역
2019-11-09 23:14:14,2.4,9,Ⅰ,37.62 N,124.65 E,인천 옹진군 백령도 남쪽 37km 해역
2019-10-31 16:29:34,2.1,-,Ⅲ,37.24 N,126.11 E,인천 옹진군 서남서쪽 52km 지역
2019-10-30 02:01:41,2.3,5,Ⅰ,36.68 N,128.61 E,경북 안동시 북서쪽 16km 지역
2019-10-27 15:37:26,3.4,11,Ⅳ,35.41 N,128.49 E,경남 창녕군 남쪽 15km 지역
2019-10-20 00:05:10,2.2,10,Ⅰ,33.41 N,125.13 E,제주 제주시 서쪽 130km 해역
2019-10-15 22:30:59,2.3,-,Ⅰ,38.77 N,125.71 E,북한 황해북도 송림 동북동쪽 8km 지역
2019-10-13 19:52:44,2.0,20,Ⅰ,36.53 N,129.65 E,경북 영덕군 동북동쪽 28km 해역
2019-10-12 20:46:03,2.5,17,Ⅰ,35.18 N,129.77 E,울산 동구 남동쪽 48km 해역
2019-10-04 03:57:23,2.6,9,Ⅲ,35.47 N,128.86 E,경남 밀양시 동남동쪽 11km 지역
2019-10-02 22:36:57,2.3,11,Ⅰ,38.79 N,125.78 E,북한 황해북도 송림 동북동쪽 14km 지역
2019-09-26 02:57:31,2.3,8,Ⅰ,36.09 N,129.33 E,경북 포항시 북구 북북서쪽 6km 지역
2019-09-22 11:07:27,3.3,17,Ⅱ,34.16 N,125.16 E,전남 신안군 흑산도 남남서쪽 62km 해역
2019-09-21 15:11:16,3.5,17,Ⅱ,38.67 N,127.17 E,북한 강원 평강 북북서쪽 31km 지역
2019-09-19 18:19:05,2.6,6,Ⅰ,33.65 N,124.99 E,전남 신안군 흑산도 남남서쪽 120km 해역
2019-09-11 04:52:07,2.0,9,Ⅰ,38.13 N,127.09 E,경기 연천군 북북동쪽 4km 지역
2019-09-07 23:38:06,2.0,14,Ⅰ,35.48 N,129.54 E,울산 동구 동남동쪽 12km 해역
2019-09-01 12:58:34,2.3,16,Ⅰ,39.51 N,126.10 E,북한 평안남도 개천 남동쪽 27km 지역
2019-08-28 14:22:29,2.5,26,Ⅰ,36.24 N,130.01 E,경북 영덕군 동남동쪽 61km 해역
2019-08-23 19:50:48,2.7,7,Ⅲ,37.96 N,124.69 E,인천 옹진군 백령도 북동쪽 1km 지역
2019-08-20 10:34:52,2.8,22,Ⅰ,33.57 N,124.81 E,전남 신안군 흑산도 남남서쪽 135km 해역
2019-08-11 18:19:50,2.1,10,Ⅰ,37.97 N,124.63 E,인천 옹진군 백령도 서북서쪽 5km 지역
2019-08-10 22:45:57,2.3,18,Ⅰ,33.78 N,126.92 E,전남 여수시 거문도 남서쪽 45km 해역
2019-08-09 19:30:43,2.2,-,Ⅰ,39.31 N,124.71 E,북한 평안북도 철산 남쪽 51km 해역
2019-07-30 05:45:15,2.1,6,Ⅱ,35.00 N,128.30 E,경남 고성군 북서쪽 4km 지역
2019-07-25 01:46:09,2.8,13,Ⅰ,37.35 N,129.84 E,경북 울진군 북동쪽 56km 해역
2019-07-22 01:15:45,2.0,13,Ⅰ,35.82 N,125.56 E,전북 군산시 어청도 남서쪽 50km 해역
2019-07-21 11:04:18,3.9,14,Ⅳ,36.50 N,128.10 E,경북 상주시 북북서쪽 11km 지역
2019-07-20 00:38:40,2.0,15,Ⅰ,36.33 N,128.08 E,경북 상주시 남서쪽 11km 지역
2019-07-10 01:55:40,2.1,6,Ⅰ,38.70 N,125.73 E,북한 황해북도 송림 동남동쪽 9km 지역
2019-07-08 14:04:44,2.2,20,Ⅰ,37.89 N,129.55 E,강원 동해시 북동쪽 56km 해역
2019-07-02 20:51:51,2.7,21,Ⅰ,35.88 N,129.69 E,경북 포항시 남구 동남동쪽 33km 해역
2019-06-27 15:39:46,2.1,-,Ⅰ,38.75 N,125.71 E,북한 황해북도 송림 동북동쪽 7km 지역
2019-06-27 15:37:27,2.5,-,Ⅰ,38.77 N,125.70 E,북한 황해북도 송림 북동쪽 7km 지역
2019-06-27 15:19:51,3.9,-,Ⅰ,38.80 N,125.69 E,북한 황해북도 송림 북동쪽 9km 지역
2019-06-23 18:41:15,2.4,16,Ⅲ,36.69 N,128.41 E,경북 예천군 북서쪽 5km 지역
2019-06-23 13:15:09,2.4,6,Ⅰ,38.75 N,125.73 E,북한 황해북도 송림 동쪽 8km 지역
2019-06-23 05:26:22,3.4,-,Ⅰ,38.81 N,125.70 E,북한 황해북도 송림 북동쪽 10km 지역
2019-06-22 05:49:36,3.4,-,Ⅰ,38.81 N,125.70 E,북한 황해북도 송림 북동쪽 10km 지역
2019-06-22 05:43:59,2.7,-,Ⅰ,38.81 N,125.71 E,북한 황해북도 송림 북동쪽 10km 지역
2019-06-21 13:20:41,2.5,7,Ⅰ,38.81 N,125.68 E,북한 황해북도 송림 북북동쪽 9km 지역
2019-06-15 22:07:11,2.2,21,Ⅲ,35.71 N,126.36 E,전북 부안군 서쪽 34km 해역
2019-06-11 23:18:53,2.5,19,Ⅲ,35.76 N,129.19 E,경북 경주시 남남서쪽 9km 지역
2019-05-17 11:08:33,2.4,6,Ⅰ,38.37 N,126.30 E,북한 황해북도 평산 서북서쪽 9km 지역
2019-05-16 00:35:45,3.3,5,Ⅰ,39.15 N,126.47 E,북한 평안남도 양덕 서남서쪽 16km 지역
2019-05-13 23:50:38,2.4,17,Ⅰ,33.35 N,127.17 E,제주 서귀포시 동쪽 58km 해역
2019-05-10 16:05:58,2.0,12,Ⅰ,36.56 N,129.64 E,경북 영덕군 동북동쪽 29km 해역
2019-05-05 16:57:04,2.1,18,Ⅰ,36.55 N,129.54 E,경북 영덕군 북동쪽 22km 해역
2019-05-04 05:43:15,2.4,6,Ⅰ,37.42 N,124.56 E,인천 옹진군 백령도 남쪽 60km 해역
2019-04-27 01:10:06,2.5,17,Ⅰ,33.79 N,126.09 E,제주 제주시 북서쪽 52km 해역
2019-04-22 05:45:19,3.8,21,Ⅲ,36.86 N,129.80 E,경북 울진군 동남동쪽 38km 해역
2019-04-19 11:16:43,4.3,32,Ⅳ,37.88 N,129.54 E,강원 동해시 북동쪽 54km 해역
2019-03-28 16:21:56,2.2,16,Ⅰ,33.62 N,126.94 E,제주 제주시 동북동쪽 40km 해역
2019-03-21 07:13:35,2.7,6,Ⅰ,37.56 N,125.20 E,인천 옹진군 연평도 서남서쪽 45km 해역
2019-03-21 04:41:05,2.8,11,Ⅰ,41.32 N,129.09 E,북한 함경북도 길주 북북서쪽 45km 지역
2019-03-19 05:31:06,2.2,11,Ⅰ,38.01 N,126.00 E,북한 황해남도 해주 동쪽 25km 지역
2019-03-17 19:28:00,2.3,13,Ⅱ,36.34 N,127.87 E,충북 옥천군 동쪽 27km 지역
2019-03-13 12:20:20,2.4,13,Ⅰ,33.63 N,126.93 E,제주 제주시 동북동쪽 40km 해역
2019-03-11 04:27:00,2.4,15,Ⅰ,33.47 N,126.40 E,제주 제주시 서남서쪽 13km 지역
2019-03-09 15:06:45,2.0,12,Ⅱ,36.82 N,128.73 E,경북 봉화군 남쪽 8km 지역
2019-03-03 14:25:57,2.5,-,Ⅰ,39.63 N,127.12 E,북한 함경남도 금야 북서쪽 15km 지역
2019-02-27 21:22:35,2.2,12,Ⅰ,37.31 N,124.74 E,인천 옹진군 백령도 남쪽 72km 해역
2019-02-25 09:30:34,2.9,10,Ⅲ,36.77 N,129.03 E,경북 영양군 북북서쪽 14km 지역
2019-02-20 22:14:47,2.9,14,Ⅰ,36.51 N,125.50 E,충남 태안군 서격렬비도 남남서쪽 12km 해역
2019-02-18 05:33:10,2.4,19,Ⅱ,36.72 N,128.41 E,경북 예천군 북북서쪽 8km 지역
2019-02-17 22:19:01,2.6,12,Ⅲ,33.29 N,126.25 E,제주 서귀포시 서쪽 29km 지역
2019-02-13 05:16:13,2.7,21,Ⅰ,38.90 N,125.86 E,북한 평양 남동쪽 17km 지역
2019-02-10 14:12:38,2.5,21,Ⅰ,36.16 N,129.85 E,경북 포항시 북구 동북동쪽 45km 해역
2019-02-10 12:53:38,4.1,21,Ⅲ,36.16 N,129.90 E,경북 포항시 북구 동북동쪽 50km 해역
2019-01-31 19:57:45,2.2,19,Ⅰ,36.53 N,129.66 E,경북 영덕군 동북동쪽 29km 해역
2019-01-17 21:34:02,2.7,17,Ⅰ,33.94 N,127.62 E,전남 여수시 거문도 동남동쪽 30km 해역
2019-01-13 21:09:20,2.0,17,Ⅲ,37.02 N,127.93 E,충북 충주시 북쪽 3km 지역
2019-01-10 05:31:05,2.5,17,Ⅳ,35.79 N,129.20 E,경북 경주시 남남서쪽 5km 지역
2019-01-09 03:10:23,3.7,18,Ⅰ,37.37 N,124.23 E,인천 옹진군 백령도 남남서쪽 76km 해역
2019-01-02 13:12:27,2.2,5,Ⅰ,36.77 N,128.31 E,경북 문경시 북북동쪽 23km 지역
2019-01-02 07:20:29,2.8,12,,41.30 N,129.21 E,북한 함경북도 길주 북북서쪽 40km 지역
2019-01-01 06:49:51,3.1,19,Ⅲ,36.53 N,129.66 E,경북 영덕군 동북동쪽 29km 해역
2020-12-23 21:28:20,2.2,12,Ⅲ,37.73 N,126.73 E,경기 파주시 남서쪽 6km 지역
2020-12-18 17:17:23,2.7,16,Ⅱ,37.66 N,129.32 E,강원 동해시 북동쪽 24km 해역
2020-12-15 17:15:31,2.3,16,Ⅰ,37.70 N,125.17 E,북한 황해남도 옹진 남남서쪽 31km 해역
2020-11-19 23:17:28,3.1,15,Ⅰ,37.99 N,125.37 E,북한 황해남도 옹진 북쪽 7km 지역
2020-11-17 03:10:29,2.6,-,Ⅰ,41.28 N,129.18 E,북한 함경북도 길주 북북서쪽 38km 지역
2020-11-15 00:00:29,2.1,17,Ⅲ,35.76 N,129.18 E,경북 경주시 남남서쪽 11km 지역
2020-11-08 15:26:09,2.9,9,Ⅳ,36.41 N,128.22 E,경북 상주시 동쪽 5km 지역
2020-11-06 18:27:23,2.0,8,Ⅱ,36.43 N,128.14 E,경북 상주시 북서쪽 3km 지역
2020-11-04 16:50:30,2.4,22,Ⅰ,35.84 N,129.79 E,경북 포항시 남구 동남동쪽 43km 해역
2020-11-04 07:23:48,2.2,23,Ⅰ,35.83 N,129.78 E,경북 포항시 남구 동남동쪽 43km 해역
2020-11-04 04:41:54,2.8,-,Ⅰ,38.79 N,125.72 E,북한 황해북도 송림 북동쪽 10km 지역
2020-10-25 19:10:49,2.5,17,Ⅰ,33.89 N,125.65 E,전남 진도군 남서쪽 87km 해역
2020-10-24 15:09:01,2.1,21,Ⅰ,33.93 N,127.45 E,전남 여수시 거문도 남동쪽 16km 해역
2020-10-09 04:38:14,2.1,15,Ⅲ,35.75 N,129.17 E,경북 경주시 남남서쪽 13km 지역
2020-10-07 04:05:32,2.1,22,Ⅰ,33.92 N,127.44 E,전남 여수시 거문도 남동쪽 16km 해역
2020-10-03 01:37:30,2.3,-,Ⅰ,38.83 N,126.03 E,북한 황해북도 연산 서남서쪽 20km 지역
2020-10-02 22:29:50,2.6,-,Ⅰ,38.74 N,125.90 E,북한 황해북도 송림 동쪽 23km 지역
2020-10-02 21:31:23,2.5,-,Ⅰ,38.74 N,125.89 E,북한 황해북도 송림 동쪽 22km 지역
2020-09-22 20:08:54,2.1,15,Ⅱ,36.60 N,129.37 E,경북 영덕군 북쪽 21km 지역
2020-09-20 01:22:14,2.2,17,Ⅲ,36.51 N,127.14 E,충남 공주시 북북동쪽 7km 지역
2020-09-13 00:54:03,2.9,15,Ⅰ,37.64 N,124.60 E,인천 옹진군 백령도 남남서쪽 35km 해역
2020-09-12 13:31:05,2.4,15,Ⅱ,36.03 N,128.40 E,경북 칠곡군 북쪽 4km 지역
2020-09-02 19:43:06,2.3,-,Ⅱ,34.38 N,126.20 E,전남 진도군 남남서쪽 13km 지역
2020-08-21 03:52:51,2.5,14,Ⅱ,37.91 N,125.93 E,북한 황해남도 해주 남동쪽 24km 지역
2020-08-07 21:27:43,2.4,-,Ⅰ,41.30 N,129.09 E,북한 함경북도 길주 북북서쪽 43km 지역
2020-08-05 01:22:48,2.0,7,Ⅰ,38.85 N,125.71 E,북한 황해북도 송림 북북동쪽 14km 지역
2020-08-01 13:15:06,2.0,19,Ⅱ,36.77 N,128.48 E,경북 예천군 북쪽 13km 지역
2020-08-01 02:58:47,2.0,17,Ⅰ,38.65 N,127.16 E,북한 강원 평강 북북서쪽 29km 지역
2020-07-25 00:34:06,2.2,7,Ⅰ,34.06 N,125.54 E,전남 신안군 흑산도 남쪽 66km 해역
2020-07-20 19:02:00,2.0,11,Ⅰ,34.53 N,128.14 E,경남 남해군 남남동쪽 41km 해역
2020-07-15 15:20:47,2.4,-,Ⅰ,34.88 N,124.68 E,전남 신안군 흑산도 서북서쪽 77km 해역
2020-07-11 22:38:55,2.7,-,Ⅰ,37.88 N,129.58 E,강원 동해시 북동쪽 57km 해역
2020-07-07 14:08:23,3.3,12,Ⅲ,37.19 N,125.55 E,인천 옹진군 연평도 남남서쪽 54km 해역
2020-07-03 13:59:31,2.3,6,Ⅲ,37.18 N,128.71 E,강원 영월군 동쪽 22km 지역
2020-06-24 03:28:47,2.5,-,Ⅰ,38.66 N,125.95 E,북한 황해북도 사리원 북동쪽 24km 지역
2020-06-23 19:58:05,2.1,6,Ⅲ,37.86 N,126.90 E,경기 파주시 북동쪽 15km 지역
2020-06-21 09:49:52,2.3,9,Ⅱ,38.47 N,128.52 E,강원 고성군 북북동쪽 11km 해역
2020-06-08 00:52:10,2.1,5,Ⅲ,36.01 N,128.01 E,경북 김천시 남남서쪽 17km 지역
2020-06-04 02:21:01,2.5,6,Ⅰ,38.75 N,125.69 E,북한 황해북도 송림 동북동쪽 5km 지역
2020-05-27 19:23:28,2.8,6,Ⅲ,36.01 N,128.01 E,경북 김천시 남남서쪽 17km 지역
2020-05-22 21:18:32,2.1,11,Ⅰ,37.67 N,125.00 E,북한 황해남도 옹진 남서쪽 43km 해역
2020-05-13 15:19:02,2.8,12,Ⅲ,36.10 N,127.34 E,전북 완주군 북동쪽 27km 지역
2020-05-11 19:45:06,3.8,16,Ⅱ,38.68 N,127.18 E,북한 강원 평강 북북서쪽 32km 지역
2020-05-09 12:27:08,2.2,8,Ⅰ,38.87 N,126.22 E,북한 평안남도 성천 남쪽 41km 지역
2020-05-09 01:57:39,2.2,21,Ⅱ,34.66 N,126.40 E,전남 해남군 서북서쪽 21km 지역
2020-05-07 02:07:31,2.1,17,Ⅰ,34.77 N,124.68 E,전남 신안군 흑산도 서쪽 73km 해역
2020-05-05 06:44:29,2.4,-,Ⅰ,38.47 N,126.16 E,북한 황해북도 평산 북서쪽 26km 지역
2020-05-03 22:07:14,3.1,21,Ⅲ,34.66 N,126.40 E,전남 해남군 서북서쪽 21km 지역
2020-05-02 02:57:02,2.3,21,Ⅱ,34.66 N,126.40 E,전남 해남군 서북서쪽 21km 지역
2020-04-30 07:13:13,2.4,21,Ⅲ,34.66 N,126.40 E,전남 해남군 서북서쪽 21km 지역
2020-04-29 15:10:47,2.4,-,Ⅰ,39.39 N,126.13 E,북한 평안남도 성천 북북서쪽 18km 지역
2020-04-28 12:52:01,2.1,22,Ⅱ,34.66 N,126.41 E,전남 해남군 서북서쪽 20km 지역
2020-04-28 12:06:53,2.4,10,Ⅱ,36.16 N,127.43 E,충남 금산군 북서쪽 8km 지역
2020-04-27 11:07:10,2.8,6,Ⅳ,35.80 N,127.53 E,전북 장수군 북쪽 17km 지역
2020-04-24 02:07:22,2.3,15,Ⅰ,35.30 N,125.54 E,전남 신안군 흑산도 북쪽 73km 해역
2020-04-22 20:54:26,2.1,9,Ⅰ,38.11 N,130.01 E,강원 동해시 북동쪽 102km 해역
2020-04-18 07:36:28,2.3,14,Ⅱ,37.58 N,126.14 E,인천 강화군 서남서쪽 36km 해역
2020-04-03 19:44:35,2.2,-,Ⅰ,38.75 N,125.72 E,북한 황해북도 송림 동북동쪽 8km 지역
2020-03-20 16:02:45,2.7,9,Ⅲ,35.39 N,128.01 E,경남 산청군 동남동쪽 13km 지역
2020-03-10 01:16:33,2.0,12,Ⅰ,35.44 N,125.54 E,전북 군산시 어청도 남남서쪽 85km 해역
2020-02-29 22:03:50,2.4,8,Ⅰ,38.45 N,126.17 E,북한 황해북도 평산 북서쪽 24km 지역
2020-02-29 22:02:19,2.7,8,Ⅰ,38.46 N,126.17 E,북한 황해북도 평산 북서쪽 24km 지역
2020-02-16 20:03:35,2.7,19,Ⅰ,36.26 N,130.49 E,경북 영덕군 동쪽 102km 해역
2020-02-09 14:41:26,2.4,9,Ⅲ,35.77 N,129.03 E,경북 경주시 서남서쪽 18km 지역
2020-01-30 00:52:52,3.2,21,Ⅲ,36.59 N,128.12 E,경북 상주시 북쪽 20km 지역
2020-01-29 09:33:47,2.5,-,Ⅰ,41.29 N,129.11 E,북한 함경북도 길주 북북서쪽 41km 지역
2020-01-15 22:46:11,2.1,8,Ⅱ,37.11 N,128.29 E,충북 제천시 동남동쪽 9km 지역
2020-01-08 06:03:00,2.0,17,Ⅰ,35.91 N,128.38 E,경북 성주군 동쪽 9km 지역
2021-12-30 17:54:56,2.2,14,Ⅰ,41.30 N,129.17 E,북한 함경북도 길주 북북서쪽 41km 지역
2021-12-30 14:21:35,2.3,19,Ⅰ,41.31 N,129.21 E,북한 함경북도 길주 북북서쪽 41km 지역
2021-12-17 06:22:10,3.2,18,Ⅲ,33.12 N,126.18 E,제주 서귀포시 서남서쪽 38km 해역
2021-12-15 22:02:14,2.3,10,Ⅳ,35.79 N,127.80 E,경남 거창군 북서쪽 15km 지역
2021-12-15 15:06:47,2.8,14,Ⅱ,33.14 N,126.15 E,제주 서귀포시 서남서쪽 40km 해역
2021-12-14 17:19:14,4.9,17,Ⅴ,33.09 N,126.16 E,제주 서귀포시 서남서쪽 41km 해역
2021-12-09 10:57:47,2.6,17,Ⅰ,33.85 N,125.51 E,전남 신안군 흑산도 남쪽 91km 해역
2021-12-04 12:33:22,2.3,20,Ⅰ,38.02 N,124.52 E,인천 옹진군 백령도 서북서쪽 16km 해역
2021-11-22 05:19:31,2.1,7,Ⅱ,35.48 N,127.11 E,전북 순창군 북북서쪽 12km 지역
2021-11-19 02:35:08,2.2,11,Ⅰ,33.85 N,124.77 E,전남 신안군 흑산도 남남서쪽 109km 해역
2021-11-17 01:39:11,2.9,19,Ⅰ,35.66 N,129.75 E,울산 동구 동북동쪽 35km 해역
2021-11-16 20:53:24,2.1,8,Ⅰ,34.50 N,125.90 E,전남 진도군 서쪽 33km 해역
2021-11-16 11:57:58,2.1,18,Ⅰ,35.06 N,125.06 E,전남 신안군 흑산도 북서쪽 54km 해역
2021-11-12 01:31:05,2.1,8,Ⅱ,36.15 N,129.38 E,경북 포항시 북구 북쪽 12km 지역
2021-10-22 06:51:48,2.4,14,Ⅲ,36.90 N,128.22 E,충북 제천시 남쪽 26km 지역
2021-10-19 22:13:31,2.2,22,Ⅰ,35.90 N,129.75 E,경북 포항시 남구 동남동쪽 37km 해역
2021-10-19 06:45:03,2.8,-,Ⅰ,40.41 N,127.27 E,북한 함경남도 장진 북동쪽 4km 지역
2021-10-19 06:41:35,2.6,-,Ⅰ,40.37 N,127.28 E,북한 함경남도 장진 동남동쪽 4km 지역
2021-10-17 23:13:56,2.4,33,Ⅰ,41.26 N,129.45 E,북한 함경북도 길주 북북동쪽 36km 지역
2021-10-11 22:00:53,2.5,20,Ⅰ,41.29 N,129.20 E,북한 함경북도 길주 북북서쪽 39km 지역
2021-10-11 21:58:59,2.4,25,Ⅰ,41.30 N,129.18 E,북한 함경북도 길주 북북서쪽 40km 지역
2021-10-10 02:18:51,2.1,7,Ⅰ,35.10 N,125.06 E,전남 신안군 흑산도 북서쪽 58km 해역
2021-10-06 21:55:48,2.5,13,Ⅲ,35.25 N,127.86 E,경남 하동군 북북동쪽 23km 지역
2021-09-23 12:02:43,2.6,16,Ⅳ,35.42 N,128.49 E,경남 창녕군 남쪽 14km 지역
2021-09-20 06:58:49,2.2,8,Ⅲ,34.88 N,127.25 E,전남 보성군 북동쪽 20km 지역
2021-09-17 05:30:13,2.2,10,Ⅱ,36.71 N,126.11 E,충남 태안군 서남서쪽 17km 해역
2021-09-14 03:36:01,2.2,16,Ⅲ,35.41 N,128.78 E,경남 밀양시 남남동쪽 11km 지역
2021-09-12 02:04:46,2.1,13,Ⅱ,35.53 N,128.53 E,경남 창녕군 동남동쪽 4km 지역
2021-09-11 03:47:27,2.1,8,Ⅰ,41.29 N,129.15 E,북한 함경북도 길주 북북서쪽 40km 지역
2021-09-01 18:39:52,2.4,15,Ⅰ,41.30 N,129.13 E,북한 함경북도 길주 북북서쪽 42km 지역
2021-08-29 18:47:20,2.6,15,Ⅰ,36.98 N,125.02 E,충남 태안군 서격렬비도 북서쪽 62km 해역
2021-08-29 13:03:23,2.2,9,Ⅲ,35.31 N,128.49 E,경남 함안군 동북동쪽 9km 지역
2021-08-28 07:03:22,2.2,15,Ⅲ,35.00 N,127.73 E,전남 광양시 북북동쪽 7km 지역
2021-08-26 15:58:14,2.3,17,Ⅰ,35.07 N,125.12 E,전남 신안군 흑산도 북북서쪽 52km 해역
2021-08-21 09:40:40,4.0,7,Ⅱ,35.70 N,124.70 E,전북 군산시 어청도 서남서쪽 124km 해역
2021-08-20 22:26:52,2.1,5,Ⅱ,38.37 N,127.99 E,북한 강원 회양 남동쪽 50km 지역
2021-08-18 16:57:11,2.1,-,Ⅰ,35.10 N,129.84 E,부산 기장군 동남동쪽 58km 해역
2021-08-15 09:32:43,2.0,18,Ⅰ,35.10 N,129.78 E,부산 기장군 동남동쪽 53km 해역
2021-08-01 14:19:26,2.2,13,Ⅰ,35.65 N,129.53 E,울산 북구 동북동쪽 17km 해역
2021-07-31 05:17:10,2.5,22,Ⅲ,35.65 N,128.40 E,대구 달성군 남남서쪽 14km 지역
2021-07-26 06:50:56,2.2,14,Ⅲ,36.32 N,128.21 E,경북 상주시 남남동쪽 11km 지역
2021-07-07 06:57:27,2.3,20,Ⅱ,36.77 N,128.46 E,경북 예천군 북쪽 14km 지역
2021-06-14 22:42:17,2.4,20,Ⅰ,35.81 N,129.77 E,경북 포항시 남구 동남동쪽 43km 해역
2021-06-13 23:57:32,2.5,15,Ⅰ,41.29 N,129.13 E,북한 함경북도 길주 북북서쪽 41km 지역
2021-06-13 06:13:51,2.0,26,Ⅰ,36.97 N,130.34 E,경북 울릉군 울릉도 남서쪽 76km 해역
2021-06-07 18:34:02,2.1,13,Ⅰ,33.68 N,128.07 E,전남 여수시 거문도 동남동쪽 80km 해역
2021-05-30 23:53:53,2.4,9,Ⅰ,38.73 N,126.06 E,북한 황해북도 연산 남서쪽 23km 지역
2021-05-26 06:13:24,2.2,-,Ⅰ,35.83 N,124.56 E,충남 태안군 서격렬비도 남서쪽 124km 해역
2021-05-13 06:04:28,2.0,10,Ⅲ,35.89 N,127.33 E,전북 완주군 동쪽 15km 지역
2021-05-04 22:42:08,2.0,19,Ⅰ,35.89 N,129.67 E,경북 포항시 남구 동남동쪽 31km 해역
2021-04-30 16:15:04,2.1,7,Ⅲ,35.52 N,128.88 E,경남 밀양시 동쪽 12km 지역
2021-04-29 05:12:25,2.0,18,Ⅰ,35.65 N,129.83 E,울산 동구 동북동쪽 41km 해역
2021-04-28 12:00:40,2.5,20,Ⅰ,35.65 N,129.79 E,울산 동구 동북동쪽 37km 해역
2021-04-25 17:07:59,2.3,5,Ⅰ,37.48 N,124.36 E,인천 옹진군 백령도 남남서쪽 60km 해역
2021-04-23 02:41:27,2.2,6,Ⅰ,40.49 N,127.51 E,북한 함경남도 장진 동북동쪽 26km 지역
2021-04-20 02:13:27,2.6,15,Ⅰ,35.08 N,125.05 E,전남 신안군 흑산도 북서쪽 57km 해역
2021-04-19 15:48:52,2.7,20,Ⅰ,41.28 N,129.13 E,북한 함경북도 길주 북북서쪽 40km 지역
2021-04-19 14:20:27,3.7,15,Ⅱ,35.07 N,125.08 E,전남 신안군 흑산도 북서쪽 54km 해역
2021-04-16 01:43:23,2.2,11,Ⅲ,37.29 N,127.71 E,경기 여주시 동쪽 7km 지역
2021-04-13 21:56:15,2.0,13,Ⅲ,36.02 N,126.91 E,전북 익산시 북북서쪽 9km 지역
2021-03-16 02:51:52,2.6,18,Ⅲ,35.76 N,129.19 E,경북 경주시 남남서쪽 11km 지역
2021-02-21 09:03:34,2.2,18,Ⅱ,35.47 N,126.34 E,전남 영광군 북서쪽 27km 해역
2021-02-15 18:59:25,2.5,14,Ⅳ,35.99 N,126.84 E,전북 군산시 동북동쪽 10km 지역
2021-02-10 19:28:18,2.1,9,Ⅱ,37.32 N,126.24 E,인천 옹진군 서남서쪽 38km 해역
2021-02-08 07:46:51,2.3,24,Ⅰ,40.64 N,127.62 E,북한 함경남도 장진 북동쪽 43km 지역
2021-02-08 03:37:34,3.2,24,Ⅰ,40.67 N,127.45 E,북한 함경남도 장진 북북동쪽 37km 지역
2021-02-06 04:40:03,2.7,5,Ⅳ,35.81 N,127.53 E,전북 장수군 북쪽 18km 지역
2021-02-03 12:17:56,2.2,8,Ⅲ,37.32 N,126.24 E,인천 옹진군 서남서쪽 38km 해역
2021-01-24 06:23:05,2.1,11,Ⅰ,35.84 N,125.14 E,전북 군산시 어청도 서남서쪽 81km 해역
2021-01-14 08:17:28,2.1,-,Ⅰ,36.86 N,125.43 E,충남 태안군 서격렬비도 북북서쪽 30km 해역
2022-12-25 19:31:07,2.6,14,Ⅲ,36.51 N,128.65 E,경북 안동시 남서쪽 10km 지역
2022-12-23 19:43:17,2.3,-,Ⅰ,35.14 N,125.08 E,전남 신안군 흑산도 북북서쪽 61km 해역
2022-12-16 12:07:11,2.1,26,Ⅰ,41.30 N,129.22 E,북한 함경북도 길주 북북서쪽 39km 지역
2022-12-03 13:22:58,2.9,21,Ⅰ,35.77 N,129.80 E,울산 북구 동북동쪽 45km 해역
2022-12-01 15:17:58,3.2,14,Ⅲ,36.17 N,128.27 E,경북 김천시 동북동쪽 14km 지역
2022-11-29 05:31:36,2.1,-,Ⅰ,38.43 N,125.63 E,북한 황해북도 사리원 남서쪽 14km 지역
2022-11-20 15:21:41,2.0,11,Ⅰ,41.29 N,129.22 E,북한 함경북도 길주 북북서쪽 38km 지역
2022-11-20 01:01:17,3.3,20,Ⅱ,33.96 N,125.22 E,전남 신안군 흑산도 남남서쪽 81km 해역
2022-11-18 03:12:14,2.2,6,Ⅰ,35.52 N,124.35 E,전남 신안군 흑산도 북서쪽 136km 해역
2022-11-13 12:17:41,2.1,17,Ⅰ,35.07 N,125.07 E,전남 신안군 흑산도 북서쪽 55km 해역
2022-11-08 00:45:45,2.1,8,Ⅰ,33.30 N,127.78 E,전남 여수시 거문도 남남동쪽 92km 해역
2022-11-05 13:21:22,2.5,11,Ⅲ,36.97 N,126.38 E,충남 서산시 북북서쪽 22km 해역
2022-11-03 11:36:00,2.1,10,Ⅰ,35.47 N,124.90 E,전남 신안군 흑산도 북북서쪽 101km 해역
2022-11-01 02:27:52,2.9,14,Ⅴ,36.88 N,127.88 E,충북 괴산군 북동쪽 11km 지역
2022-10-29 08:29:18,2.9,11,Ⅳ,36.88 N,127.88 E,충북 괴산군 북동쪽 11km 지역
2022-10-29 08:29:09,2.2,13,Ⅳ,36.88 N,127.87 E,충북 괴산군 북동쪽 10km 지역
2022-10-29 08:27:49,4.1,12,Ⅴ,36.88 N,127.88 E,충북 괴산군 북동쪽 11km 지역
2022-10-29 08:27:33,3.5,13,Ⅴ,36.88 N,127.88 E,충북 괴산군 북동쪽 11km 지역
2022-10-08 14:33:34,2.4,14,Ⅰ,41.29 N,129.21 E,북한 함경북도 길주 북북서쪽 39km 지역
2022-10-08 02:54:49,2.5,23,Ⅰ,41.30 N,129.13 E,북한 함경북도 길주 북북서쪽 42km 지역
2022-10-01 04:37:53,2.7,14,Ⅲ,36.94 N,127.13 E,충남 천안시 서북구 북북서쪽 7km 지역
2022-09-23 07:40:30,2.3,-,Ⅰ,35.69 N,124.59 E,충남 태안군 서격렬비도 남서쪽 134km 해역
2022-09-22 20:28:37,2.9,10,Ⅰ,40.57 N,126.71 E,북한 자강도 용림 북북동쪽 7km 지역
2022-09-11 16:28:35,2.4,13,Ⅰ,36.46 N,129.63 E,경북 영덕군 동북동쪽 24km 해역
2022-09-10 14:59:48,3.4,7,Ⅱ,38.95 N,127.29 E,북한 강원 원산 남남서쪽 26km 지역
2022-09-03 00:44:46,2.0,18,Ⅰ,36.39 N,129.89 E,경북 영덕군 동쪽 47km 해역
2022-09-01 08:33:53,2.5,-,Ⅰ,35.11 N,125.07 E,전남 신안군 흑산도 북북서쪽 58km 해역
2022-08-28 01:54:23,2.4,12,Ⅰ,37.17 N,125.42 E,인천 옹진군 연평도 남남서쪽 60km 해역
2022-08-24 18:31:24,2.1,20,Ⅰ,36.47 N,129.62 E,경북 영덕군 동북동쪽 24km 해역
2022-08-22 13:29:26,2.4,-,Ⅰ,34.75 N,124.30 E,전남 신안군 흑산도 서쪽 103km 해역
2022-08-16 20:27:25,2.4,-,Ⅰ,38.80 N,125.95 E,북한 황해북도 연산 서남서쪽 28km 지역
2022-08-12 19:37:47,2.7,6,Ⅰ,37.41 N,124.53 E,인천 옹진군 백령도 남남서쪽 62km 해역
2022-08-03 07:55:25,3.1,8,Ⅰ,33.14 N,127.67 E,전남 여수시 거문도 남남동쪽 104km 해역
2022-07-31 22:05:06,2.6,-,Ⅰ,38.44 N,125.62 E,북한 황해남도 안악 남동쪽 13km 지역
2022-07-29 05:36:56,2.6,13,Ⅳ,35.39 N,128.24 E,경남 의령군 북북서쪽 8km 지역
2022-07-23 16:21:48,2.4,-,Ⅰ,38.44 N,125.63 E,북한 황해북도 사리원 서남서쪽 14km 지역
2022-07-23 06:27:14,2.5,-,Ⅰ,38.45 N,125.63 E,북한 황해북도 사리원 서남서쪽 13km 지역
2022-07-21 18:38:09,2.3,10,Ⅲ,36.80 N,126.25 E,충남 태안군 북서쪽 7km 지역
2022-07-21 04:46:57,2.3,13,Ⅲ,35.79 N,129.20 E,경북 경주시 남남서쪽 8km 지역
2022-07-20 16:19:50,2.0,17,Ⅱ,36.29 N,126.87 E,충남 부여군 서북서쪽 4km 지역
2022-07-16 13:53:36,2.1,14,Ⅰ,33.64 N,128.11 E,전남 여수시 거문도 동남동쪽 85km 해역
2022-07-12 10:38:30,2.6,6,Ⅰ,33.13 N,127.66 E,제주 서귀포시 동쪽 103km 해역
2022-07-12 10:09:03,2.7,7,Ⅰ,33.11 N,127.66 E,제주 서귀포시 동쪽 104km 해역
2022-07-12 09:56:02,2.3,6,Ⅰ,33.12 N,127.64 E,제주 서귀포시 동쪽 102km 해역
2022-07-12 00:44:03,2.2,10,Ⅰ,33.14 N,127.66 E,제주 서귀포시 동쪽 103km 해역
2022-07-12 00:41:25,2.1,10,Ⅰ,33.14 N,127.65 E,제주 서귀포시 동쪽 102km 해역
2022-07-03 07:54:23,2.6,13,Ⅰ,33.31 N,127.45 E,전남 여수시 거문도 남쪽 81km 해역
2022-06-30 22:51:52,2.3,6,Ⅳ,37.02 N,128.98 E,경북 봉화군 동북동쪽 26km 지역
2022-06-30 02:55:34,2.1,18,Ⅰ,35.90 N,129.73 E,경북 포항시 남구 동남동쪽 35km 해역
2022-06-29 15:26:06,2.3,21,Ⅰ,35.89 N,129.70 E,경북 포항시 남구 동남동쪽 33km 해역
2022-06-02 20:48:21,2.6,26,Ⅰ,38.12 N,130.98 E,경북 울릉군 울릉도 북쪽 71km 해역
2022-05-13 06:50:56,2.3,21,Ⅰ,33.34 N,127.22 E,제주 서귀포시 동쪽 62km 해역
2022-04-30 09:20:21,2.3,10,Ⅰ,38.98 N,127.29 E,북한 강원 원산 남남서쪽 24km 지역
2022-04-21 02:34:32,2.3,-,Ⅰ,38.85 N,125.78 E,북한 황해북도 송림 북동쪽 18km 지역
2022-04-18 14:22:38,2.3,11,Ⅲ,37.26 N,126.10 E,인천 옹진군 서남서쪽 52km 지역
2022-04-17 23:33:29,2.3,9,Ⅲ,35.22 N,128.60 E,경남 창원시 마산회원구 동쪽 2km 지역
2022-04-16 02:08:34,2.6,18,Ⅲ,34.75 N,127.26 E,전남 고흥군 북쪽 16km 지역
2022-04-12 14:56:28,2.4,14,Ⅲ,36.82 N,129.47 E,경북 울진군 남남동쪽 20km 해역
2022-04-10 02:45:46,3.4,18,Ⅲ,36.45 N,129.62 E,경북 영덕군 동쪽 23km 해역
2022-04-09 10:55:42,2.2,19,Ⅱ,36.54 N,128.08 E,경북 상주시 북북서쪽 16km 지역
2022-04-03 14:19:19,2.0,11,Ⅲ,35.69 N,129.35 E,경북 경주시 남남동쪽 22km 지역
2022-03-16 18:18:18,2.3,-,Ⅰ,33.70 N,125.06 E,전남 신안군 흑산도 남남서쪽 113km 해역
2022-03-15 00:22:27,2.0,12,Ⅰ,39.42 N,126.19 E,북한 평안남도 성천 북쪽 20km 지역
2022-03-06 18:40:32,2.5,18,Ⅰ,37.31 N,129.54 E,강원 삼척시 동남동쪽 37km 해역
2022-03-05 22:16:21,2.4,12,Ⅲ,36.39 N,127.13 E,충남 공주시 남쪽 6km 지역
2022-03-04 02:15:37,2.1,29,Ⅰ,41.24 N,129.22 E,북한 함경북도 길주 북북서쪽 33km 지역
2022-02-28 21:31:28,2.1,24,Ⅰ,41.25 N,129.28 E,북한 함경북도 길주 북쪽 33km 지역
2022-02-24 12:07:10,2.2,21,Ⅰ,34.00 N,127.59 E,전남 여수시 거문도 동쪽 25km 해역
2022-02-15 06:52:28,2.5,29,Ⅰ,41.29 N,129.23 E,북한 함경북도 길주 북북서쪽 38km 지역
2022-02-14 19:47:27,2.3,18,Ⅰ,41.28 N,129.26 E,북한 함경북도 길주 북쪽 37km 지역
2022-02-14 14:33:22,2.3,22,Ⅰ,41.27 N,129.24 E,북한 함경북도 길주 북북서쪽 36km 지역
2022-02-11 10:35:26,3.1,17,Ⅰ,41.30 N,129.21 E,북한 함경북도 길주 북북서쪽 40km 지역
2022-02-10 17:20:34,2.2,19,Ⅲ,35.29 N,126.59 E,전남 영광군 동북동쪽 7km 지역
2022-02-08 15:57:13,2.9,16,Ⅰ,35.07 N,125.06 E,전남 신안군 흑산도 북서쪽 55km 해역
2022-02-04 02:47:44,2.3,16,Ⅰ,37.41 N,129.51 E,강원 삼척시 동쪽 31km 해역
2022-02-02 12:04:55,2.4,19,Ⅲ,35.72 N,128.99 E,경북 청도군 동북동쪽 24km 지역
2022-01-28 06:46:53,2.3,9,Ⅱ,34.37 N,127.30 E,전남 고흥군 남쪽 26km 해역
2023-12-23 04:34:05,3.0,6,Ⅳ,35.80 N,127.53 E,전북 장수군 북쪽 17km 지역
2023-12-11 01:23:25,2.3,12,Ⅰ,38.45 N,126.17 E,북한 황해북도 평산 북서쪽 24km 지역
2023-12-08 06:31:18,2.5,-,Ⅲ,37.19 N,129.08 E,강원 삼척시 남남서쪽 30km 지역
2023-12-06 19:11:06,2.0,28,Ⅰ,41.26 N,129.22 E,북한 함경북도 길주 북북서쪽 35km 지역
2023-12-05 05:53:41,2.2,19,Ⅰ,41.29 N,129.22 E,북한 함경북도 길주 북북서쪽 38km 지역
2023-12-04 02:28:02,3.1,22,Ⅰ,41.30 N,129.15 E,북한 함경북도 길주 북북서쪽 41km 지역
2023-11-30 04:55:24,4.0,12,Ⅴ,35.79 N,129.42 E,경북 경주시 동남동쪽 19km 지역
2023-11-25 11:53:35,2.6,8,Ⅳ,36.69 N,126.83 E,충남 예산군 북서쪽 2km 지역
2023-11-24 22:06:53,2.7,17,Ⅰ,35.07 N,125.06 E,전남 신안군 흑산도 북서쪽 55km 해역
2023-11-23 21:31:58,2.2,18,Ⅰ,41.31 N,129.14 E,북한 함경북도 길주 북북서쪽 42km 지역
2023-11-23 21:21:44,2.6,15,Ⅰ,41.30 N,129.20 E,북한 함경북도 길주 북북서쪽 40km 지역
2023-11-23 12:42:02,2.2,6,Ⅰ,41.23 N,129.05 E,북한 함경북도 길주 북서쪽 38km 지역
2023-11-23 07:54:55,2.5,20,Ⅰ,41.29 N,129.16 E,북한 함경북도 길주 북북서쪽 40km 지역
2023-11-22 17:40:59,2.3,24,Ⅰ,41.30 N,129.20 E,북한 함경북도 길주 북북서쪽 40km 지역
2023-11-22 16:29:32,2.9,23,Ⅰ,41.31 N,129.18 E,북한 함경북도 길주 북북서쪽 41km 지역
2023-11-17 04:06:38,2.1,18,Ⅰ,33.67 N,127.38 E,전남 여수시 거문도 남쪽 40km 해역
2023-11-03 00:24:23,2.5,12,Ⅰ,38.10 N,124.72 E,북한 황해남도 용연 서남서쪽 19km 해역
2023-10-28 08:37:14,2.2,31,Ⅰ,41.25 N,129.12 E,북한 함경북도 길주 북북서쪽 37km 지역
2023-10-25 21:46:30,3.4,12,Ⅴ,36.35 N,127.05 E,충남 공주시 남남서쪽 12km 지역
2023-10-24 09:11:37,2.7,31,Ⅰ,37.85 N,129.49 E,강원 동해시 북동쪽 49km 해역
2023-10-22 03:04:09,2.1,29,Ⅰ,37.86 N,129.52 E,강원 동해시 북동쪽 52km 해역
2023-10-20 17:36:00,2.0,18,Ⅰ,35.06 N,125.08 E,전남 신안군 흑산도 북서쪽 53km 해역
2023-10-20 00:30:12,2.7,11,Ⅰ,40.48 N,127.26 E,북한 함경남도 장진 북쪽 11km 지역
2023-10-15 09:42:38,2.3,12,Ⅰ,37.72 N,125.58 E,북한 황해남도 옹진 남동쪽 30km 해역
2023-10-11 18:58:13,2.2,5,Ⅰ,38.76 N,127.63 E,북한 강원 회양 북북동쪽 7km 지역
2023-10-11 03:54:54,2.9,12,Ⅰ,35.31 N,125.51 E,전남 신안군 흑산도 북쪽 72km 해역
2023-10-10 00:20:28,3.1,13,Ⅰ,36.18 N,124.42 E,충남 태안군 서격렬비도 서남서쪽 111km 해역
2023-10-09 23:16:36,2.2,13,Ⅰ,41.30 N,129.23 E,북한 함경북도 길주 북북서쪽 39km 지역
2023-10-06 18:29:03,2.5,12,Ⅰ,41.29 N,129.13 E,북한 함경북도 길주 북북서쪽 41km 지역
2023-10-01 07:35:56,2.1,23,Ⅰ,41.26 N,129.29 E,북한 함경북도 길주 북쪽 34km 지역
2023-09-27 00:48:43,3.2,6,Ⅰ,41.33 N,129.16 E,북한 함경북도 길주 북북서쪽 44km 지역
2023-09-22 17:46:58,2.2,14,Ⅱ,36.59 N,128.22 E,경북 문경시 동쪽 3km 지역
2023-09-16 04:28:25,2.2,7,Ⅱ,36.01 N,128.01 E,경북 김천시 남남서쪽 17km 지역
2023-09-14 21:28:25,2.9,23,Ⅰ,35.70 N,130.03 E,울산 동구 동북동쪽 60km 해역
2023-09-08 05:12:01,2.3,19,Ⅰ,41.32 N,129.17 E,북한 함경북도 길주 북북서쪽 43km 지역
2023-09-08 04:01:16,2.1,24,Ⅰ,41.30 N,129.23 E,북한 함경북도 길주 북북서쪽 39km 지역
2023-09-08 03:29:48,2.2,17,Ⅰ,41.29 N,129.24 E,북한 함경북도 길주 북쪽 38km 지역
2023-09-02 20:54:33,2.5,15,Ⅰ,41.28 N,129.15 E,북한 함경북도 길주 북북서쪽 39km 지역
2023-09-02 20:50:37,2.1,28,Ⅰ,41.26 N,129.10 E,북한 함경북도 길주 북북서쪽 39km 지역
2023-08-26 01:25:33,2.1,9,Ⅲ,35.98 N,128.14 E,경북 김천시 남쪽 18km 지역
2023-08-20 19:41:14,2.6,14,Ⅰ,37.77 N,130.36 E,경북 울릉군 울릉도 서북서쪽 58km 해역
2023-08-13 07:55:00,2.3,5,Ⅰ,41.31 N,129.16 E,북한 함경북도 길주 북북서쪽 42km 지역
2023-08-13 03:13:37,2.7,15,Ⅰ,41.30 N,129.19 E,북한 함경북도 길주 북북서쪽 40km 지역
2023-08-13 03:11:39,2.3,19,Ⅰ,41.29 N,129.19 E,북한 함경북도 길주 북북서쪽 39km 지역
2023-08-07 00:15:30,2.2,21,Ⅱ,34.57 N,127.29 E,전남 고흥군 남남동쪽 4km 지역
2023-08-04 03:07:31,2.1,22,Ⅰ,33.73 N,127.22 E,전남 여수시 거문도 남남서쪽 34km 해역
2023-07-29 19:07:59,3.5,6,Ⅴ,35.80 N,127.53 E,전북 장수군 북쪽 17km 지역
2023-07-28 13:16:43,2.0,17,Ⅰ,41.31 N,129.23 E,북한 함경북도 길주 북북서쪽 40km 지역
2023-07-17 10:37:10,2.4,13,Ⅲ,35.31 N,128.58 E,경남 함안군 동북동쪽 16km 지역
2023-07-05 01:02:38,2.1,15,Ⅰ,41.27 N,129.21 E,북한 함경북도 길주 북북서쪽 36km 지역
2023-07-03 10:04:38,3.3,14,Ⅰ,41.30 N,129.12 E,북한 함경북도 길주 북북서쪽 42km 지역
2023-06-25 11:55:14,2.4,17,Ⅰ,41.32 N,129.21 E,북한 함경북도 길주 북북서쪽 42km 지역
2023-06-18 23:39:16,2.3,17,Ⅰ,41.28 N,129.19 E,북한 함경북도 길주 북북서쪽 38km 지역
2023-06-17 22:34:38,2.1,30,Ⅰ,37.86 N,129.50 E,강원 동해시 북동쪽 50km 해역
2023-06-16 06:03:01,3.1,25,Ⅰ,34.02 N,124.80 E,전남 신안군 흑산도 남서쪽 92km 해역
2023-06-13 14:23:07,2.0,21,Ⅱ,35.07 N,128.50 E,경남 창원시 마산합포구 남남서쪽 15km 해역
2023-06-07 15:30:05,2.1,22,Ⅰ,41.31 N,129.16 E,북한 함경북도 길주 북북서쪽 42km 지역
2023-06-05 12:42:18,2.1,5,Ⅲ,35.77 N,127.18 E,전북 완주군 남쪽 15km 지역
2023-05-25 22:27:39,2.4,18,Ⅰ,41.25 N,129.24 E,북한 함경북도 길주 북북서쪽 34km 지역
2023-05-22 03:39:18,2.3,28,Ⅰ,37.87 N,129.52 E,강원 동해시 북동쪽 52km 해역
2023-05-19 14:03:33,2.4,14,Ⅰ,41.29 N,129.19 E,북한 함경북도 길주 북북서쪽 39km 지역
2023-05-15 06:27:37,4.5,31,Ⅲ,37.87 N,129.52 E,강원 동해시 북동쪽 52km 해역
2023-05-14 08:35:25,3.1,30,Ⅰ,37.86 N,129.51 E,강원 동해시 북동쪽 51km 해역
2023-05-10 16:32:10,2.5,16,Ⅱ,37.49 N,129.12 E,강원 동해시 남쪽 4km 지역
2023-05-10 13:29:35,2.2,5,Ⅱ,38.13 N,127.09 E,경기 연천군 북북동쪽 4km 지역
2023-05-10 01:53:41,2.6,16,Ⅱ,37.49 N,129.12 E,강원 동해시 남쪽 4km 지역
2023-05-10 01:53:36,2.5,15,Ⅱ,37.49 N,129.14 E,강원 동해시 남남동쪽 4km 지역
2023-05-08 21:12:05,2.1,23,Ⅰ,37.87 N,129.51 E,강원 동해시 북동쪽 52km 해역
2023-05-08 19:51:34,2.5,17,Ⅲ,37.49 N,129.13 E,강원 동해시 남남동쪽 4km 해역
2023-05-05 12:11:49,2.6,14,Ⅰ,39.23 N,125.15 E,북한 평안북도 정주 남쪽 51km 해역
2023-04-30 19:03:29,3.1,6,Ⅳ,36.32 N,127.75 E,충북 옥천군 동쪽 16km 지역
2023-04-28 23:39:24,2.6,27,Ⅰ,37.88 N,129.51 E,강원 동해시 북동쪽 53km 해역
2023-04-26 12:15:24,2.0,27,Ⅰ,37.87 N,129.52 E,강원 동해시 북동쪽 52km 해역
2023-04-26 06:51:41,2.2,28,Ⅰ,37.86 N,129.51 E,강원 동해시 북동쪽 51km 해역
2023-04-25 15:55:55,3.5,33,Ⅰ,37.86 N,129.49 E,강원 동해시 북동쪽 50km 해역
2023-04-25 13:22:40,2.7,12,Ⅲ,36.66 N,128.12 E,경북 문경시 북서쪽 10km 지역
2023-04-25 12:02:50,3.1,28,Ⅱ,37.87 N,129.52 E,강원 동해시 북동쪽 52km 해역
2023-04-25 05:03:39,2.3,25,Ⅰ,37.88 N,129.54 E,강원 동해시 북동쪽 54km 해역
2023-04-24 21:50:59,2.4,27,Ⅰ,37.87 N,129.52 E,강원 동해시 북동쪽 52km 해역
2023-04-24 21:41:25,2.1,27,Ⅰ,37.87 N,129.53 E,강원 동해시 북동쪽 53km 해역
2023-04-24 13:02:10,2.9,31,Ⅰ,37.85 N,129.47 E,강원 동해시 북동쪽 48km 해역
2023-04-23 21:06:40,2.7,27,Ⅰ,37.87 N,129.52 E,강원 동해시 북동쪽 52km 해역
2023-04-19 00:45:07,2.6,14,Ⅰ,33.09 N,125.42 E,제주 서귀포시 서쪽 108km 해역
2023-04-13 05:27:51,2.2,12,Ⅰ,35.09 N,125.07 E,전남 신안군 흑산도 북서쪽 57km 해역
2023-04-12 22:45:46,2.1,7,Ⅱ,38.13 N,127.09 E,경기 연천군 북북동쪽 4km 지역
2023-04-06 00:51:49,2.7,12,Ⅱ,37.94 N,125.60 E,북한 황해남도 해주 남서쪽 15km 지역
2023-04-01 23:26:21,2.3,19,Ⅰ,38.96 N,124.31 E,북한 평안북도 철산 남남서쪽 95km 해역
2023-03-30 05:47:56,2.9,22,Ⅰ,35.64 N,125.22 E,전북 군산시 어청도 남서쪽 86km 해역
2023-03-25 18:35:48,2.5,5,Ⅰ,37.19 N,125.27 E,인천 옹진군 연평도 남서쪽 65km 해역
2023-03-23 08:35:53,2.0,16,Ⅰ,33.56 N,125.66 E,제주 제주시 서쪽 81km 해역
2023-03-22 02:09:17,2.0,24,Ⅰ,35.03 N,124.43 E,전남 신안군 흑산도 서북서쪽 99km 해역
2023-03-14 02:18:42,2.4,20,Ⅰ,41.27 N,129.14 E,북한 함경북도 길주 북북서쪽 38km 지역
2023-03-10 00:13:23,2.1,9,Ⅰ,41.27 N,129.06 E,북한 함경북도 길주 북북서쪽 42km 지역
2023-03-07 15:13:32,2.1,16,Ⅰ,36.79 N,125.63 E,충남 태안군 서격렬비도 북북동쪽 21km 해역
2023-03-03 11:26:54,3.0,8,Ⅳ,35.21 N,127.94 E,경남 진주시 서북서쪽 16km 지역
2023-02-19 07:29:52,2.5,8,Ⅳ,34.67 N,127.36 E,전남 고흥군 북동쪽 11km 지역
2023-02-11 08:22:01,2.3,13,Ⅲ,36.52 N,127.85 E,충북 보은군 동북동쪽 11km 지역
2023-02-09 01:10:04,2.1,10,Ⅰ,41.29 N,129.27 E,북한 함경북도 길주 북쪽 38km 지역
2023-01-23 07:33:45,2.9,15,Ⅱ,37.90 N,125.71 E,북한 황해남도 해주 남쪽 16km 해역
2023-01-21 13:37:39,2.5,15,Ⅰ,36.46 N,129.63 E,경북 영덕군 동북동쪽 24km 해역
2023-01-14 05:56:44,2.1,11,Ⅰ,35.08 N,125.07 E,전남 신안군 흑산도 북서쪽 56km 해역
2023-01-13 12:23:51,2.1,11,Ⅰ,35.09 N,125.07 E,전남 신안군 흑산도 북서쪽 57km 해역
2023-01-09 01:28:15,3.7,19,Ⅳ,37.74 N,126.20 E,인천 강화군 서쪽 25km 해역
2023-01-07 05:16:03,2.2,14,Ⅰ,34.56 N,124.95 E,전남 신안군 흑산도 서남서쪽 45km 해역
2023-01-07 05:12:17,2.4,14,Ⅰ,34.52 N,124.90 E,전남 신안군 흑산도 서남서쪽 50km 해역
2023-01-05 00:28:05,2.4,24,Ⅰ,33.38 N,127.23 E,제주 서귀포시 동북동쪽 64km 해역
2024-12-22 19:33:09,2.2,17,Ⅱ,36.39 N,127.52 E,대전 동구 북동쪽 10km 지역
2024-12-04 09:41:04,2.6,7,Ⅱ,37.06 N,126.28 E,충남 서산시 북북서쪽 34km 해역
2024-12-02 23:04:22,2.4,12,Ⅰ,41.31 N,129.18 E,북한 함경북도 길주 북북서쪽 41km 지역
2024-11-28 00:36:11,2.5,12,Ⅳ,35.51 N,126.82 E,전북 정읍시 남남서쪽 7km 지역
2024-11-24 20:35:27,2.6,8,Ⅰ,33.42 N,125.16 E,제주 제주시 서쪽 128km 해역
2024-11-14 22:48:15,2.0,20,Ⅰ,35.28 N,127.43 E,전남 구례군 북북서쪽 9km 지역
2024-11-14 04:21:55,2.1,14,Ⅰ,32.64 N,125.82 E,제주 서귀포시 이어도 북동쪽 83km 해역
2024-11-14 00:00:09,2.1,9,Ⅰ,33.40 N,125.13 E,제주 제주시 서쪽 130km 해역
2024-11-10 14:27:55,2.3,17,Ⅰ,33.40 N,125.11 E,제주 제주시 서쪽 132km 해역
2024-11-09 13:23:12,3.1,11,Ⅰ,41.27 N,129.19 E,북한 함경북도 길주 북북서쪽 37km 지역
2024-11-08 05:47:40,2.2,9,Ⅰ,33.40 N,125.14 E,제주 제주시 서쪽 130km 해역
2024-11-03 12:16:44,2.0,13,Ⅰ,36.46 N,129.64 E,경북 영덕군 동북동쪽 25km 해역
2024-11-03 03:19:21,2.3,6,Ⅰ,33.42 N,125.15 E,제주 제주시 서쪽 128km 해역
2024-11-02 21:24:57,2.5,17,Ⅰ,41.28 N,129.21 E,북한 함경북도 길주 북북서쪽 37km 지역
2024-11-01 21:27:42,2.9,19,Ⅰ,33.43 N,127.86 E,전남 여수시 거문도 남동쪽 83km 해역
2024-10-28 14:11:44,2.3,17,Ⅰ,41.29 N,129.20 E,북한 함경북도 길주 북북서쪽 39km 지역
2024-10-26 03:32:50,2.2,21,Ⅰ,33.42 N,125.80 E,제주 제주시 서쪽 68km 해역
2024-10-23 17:56:17,2.5,8,Ⅳ,35.99 N,128.35 E,경북 칠곡군 서쪽 5km 지역
2024-10-22 01:47:05,2.1,18,Ⅰ,41.27 N,129.20 E,북한 함경북도 길주 북북서쪽 37km 지역
2024-10-21 15:33:07,2.2,7,Ⅰ,41.29 N,129.20 E,북한 함경북도 길주 북북서쪽 39km 지역
2024-10-16 00:55:54,2.1,12,Ⅱ,36.27 N,126.71 E,충남 부여군 서쪽 18km 지역
2024-10-07 15:09:38,2.2,20,Ⅰ,35.67 N,129.63 E,울산 북구 동북동쪽 26km 해역
2024-10-04 22:08:58,2.1,12,Ⅰ,36.08 N,125.42 E,전북 군산시 어청도 서쪽 50km 해역
2024-10-04 13:23:30,2.3,10,Ⅰ,41.27 N,129.11 E,북한 함경북도 길주 북북서쪽 39km 지역
2024-10-01 11:33:30,2.1,16,Ⅰ,33.62 N,126.94 E,제주 제주시 동북동쪽 40km 해역
2024-09-28 16:45:18,2.2,12,Ⅱ,36.73 N,128.90 E,경북 안동시 북동쪽 24km 지역
2024-09-26 11:00:50,2.8,6,Ⅰ,40.20 N,126.89 E,북한 평안남도 대흥 북북서쪽 13km 지역
2024-09-24 07:05:28,2.2,12,Ⅲ,35.22 N,128.63 E,경남 창원시 의창구 남남서쪽 4km 지역
2024-09-22 20:23:38,2.2,10,Ⅱ,35.59 N,129.50 E,울산 동구 북동쪽 12km 해역
2024-09-19 21:39:17,2.2,5,Ⅰ,40.19 N,126.88 E,북한 평안남도 대흥 북북서쪽 12km 지역
2024-09-19 19:41:22,3.8,8,Ⅰ,40.31 N,126.88 E,북한 평안남도 대흥 북쪽 25km 지역
2024-09-18 12:47:52,2.7,5,Ⅰ,35.73 N,124.35 E,충남 태안군 서격렬비도 남서쪽 145km 해역
2024-09-13 21:58:04,2.3,11,Ⅰ,35.47 N,124.54 E,전남 신안군 흑산도 북서쪽 120km 해역
2024-09-12 23:47:19,2.6,16,Ⅲ,35.46 N,128.43 E,경남 창녕군 남남서쪽 11km 지역
2024-09-12 19:25:10,2.7,14,Ⅲ,36.41 N,128.76 E,경북 의성군 북동쪽 8km 지역
2024-09-12 19:19:46,2.9,17,Ⅰ,39.90 N,126.56 E,북한 평안남도 덕천 북동쪽 27km 지역
2024-09-11 02:24:34,2.7,11,Ⅱ,37.11 N,125.45 E,충남 태안군 서격렬비도 북쪽 56km 해역
2024-09-01 13:46:21,2.4,27,Ⅰ,37.86 N,129.52 E,강원 동해시 북동쪽 52km 해역
2024-08-29 20:23:55,2.4,19,Ⅰ,35.66 N,129.75 E,울산 동구 동북동쪽 35km 해역
2024-08-27 23:02:24,2.2,21,Ⅰ,37.87 N,129.54 E,강원 동해시 북동쪽 54km 해역
2024-08-27 00:15:21,2.7,12,Ⅰ,41.28 N,129.09 E,북한 함경북도 길주 북북서쪽 41km 지역
2024-08-25 23:28:19,3.0,24,Ⅱ,37.86 N,129.52 E,강원 동해시 북동쪽 52km 해역
2024-08-25 23:28:12,2.4,25,Ⅱ,37.87 N,129.51 E,강원 동해시 북동쪽 52km 해역
2024-08-23 01:42:16,2.1,9,Ⅰ,36.96 N,126.31 E,충남 서산시 북북서쪽 23km 해역
2024-08-04 00:27:10,2.7,18,Ⅰ,34.79 N,124.66 E,전남 신안군 흑산도 서쪽 71km 해역
2024-08-01 12:50:08,2.6,9,Ⅰ,38.77 N,125.89 E,북한 황해북도 송림 동쪽 22km 지역
2024-08-01 08:34:12,3.0,9,Ⅰ,38.76 N,125.89 E,북한 황해북도 송림 동쪽 22km 지역
2024-07-29 21:56:42,2.3,14,Ⅰ,38.78 N,125.89 E,북한 황해북도 송림 동북동쪽 23km 지역
2024-07-27 12:50:57,2.9,17,Ⅰ,41.30 N,129.13 E,북한 함경북도 길주 북북서쪽 42km 지역
2024-07-26 22:52:37,2.6,7,Ⅰ,35.57 N,125.14 E,전북 군산시 어청도 남서쪽 97km 해역
2024-07-06 02:19:15,2.4,16,Ⅲ,36.51 N,128.85 E,경북 안동시 동남동쪽 13km 지역
2024-07-03 14:24:43,2.3,8,Ⅱ,35.70 N,126.72 E,전북 부안군 남남서쪽 4km 지역
2024-06-27 03:04:40,2.1,6,Ⅰ,39.56 N,127.04 E,북한 함경남도 금야 서쪽 17km 지역
2024-06-22 13:49:00,2.0,16,Ⅰ,32.97 N,126.28 E,제주 서귀포시 남서쪽 41km 해역
2024-06-12 13:55:42,3.1,8,Ⅳ,35.70 N,126.73 E,전북 부안군 남쪽 4km 지역
2024-06-12 08:26:49,4.8,8,Ⅴ,35.70 N,126.72 E,전북 부안군 남남서쪽 4km 지역
2024-06-09 15:16:14,2.1,7,Ⅰ,33.40 N,125.10 E,제주 제주시 서쪽 133km 해역
2024-06-08 23:04:37,2.2,15,Ⅰ,38.87 N,129.18 E,북한 강원 회양 동쪽 138km 해역
2024-06-03 02:25:11,2.5,14,Ⅲ,38.24 N,128.69 E,강원 속초시 동북동쪽 9km 해역
2024-06-01 11:55:28,2.1,6,Ⅰ,41.33 N,129.17 E,북한 함경북도 길주 북북서쪽 44km 지역
2024-06-01 00:53:41,2.4,11,Ⅱ,36.24 N,128.20 E,경북 김천시 북동쪽 14km 지역
2024-05-31 03:35:02,2.8,9,Ⅲ,38.13 N,127.09 E,경기 연천군 북북동쪽 4km 지역
2024-05-22 12:29:19,2.3,16,Ⅰ,41.27 N,129.06 E,북한 함경북도 길주 북북서쪽 42km 지역
2024-05-20 10:31:45,2.6,22,Ⅰ,35.63 N,129.83 E,울산 동구 동북동쪽 40km 해역
2024-05-09 05:41:25,2.2,11,Ⅰ,41.32 N,129.18 E,북한 함경북도 길주 북북서쪽 42km 지역
2024-05-08 00:50:00,2.2,11,Ⅰ,38.80 N,126.17 E,북한 황해북도 연산 남서쪽 11km 지역
2024-04-30 01:54:46,2.5,16,Ⅰ,41.30 N,129.14 E,북한 함경북도 길주 북북서쪽 41km 지역
2024-04-28 10:33:43,2.2,14,Ⅲ,35.61 N,128.28 E,경남 합천군 동북동쪽 11km 지역
2024-04-22 18:47:51,2.0,20,Ⅰ,33.31 N,127.10 E,제주 서귀포시 동쪽 51km 해역
2024-04-22 07:47:19,2.6,6,Ⅳ,36.00 N,128.35 E,경북 칠곡군 서쪽 5km 지역
2024-04-10 15:30:46,2.9,6,Ⅰ,39.44 N,125.88 E,북한 평안남도 평성 북쪽 22km 지역
2024-03-27 11:14:27,2.7,16,Ⅰ,41.31 N,129.12 E,북한 함경북도 길주 북북서쪽 43km 지역
2024-03-27 09:45:06,2.5,20,Ⅰ,41.30 N,129.15 E,북한 함경북도 길주 북북서쪽 41km 지역
2024-03-27 09:43:10,2.9,24,Ⅰ,41.29 N,129.19 E,북한 함경북도 길주 북북서쪽 39km 지역
2024-03-25 21:16:45,2.1,7,Ⅰ,35.11 N,125.07 E,전남 신안군 흑산도 북북서쪽 58km 해역
2024-03-22 08:05:55,2.4,20,Ⅰ,33.69 N,125.14 E,전남 신안군 흑산도 남남서쪽 112km 해역
2024-03-15 22:35:42,2.2,20,Ⅰ,41.30 N,129.20 E,북한 함경북도 길주 북북서쪽 40km 지역
2024-03-03 08:53:39,2.8,14,Ⅰ,35.09 N,125.09 E,전남 신안군 흑산도 북북서쪽 56km 해역
2024-02-14 23:33:00,2.2,20,Ⅰ,41.28 N,129.15 E,북한 함경북도 길주 북북서쪽 39km 지역
2024-02-08 03:15:44,2.3,21,Ⅰ,41.46 N,129.25 E,북한 함경북도 길주 북쪽 57km 지역
2024-02-03 02:24:04,2.0,13,Ⅱ,35.96 N,127.00 E,전북 익산시 동북동쪽 4km 지역
2024-01-31 17:36:22,3.8,15,Ⅱ,32.59 N,125.53 E,제주 서귀포시 이어도 북북동쪽 61km 해역
2024-01-24 19:12:07,2.0,18,Ⅰ,35.76 N,129.19 E,경북 경주시 남남서쪽 11km 지역
2024-01-24 12:25:25,2.1,6,Ⅰ,38.85 N,125.77 E,북한 황해북도 송림 북동쪽 17km 지역
2024-01-13 08:03:02,2.4,8,Ⅰ,37.65 N,124.65 E,인천 옹진군 백령도 남쪽 34km 해역
2024-01-11 19:00:53,2.4,20,Ⅰ,41.30 N,129.16 E,북한 함경북도 길주 북북서쪽 41km 지역
2024-01-06 20:02:39,2.4,17,Ⅰ,33.59 N,127.22 E,전남 여수시 거문도 남쪽 49km 해역
2025-12-31 15:31:11,2.0,14,Ⅲ,34.70 N,127.37 E,전남 고흥군 북동쪽 14km 지역
2025-12-25 15:37:20,2.0,19,Ⅰ,36.29 N,126.51 E,충남 보령시 서남서쪽 10km 해역
2025-12-24 20:32:23,2.2,9,Ⅱ,34.55 N,128.30 E,경남 통영시 남남서쪽 36km 해역
2025-12-22 21:24:41,2.6,19,Ⅰ,33.82 N,125.25 E,전남 신안군 흑산도 남쪽 96km 해역
2025-12-13 21:30:51,2.3,19,Ⅰ,33.52 N,125.85 E,제주 제주시 서쪽 63km 해역
2025-12-13 04:57:57,2.2,6,Ⅰ,35.08 N,124.55 E,전남 신안군 흑산도 서북서쪽 91km 해역
2025-12-11 11:00:02,2.0,18,Ⅰ,33.52 N,125.84 E,제주 제주시 서쪽 64km 해역
2025-11-28 01:31:11,2.2,14,Ⅰ,37.06 N,124.63 E,충남 태안군 서격렬비도 서북서쪽 95km 해역
2025-11-26 20:06:35,2.2,5,Ⅲ,35.89 N,127.23 E,전북 완주군 동남동쪽 6km 지역
2025-11-20 21:20:32,2.2,14,Ⅰ,41.30 N,129.24 E,북한 함경북도 길주 북쪽 39km 지역
2025-11-07 09:44:44,2.9,8,Ⅱ,34.55 N,128.30 E,경남 통영시 남남서쪽 36km 해역
2025-10-23 18:21:13,2.3,21,Ⅰ,41.28 N,129.25 E,북한 함경북도 길주 북쪽 37km 지역
2025-10-18 21:37:40,2.3,18,Ⅱ,36.49 N,128.05 E,경북 상주시 북서쪽 13km 지역
2025-10-17 02:22:46,2.4,17,Ⅰ,41.28 N,129.24 E,북한 함경북도 길주 북쪽 37km 지역
2025-10-17 00:11:36,2.4,10,Ⅰ,41.30 N,129.20 E,북한 함경북도 길주 북북서쪽 40km 지역
2025-10-12 05:32:59,2.2,23,Ⅰ,41.29 N,129.18 E,북한 함경북도 길주 북북서쪽 39km 지역
2025-10-08 11:49:39,3.1,9,Ⅳ,36.28 N,127.76 E,충북 옥천군 동쪽 17km 지역
2025-10-05 12:49:56,2.8,19,Ⅰ,33.27 N,127.54 E,전남 여수시 거문도 남남동쪽 87km 해역
2025-09-26 06:53:01,2.1,13,Ⅲ,35.40 N,127.91 E,경남 산청군 동남동쪽 4km 지역
2025-09-25 18:42:27,2.6,11,Ⅰ,35.39 N,125.54 E,전남 신안군 흑산도 북쪽 81km 해역
2025-09-23 08:53:11,2.2,25,Ⅰ,35.55 N,129.95 E,울산 동구 동쪽 49km 해역
2025-09-21 01:59:59,2.5,19,Ⅰ,41.33 N,129.18 E,북한 함경북도 길주 북북서쪽 44km 지역
2025-09-15 15:49:56,2.0,14,Ⅲ,36.41 N,128.64 E,경북 의성군 북서쪽 8km 지역
2025-09-15 15:34:42,2.3,15,Ⅲ,36.41 N,128.64 E,경북 의성군 북서쪽 8km 지역
2025-09-13 08:28:29,2.1,12,Ⅰ,34.55 N,128.29 E,경남 통영시 남남서쪽 36km 해역
2025-09-09 20:04:15,2.1,17,Ⅰ,33.66 N,126.96 E,제주 제주시 동북동쪽 44km 해역
2025-09-05 00:45:17,2.5,27,Ⅰ,36.36 N,130.12 E,경북 영덕군 동쪽 68km 해역
2025-09-04 08:02:46,2.2,16,Ⅰ,33.79 N,124.99 E,전남 신안군 흑산도 남남서쪽 105km 해역
2025-08-26 22:46:45,2.3,14,Ⅰ,32.66 N,125.48 E,제주 서귀포시 이어도 북북동쪽 66km 해역
2025-08-25 10:40:28,2.2,14,Ⅱ,35.76 N,129.19 E,경북 경주시 남남서쪽 11km 지역
2025-08-16 09:33:11,2.3,12,Ⅲ,36.85 N,126.53 E,충남 당진시 서남서쪽 11km 지역
2025-08-05 15:58:17,2.7,16,Ⅲ,36.58 N,129.24 E,경북 영덕군 북북서쪽 22km 지역
2025-08-01 10:34:17,2.3,6,Ⅰ,38.80 N,127.44 E,북한 강원 회양 북서쪽 18km 지역
2025-07-22 03:57:04,2.8,12,Ⅰ,32.37 N,126.91 E,제주 서귀포시 남남동쪽 104km 해역
2025-07-06 04:20:19,2.2,17,Ⅰ,37.38 N,129.82 E,경북 울진군 북동쪽 57km 해역
2025-06-25 05:59:35,2.2,7,Ⅳ,36.85 N,127.60 E,충북 증평군 북북동쪽 7km 지역
2025-06-22 18:10:48,2.2,27,Ⅰ,41.29 N,129.17 E,북한 함경북도 길주 북북서쪽 40km 지역
2025-06-22 13:28:14,2.0,14,Ⅰ,37.77 N,125.97 E,북한 황해남도 해주 남동쪽 38km 해역
2025-06-22 12:00:37,2.1,12,Ⅰ,41.33 N,129.21 E,북한 함경북도 길주 북북서쪽 43km 지역
2025-06-16 07:04:18,2.4,5,Ⅰ,41.32 N,129.16 E,북한 함경북도 길주 북북서쪽 43km 지역
2025-06-14 13:58:33,2.3,11,Ⅲ,36.61 N,129.34 E,경북 영덕군 북쪽 22km 지역
2025-06-14 12:22:11,2.0,12,Ⅲ,36.60 N,129.35 E,경북 영덕군 북쪽 21km 지역
2025-06-13 01:57:14,2.1,18,Ⅰ,40.67 N,128.29 E,북한 양강도 풍산 남동쪽 20km 지역
2025-06-12 21:49:16,2.7,19,Ⅰ,35.06 N,125.08 E,전남 신안군 흑산도 북서쪽 53km 해역
2025-06-10 23:53:28,2.2,13,Ⅲ,38.33 N,128.58 E,강원 고성군 동남동쪽 11km 해역
2025-06-07 03:25:17,2.2,6,Ⅰ,39.11 N,126.78 E,북한 평안남도 양덕 남동쪽 17km 지역
2025-05-28 00:17:31,2.0,17,Ⅰ,35.55 N,129.65 E,울산 동구 동북동쪽 22km 해역
2025-05-21 10:17:11,2.1,18,Ⅰ,38.63 N,125.69 E,북한 황해북도 송림 남남동쪽 13km 지역
2025-05-19 14:18:50,2.4,13,Ⅲ,36.18 N,128.26 E,경북 김천시 동북동쪽 14km 지역
2025-05-18 13:01:21,2.4,7,Ⅰ,35.19 N,124.77 E,전남 신안군 흑산도 북서쪽 83km 해역
2025-05-10 14:59:25,2.5,8,Ⅱ,38.13 N,127.09 E,경기 연천군 북북동쪽 4km 지역
2025-05-10 13:19:00,3.3,9,Ⅳ,38.14 N,127.09 E,경기 연천군 북북동쪽 5km 지역
2025-05-07 23:08:53,2.5,16,Ⅲ,35.77 N,129.07 E,경북 경주시 남서쪽 17km 지역
2025-05-07 19:55:07,2.0,15,Ⅱ,35.77 N,129.07 E,경북 경주시 남서쪽 17km 지역
2025-05-05 07:53:59,3.7,14,Ⅳ,37.12 N,125.94 E,충남 태안군 북서쪽 52km 해역
2025-05-03 16:10:39,2.2,12,Ⅰ,37.35 N,129.52 E,강원 삼척시 동남동쪽 33km 해역
2025-05-01 16:26:07,2.3,20,Ⅰ,41.29 N,129.23 E,북한 함경북도 길주 북북서쪽 38km 지역
2025-04-28 19:39:39,2.8,9,Ⅱ,33.73 N,127.64 E,전남 여수시 거문도 남동쪽 45km 해역
2025-04-22 08:40:48,2.3,28,Ⅰ,40.86 N,127.99 E,북한 양강도 풍산 서북서쪽 15km 지역
2025-04-13 10:27:54,2.2,9,Ⅰ,37.39 N,125.75 E,인천 옹진군 연평도 남쪽 31km 해역
2025-04-02 22:47:35,2.4,8,Ⅰ,35.56 N,124.43 E,전남 신안군 흑산도 북서쪽 134km 해역
2025-03-31 21:19:43,2.0,12,Ⅰ,41.36 N,129.43 E,북한 함경북도 길주 북쪽 46km 지역
2025-03-29 05:37:25,2.5,20,Ⅱ,33.90 N,126.93 E,전남 여수시 거문도 서남서쪽 38km 해역
2025-03-20 16:26:08,2.5,15,Ⅰ,36.49 N,124.68 E,충남 태안군 서격렬비도 서쪽 78km 해역
2025-03-17 11:39:01,2.2,12,Ⅰ,38.67 N,125.62 E,북한 황해북도 송림 남쪽 7km 지역
2025-03-13 00:40:54,2.1,22,Ⅰ,35.63 N,129.96 E,울산 동구 동북동쪽 51km 해역
2025-02-22 06:30:12,2.0,8,Ⅰ,36.71 N,125.93 E,충남 태안군 서쪽 33km 해역
2025-02-17 11:20:37,2.1,21,Ⅰ,33.91 N,126.93 E,전남 여수시 거문도 서남서쪽 38km 해역
2025-02-16 13:42:04,2.2,20,Ⅱ,33.91 N,126.94 E,전남 여수시 거문도 서남서쪽 37km 해역
2025-02-15 06:49:47,2.6,5,Ⅲ,37.28 N,129.33 E,강원 삼척시 남동쪽 24km 해역
2025-02-13 12:06:51,2.3,8,Ⅱ,35.70 N,126.73 E,전북 부안군 남쪽 4km 지역
2025-02-09 17:49:39,2.1,14,Ⅰ,38.46 N,126.18 E,북한 황해북도 평산 북서쪽 23km 지역
2025-02-07 02:35:34,3.1,9,Ⅴ,37.14 N,127.76 E,충북 충주시 북서쪽 22km 지역
2025-01-29 02:15:45,2.1,11,Ⅰ,38.47 N,126.19 E,북한 황해북도 평산 북서쪽 23km 지역
2025-01-14 16:33:56,2.5,10,Ⅰ,39.01 N,126.53 E,북한 황해북도 신평 북서쪽 22km 지역
2025-01-11 22:35:51,2.2,13,Ⅰ,33.49 N,125.85 E,제주 제주시 서쪽 63km 해역
2025-01-05 09:54:14,2.1,10,Ⅱ,35.48 N,128.31 E,경남 의령군 북북동쪽 18km 지역
2025-01-05 02:43:11,2.2,5,Ⅰ,38.00 N,125.39 E,북한 황해남도 옹진 북북동쪽 8km 지역
2025-01-03 15:28:06,2.9,8,Ⅴ,35.56 N,127.94 E,경남 거창군 남쪽 14km 지역
2026-06-16 16:06:53,2.4,11,Ⅰ,39.09 N,126.73 E,북한 평안남도 양덕 남남동쪽 16km 지역
2026-06-13 20:47:58,2.2,13,Ⅰ,35.97 N,125.88 E,전북 군산시 어청도 남남서쪽 19km 해역
2026-06-10 03:16:57,2.9,20,Ⅱ,35.67 N,129.60 E,울산 북구 동북동쪽 24km 해역
2026-06-08 09:07:14,2.9,5,Ⅰ,34.57 N,128.28 E,경남 통영시 남남서쪽 35km 해역
2026-06-05 13:05:18,2.0,6,Ⅰ,38.21 N,124.69 E,북한 황해남도 용연 서북서쪽 21km 해역
2026-06-05 08:58:05,2.1,14,Ⅰ,38.26 N,126.05 E,북한 황해북도 평산 서남서쪽 31km 지역
2026-05-30 08:20:55,2.1,-,Ⅰ,33.15 N,124.96 E,제주 서귀포시 이어도 북쪽 116km 해역
2026-05-17 08:28:52,2.0,6,Ⅰ,33.10 N,125.72 E,제주 서귀포시 서남서쪽 80km 해역
2026-05-03 23:59:36,2.1,18,Ⅰ,37.45 N,129.70 E,강원 삼척시 동쪽 47km 해역
2026-04-30 03:36:03,2.6,8,Ⅰ,38.95 N,126.75 E,북한 황해북도 신평 북쪽 6km 지역
2026-04-28 21:26:10,2.5,10,Ⅰ,38.42 N,126.12 E,북한 황해북도 평산 서북서쪽 26km 지역
2026-04-18 04:27:28,2.1,26,Ⅰ,33.14 N,125.94 E,제주 서귀포시 서남서쪽 59km 해역
2026-04-15 16:40:36,2.6,16,Ⅰ,37.68 N,129.58 E,강원 동해시 동북동쪽 45km 해역
2026-04-05 22:10:26,2.4,11,Ⅳ,35.08 N,127.07 E,전남 화순군 동북동쪽 8km 지역
2026-04-04 23:03:05,2.4,14,Ⅰ,41.27 N,129.39 E,북한 함경북도 길주 북쪽 36km 지역
2026-03-20 00:51:51,2.4,7,Ⅳ,35.46 N,126.81 E,전남 장성군 북쪽 18km 지역
2026-03-14 09:00:20,2.6,11,Ⅲ,35.82 N,128.35 E,경북 성주군 남남동쪽 13km 지역
2026-03-11 22:11:04,2.1,13,Ⅰ,37.43 N,129.83 E,강원 삼척시 동쪽 59km 해역
2026-03-11 20:41:29,2.2,16,Ⅰ,41.22 N,126.87 E,북한 자강도 낭림 북서쪽 35km 지역
2026-03-11 18:05:49,3.1,16,Ⅱ,37.44 N,129.83 E,강원 삼척시 동쪽 59km 해역
2026-03-09 10:40:12,2.0,7,Ⅱ,34.57 N,128.18 E,경남 통영시 남서쪽 39km 해역
2026-03-07 18:38:44,2.6,10,Ⅲ,36.56 N,129.10 E,경북 영양군 남쪽 12km 지역
2026-03-07 10:06:59,3.0,22,Ⅱ,35.46 N,125.82 E,전남 영광군 서북서쪽 66km 해역
2026-02-19 20:24:07,2.2,9,Ⅱ,33.52 N,126.88 E,제주 제주시 동쪽 32km 지역
2026-02-19 08:25:43,2.5,-,Ⅲ,37.19 N,129.07 E,강원 삼척시 남남서쪽 30km 지역
2026-02-15 04:13:38,3.0,9,Ⅲ,38.13 N,127.10 E,경기 연천군 북북동쪽 4km 지역
2026-02-09 10:33:29,2.4,21,Ⅰ,36.57 N,129.65 E,경북 영덕군 북동쪽 31km 해역
2026-01-31 16:36:00,2.0,-,Ⅰ,33.25 N,127.38 E,제주 서귀포시 동쪽 76km 해역
2026-01-23 01:48:21,2.0,-,Ⅰ,36.33 N,130.22 E,경북 영덕군 동쪽 77km 해역
2026-01-21 02:08:40,2.1,20,Ⅱ,35.57 N,128.25 E,경남 합천군 동쪽 8km 지역
2026-01-12 16:51:01,2.0,8,Ⅱ,35.77 N,128.68 E,대구 달성군 동쪽 22km 지역
2026-01-07 17:00:37,2.2,-,Ⅰ,38.85 N,125.73 E,북한 황해북도 송림 북북동쪽 15km 지역
2026-01-03 14:27:19,2.2,-,Ⅰ,37.86 N,129.47 E,강원 동해시 북동쪽 49km 해역