연도,연번,발생일시,발생일자,발생시각,규모(M),위도(°N),경도(°E),진앙 위치
2005,46,2005-12-25 03:58:48,2005-12-25,03:58:48,2.4,34.74,127.22,전남 보성군 동쪽 16km 지역
2005,45,2005-12-18 00:00:03,2005-12-18,00:00:03,2.2,34.64,127.61,전남 여수시 남남서쪽 9km 지역
2005,44,2005-12-17 23:59:58,2005-12-17,23:59:58,2.5,34.26,127.91,전남 여수시 남동쪽 44km 해역
2005,43,2005-12-07 18:02:11,2005-12-07,18:02:11,2.2,36.63,127.77,충북 보은군 북북동쪽 11km 지역
2005,42,2005-11-27 11:47:15,2005-11-27,11:47:15,2.5,37.46,125.23,인천광역시 백령도 동남동쪽 69km 해역
2005,41,2005-11-27 11:47:04,2005-11-27,11:47:04,3.1,38.35,123.99,인천광역시 백령도 서북서쪽 80km 해역
2005,40,2005-11-15 09:10:49,2005-11-15,09:10:49,3.0,37.20,128.79,강원 영월군 동쪽 19km 지역
2005,39,2005-11-06 12:52:45,2005-11-06,12:52:45,2.2,35.98,128.13,경북 김천시 남남동쪽 약 11km 지역
2005,38,2005-11-06 12:52:45,2005-11-06,12:52:45,2.2,35.98,128.13,경북 김천시 남남동쪽 11km 지역
2005,37,2005-10-23 01:02:45,2005-10-23,01:02:45,2.5,34.97,127.07,전남 화순군 동남동쪽 11km 지역
2005,36,2005-10-21 12:00:30,2005-10-21,12:00:30,3.0,37.89,125.01,인천광역시 백령도 동쪽 37km 해역
2005,35,2005-10-16 00:53:00,2005-10-16,00:53:00,7.0,24.81,123.79,대만 키룽시 동쪽 205km 해역
2005,34,2005-10-13 11:22:29,2005-10-13,11:22:29,2.5,36.95,129.43,경북 울진군 남동쪽 4km 해역
2005,33,2005-10-10 08:51:06,2005-10-10,08:51:06,3.4,37.93,124.90,인천광역시 백령도 동쪽 25km 해역
2005,32,2005-10-03 19:18:38,2005-10-03,19:18:38,2.1,35.62,129.40,울산 북구 동북동쪽 6km 지역
2005,31,2005-09-12 20:18:56,2005-09-12,20:18:56,3.6,34.29,129.11,경남 거제시 남동쪽 68km 해역
2005,30,2005-09-07 17:11:10,2005-09-07,17:11:10,2.1,37.09,127.86,충북 음성군 동북동쪽 22km 지역
2005,29,2005-08-31 13:55:53,2005-08-31,13:55:53,2.1,37.12,129.70,경북 울진군 동북동쪽 35km 해역
2005,28,2005-08-31 12:58:10,2005-08-31,12:58:10,2.1,37.12,129.70,경북 울진군 동북동쪽 35km 해역
2005,27,2005-08-25 19:33:47,2005-08-25,19:33:47,2.2,36.75,126.30,충남 태안군 북동쪽 2km 지역
2005,26,2005-08-24 05:06:26,2005-08-24,05:06:26,3.5,34.10,127.00,전남 완도군 동남동쪽 31km 해역
2005,25,2005-07-30 03:01:36,2005-07-30,03:01:36,2.9,34.14,127.47,전남 고흥군 남남동쪽 38km 해역
2005,24,2005-06-30 00:25:04,2005-06-30,00:25:04,3.1,36.66,129.63,경북 영덕 동북동쪽 약 35km 해역
2005,23,2005-06-29 23:18:07,2005-06-29,23:18:07,3.7,34.55,129.00,경남 거제 동남동쪽 약 48km 해역
2005,22,2005-06-29 23:18:05,2005-06-29,23:18:05,4.0,34.50,129.05,경남 거제 동남동쪽 약 54km 해역
2005,21,2005-06-20 15:31:49,2005-06-20,15:31:49,3.0,38.81,125.57,평양 남서쪽 약 20km 지역
2005,20,2005-06-15 07:37:47,2005-06-15,07:37:47,3.0,33.00,126.15,제주도 서귀포시 서남서쪽 약 48km 해역
2005,19,2005-06-15 07:07:02,2005-06-15,07:07:02,3.7,33.15,126.14,제주 서귀포시 서쪽 41km 해역
2005,18,2005-06-10 21:14:36,2005-06-10,21:14:36,2.5,36.78,128.48,경북 예천군 북북동쪽 9km 지역
2005,17,2005-06-10 12:49:54,2005-06-10,12:49:54,2.4,36.73,128.48,경북 예천 북북동쪽 약 6km 지역
2005,16,2005-06-08 00:07:29,2005-06-08,00:07:29,2.5,37.51,124.76,백령도 남동쪽 30km 해역
2005,15,2005-06-08 00:07:29,2005-06-08,00:07:29,2.5,37.51,124.76,인천광역시 백령도 남동쪽 약 30km 해역
2005,14,2005-05-15 07:22:32,2005-05-15,07:22:32,2.6,38.13,125.60,황해도 해주 북서쪽 약 15km 지역
2005,13,2005-05-01 16:27:08,2005-05-01,16:27:08,3.6,35.04,123.00,전남 흑산도 서쪽 약 225km 해역
2005,12,2005-04-21 12:37:33,2005-04-21,12:37:33,3.0,34.91,125.47,전남 흑산도 북쪽 약 25km 해역
2005,11,2005-04-21 12:37:33,2005-04-21,12:37:33,3.0,34.91,125.47,전남 흑산도 북쪽 약 25km 해역
2005,10,2005-04-09 23:04:50,2005-04-09,23:04:50,2.4,35.67,130.03,울산광역시 동쪽 약 70km 해역
2005,9,2005-04-09 19:13:59,2005-04-09,19:13:59,2.4,37.17,125.41,인천 덕적도 서쪽 약 60km 해역
2005,8,2005-04-01 00:15:19,2005-04-01,00:15:19,2.4,33.56,126.97,제주 성산 북북동쪽 약25km 해역
2005,7,2005-03-31 19:32:40,2005-03-31,19:32:40,2.2,36.43,125.57,충남 격렬비열도 남남동쪽 약 20km 해역
2005,6,2005-03-17 23:39:52,2005-03-17,23:39:52,3.1,32.47,125.85,제주도 서귀포시 남남서쪽 약 105 km 해역
2005,5,2005-03-12 11:56:48,2005-03-12,11:56:48,2.4,38.82,127.14,함경남도 원산시 남남서쪽 약 45 km 지역
2005,4,2005-02-20 22:18:39,2005-02-20,22:18:39,3.4,35.40,126.22,전남 영광군 서북서쪽 약 30 km 해역
2005,3,2005-02-07 20:16:04,2005-02-07,20:16:04,2.8,36.59,130.02,경북 영덕 동북동쪽 약 60km 해역
2005,2,2005-02-05 11:27:27,2005-02-05,11:27:27,2.5,33.49,126.36,제주시 서쪽 약 10 km 해역
2005,1,2005-02-03 07:48:31,2005-02-03,07:48:31,2.4,38.95,130.39,강원 고성 북동쪽 약 150 km 해역
2006,52,2006-12-28 09:44:51,2006-12-28,09:44:51,2.2,36.11,128.11,경북 김천시 남동쪽 2km 지역
2006,51,2006-12-20 01:18:19,2006-12-20,01:18:19,2.1,37.14,129.90,경북 울진군 동쪽 56km 해역
2006,50,2006-12-10 01:39:52,2006-12-10,01:39:52,2.5,33.06,126.22,제주 서귀포시 서남서쪽 35km 해역
2006,49,2006-12-04 00:51:41,2006-12-04,00:51:41,2.7,36.46,127.92,충북 보은군 동쪽 21km 지역
2006,48,2006-11-26 03:05:34,2006-11-26,03:05:34,2.4,34.14,127.48,전남 고흥군 남동쪽 38km 해역
2006,47,2006-11-12 08:19:34,2006-11-12,08:19:34,2.9,38.59,125.12,황해남도 장연 북쪽 22km 지역
2006,46,2006-11-11 01:16:01,2006-11-11,01:16:01,2.4,35.97,127.45,충남 금산군 남남서쪽 10km 지역
2006,45,2006-10-25 18:14:25,2006-10-25,18:14:25,2.6,33.36,125.75,제주 북제주군 서쪽 84km 해역
2006,44,2006-10-22 14:09:16,2006-10-22,14:09:16,2.2,37.13,125.98,충남 태안군 북서쪽 44km 해역
2006,43,2006-10-16 14:12:58,2006-10-16,14:12:58,2.4,37.35,124.88,인천광역시 백령도 남남동쪽 44km 해역
2006,42,2006-10-04 05:29:22,2006-10-04,05:29:22,2.2,36.67,127.67,충북 청원군 동쪽 20km 지역
2006,41,2006-09-29 23:07:52,2006-09-29,23:07:52,3.4,34.10,124.90,전남 신안군 흑산면 서남서쪽 73km 해역
2006,40,2006-09-20 14:15:33,2006-09-20,14:15:33,2.1,34.62,128.81,경남 거제시 남동쪽 27km 해역
2006,39,2006-09-20 00:03:11,2006-09-20,00:03:11,2.6,35.92,129.56,경북 포항시 남구 동남동쪽 23km 해역
2006,38,2006-08-26 07:44:16,2006-08-26,07:44:16,2.2,37.21,128.81,강원 태백시 서쪽 20km 지역
2006,37,2006-08-09 08:16:19,2006-08-09,08:16:19,2.3,35.70,124.80,충남 태안군 서격렬비열도 남서쪽 100km 해역
2006,36,2006-08-07 14:18:33,2006-08-07,14:18:33,2.8,35.60,124.63,전남 신안군 흑산면 서북서쪽 111km 해역
2006,35,2006-08-01 12:57:36,2006-08-01,12:57:36,2.0,35.74,127.82,경남 거창군 서북서쪽 11km 지역
2006,34,2006-07-26 02:50:38,2006-07-26,02:50:38,2.0,35.80,127.88,경남 거창군 북북서쪽 9km 지역
2006,33,2006-07-25 23:29:18,2006-07-25,23:29:18,2.5,35.79,127.89,경남 거창군 북북서쪽 8km 지역
2006,32,2006-07-24 02:44:17,2006-07-24,02:44:17,2.0,36.17,126.32,충남 보령시 서남서쪽 35km 해역
2006,31,2006-07-18 14:49:53,2006-07-18,14:49:53,2.0,36.13,126.65,충남 서천군 북서쪽 6km 해역
2006,30,2006-06-12 05:01:00,2006-06-12,05:01:00,6.1,33.20,131.40,일본 오이타 서쪽 약 20km 지역
2006,29,2006-06-01 11:58:01,2006-06-01,11:58:01,2.4,34.60,128.16,경남 남해군 동남동쪽 34km 해역
2006,28,2006-05-08 06:59:15,2006-05-08,06:59:15,2.4,36.22,129.54,경북 포항시 북구 북동쪽 23km 해역
2006,27,2006-04-30 09:50:04,2006-04-30,09:50:04,2.5,37.05,129.84,경북 울진군 동쪽 49km 해역
2006,26,2006-04-29 11:01:12,2006-04-29,11:01:12,3.5,37.09,129.92,경북 울진군 동쪽 58km 해역
2006,25,2006-04-29 01:01:00,2006-04-29,01:01:00,2.5,37.07,129.81,경북 울진군 동쪽 46km 해역
2006,24,2006-04-28 23:54:56,2006-04-28,23:54:56,2.5,37.12,129.93,경북 울진군 동쪽 59km 해역
2006,23,2006-04-28 23:47:55,2006-04-28,23:47:55,3.0,37.09,129.92,경북 울진군 동쪽 58km 해역
2006,22,2006-04-19 16:18:13,2006-04-19,16:18:13,2.1,37.01,129.82,경북 울진군 동쪽 46km 해역
2006,21,2006-04-19 16:01:32,2006-04-19,16:01:32,2.4,37.10,129.92,경북 울진군 동쪽 58km 해역
2006,20,2006-04-19 10:57:56,2006-04-19,10:57:56,2.5,37.10,129.91,경북 울진군 동쪽 57km 해역
2006,19,2006-04-19 09:49:34,2006-04-19,09:49:34,3.0,37.05,129.96,경북 울진군 동쪽 62km 해역
2006,18,2006-04-19 09:35:10,2006-04-19,09:35:10,2.4,37.07,129.93,경북 울진군 동쪽 59km 해역
2006,17,2006-04-19 09:34:47,2006-04-19,09:34:47,2.4,37.27,131.88,경북 울릉군 독도 북동쪽 4km 해역
2006,16,2006-04-13 01:09:47,2006-04-13,01:09:47,2.8,34.74,125.01,전남 신안군 흑산면 서쪽 52km 해역
2006,15,2006-04-03 18:14:04,2006-04-03,18:14:04,3.3,38.68,125.96,황해도 사리원 동북동쪽 24km 지역
2006,14,2006-04-02 00:04:37,2006-04-02,00:04:37,2.0,35.38,127.22,전북 순창군 동쪽 9km 지역
2006,13,2006-03-26 07:54:50,2006-03-26,07:54:50,2.4,35.66,126.26,전남 영광군 북서쪽 38km 해역
2006,12,2006-03-23 07:42:55,2006-03-23,07:42:55,2.5,38.32,127.30,강원 철원군 북쪽 12km 지역
2006,11,2006-03-19 14:03:46,2006-03-19,14:03:46,2.0,36.33,127.34,대전 유성구 남서쪽 3km 지역
2006,10,2006-03-19 13:59:47,2006-03-19,13:59:47,2.9,36.34,127.36,대전 서구 서남서쪽 2km 지역
2006,9,2006-03-15 04:36:54,2006-03-15,04:36:54,2.4,38.19,125.94,황해도 해주 동북동쪽 27km 지역
2006,8,2006-03-11 04:52:22,2006-03-11,04:52:22,2.1,37.13,126.00,충남 태안군 북서쪽 42km 해역
2006,7,2006-03-10 05:57:17,2006-03-10,05:57:17,2.5,33.30,127.15,제주 남제주군 동쪽 65km 해역
2006,6,2006-02-28 18:52:38,2006-02-28,18:52:38,2.3,36.22,127.66,충북 옥천군 동남동쪽 11km 지역
2006,5,2006-02-28 00:11:22,2006-02-28,00:11:22,2.3,35.81,127.89,경남 거창군 북북서쪽 9km 지역
2006,4,2006-02-14 03:32:02,2006-02-14,03:32:02,3.0,38.67,126.03,황해도 사리원 동북동쪽 31km 지역
2006,3,2006-01-21 11:29:49,2006-01-21,11:29:49,2.1,36.33,127.26,대전 유성구 서쪽 11km 지역
2006,2,2006-01-19 22:53:30,2006-01-19,22:53:30,2.0,37.19,128.77,강원 정선군 동남동쪽 14km 지역
2006,1,2006-01-19 12:35:34,2006-01-19,12:35:34,3.2,37.21,128.80,강원 영월군 동쪽 20km 지역
2007,45,2007-12-28 04:03:22,2007-12-28,04:03:22,2.7,34.98,129.64,부산 해운대구 동남동쪽 48km 해역
2007,44,2007-12-22 09:54:22,2007-12-22,09:54:22,2.6,38.63,125.50,황해남도 안악 북쪽 14km 지역
2007,43,2007-12-16 00:04:35,2007-12-16,00:04:35,2.2,35.63,127.80,경남 함양군 북북동쪽 14km 지역
2007,42,2007-11-19 05:51:22,2007-11-19,05:51:22,2.1,34.78,126.48,전남 영암군 서쪽 20km 지역
2007,41,2007-10-29 02:32:01,2007-10-29,02:32:01,2.5,36.62,128.42,경북 예천군 남서쪽 5km 지역
2007,40,2007-10-17 20:06:26,2007-10-17,20:06:26,2.1,36.43,129.57,경북 영덕군 동쪽 18km 해역
2007,39,2007-10-16 14:59:03,2007-10-16,14:59:03,2.9,37.45,128.97,강원 동해시 서남서쪽 15km 지역
2007,38,2007-10-13 04:13:35,2007-10-13,04:13:35,2.1,36.44,129.63,경북 영덕군 동쪽 24km 해역
2007,37,2007-10-08 22:36:54,2007-10-08,22:36:54,2.2,38.90,125.76,평양(북한) 남쪽 13km 지역
2007,36,2007-10-06 09:08:08,2007-10-06,09:08:08,2.5,35.59,125.96,전남 영광군 북서쪽 61km 해역
2007,35,2007-10-04 23:56:07,2007-10-04,23:56:07,2.9,36.43,129.55,경북 영덕군 동쪽 16km 해역
2007,34,2007-10-01 01:02:44,2007-10-01,01:02:44,2.2,36.44,129.54,경북 영덕군 동북동쪽 16km 해역
2007,33,2007-09-24 00:24:11,2007-09-24,00:24:11,2.2,36.45,129.43,경북 영덕군 북동쪽 7km 지역
2007,32,2007-09-17 01:16:31,2007-09-17,01:16:31,3.0,36.45,129.69,경북 영덕군 동쪽 29km 해역
2007,31,2007-09-12 15:27:57,2007-09-12,15:27:57,2.2,34.73,128.74,경남 거제시 남남동쪽 20km 해역
2007,30,2007-09-12 13:18:59,2007-09-12,13:18:59,2.1,34.73,128.76,경남 거제시 남동쪽 21km 해역
2007,29,2007-09-12 06:50:59,2007-09-12,06:50:59,2.7,36.46,129.47,경북 영덕군 동북동쪽 11km 해역
2007,28,2007-08-30 16:12:57,2007-08-30,16:12:57,2.9,38.69,125.64,황해북도 송림 남쪽 5km 지역
2007,27,2007-08-18 15:09:35,2007-08-18,15:09:35,2.5,35.99,125.78,충남 태안군 서격렬비열도 남남동쪽 71km 해역
2007,26,2007-08-12 04:52:31,2007-08-12,04:52:31,2.1,36.05,127.74,충북 영동군 남남서쪽 14km 지역
2007,25,2007-08-07 18:39:49,2007-08-07,18:39:49,2.4,37.23,128.80,강원 정선군 남동쪽 20km 지역
2007,24,2007-07-27 01:37:08,2007-07-27,01:37:08,2.1,39.16,126.65,강원 원산(북한) 서쪽 67km 지역
2007,23,2007-07-22 13:49:27,2007-07-22,13:49:27,2.6,36.88,126.66,충남 당진군 동남동쪽 3km 지역
2007,22,2007-07-19 21:01:12,2007-07-19,21:01:12,2.2,37.09,129.01,강원 태백시 남남동쪽 8km 지역
2007,21,2007-07-08 19:28:31,2007-07-08,19:28:31,2.3,37.37,129.66,강원 삼척시 동남동쪽 44km 해역
2007,20,2007-06-26 00:01:23,2007-06-26,00:01:23,2.2,35.61,130.15,울산 동구 동쪽 82km 해역
2007,19,2007-05-28 00:51:58,2007-05-28,00:51:58,2.1,35.23,128.57,경남 마산시 북쪽 3km 지역
2007,18,2007-05-26 19:59:26,2007-05-26,19:59:26,2.5,36.10,125.05,충남 태안군 서격렬비열도 서남서쪽 63km 해역
2007,17,2007-05-19 07:53:25,2007-05-19,07:53:25,2.4,36.57,129.00,경북 영양군 서남서쪽 14km 지역
2007,16,2007-05-16 04:56:08,2007-05-16,04:56:08,2.5,35.72,129.22,경북 경주시 남쪽 8km 지역
2007,15,2007-05-13 16:22:47,2007-05-13,16:22:47,2.2,35.92,128.01,경북 김천시 남남서쪽 18km 지역
2007,14,2007-05-11 05:51:51,2007-05-11,05:51:51,2.1,35.55,129.91,울산 동구 동쪽 55km 해역
2007,13,2007-05-03 18:24:01,2007-05-03,18:24:01,2.1,36.60,127.83,충북 보은군 북동쪽 13km 지역
2007,12,2007-05-03 12:24:07,2007-05-03,12:24:07,2.2,36.13,127.85,충북 영동군 동남동쪽 8km 지역
2007,11,2007-04-25 08:36:40,2007-04-25,08:36:40,2.0,36.94,126.53,충남 당진군 서북서쪽 12km 해역
2007,10,2007-04-01 22:16:04,2007-04-01,22:16:04,2.3,38.58,125.63,황해북도 사리원(서울북서쪽 166km지역)
2007,9,2007-03-28 02:47:15,2007-03-28,02:47:15,2.8,38.64,125.60,황해남도 안악 북동쪽 15km 지역
2007,8,2007-03-15 05:30:12,2007-03-15,05:30:12,2.9,36.18,127.97,경북 김천시 서북서쪽 14km 지역
2007,7,2007-03-10 18:18:41,2007-03-10,18:18:41,2.0,37.21,128.85,강원 태백시 서북서쪽 16km 지역
2007,6,2007-02-06 00:35:03,2007-02-06,00:35:03,2.2,35.13,129.41,부산 기장군 동남동쪽 22km 해역
2007,5,2007-01-24 16:31:56,2007-01-24,16:31:56,2.4,38.62,125.59,황해도 안악 북동쪽 13km 지역
2007,4,2007-01-20 20:56:51,2007-01-20,20:56:51,4.8,37.75,128.69,강원 강릉시 서쪽 23km 지역
2007,3,2007-01-19 09:06:23,2007-01-19,09:06:23,2.0,37.69,128.57,강원 정선군 북북서쪽 24km 지역
2007,2,2007-01-11 08:06:11,2007-01-11,08:06:11,3.1,35.27,123.94,충남 서격렬비열도 남서쪽 200km 해역
2007,1,2007-01-06 05:47:16,2007-01-06,05:47:16,2.4,39.11,127.98,강원도 원산 동쪽 61km 해역
2008,47,2008-12-19 21:53:49,2008-12-19,21:53:49,2.2,37.36,129.83,경북 울진군 북동쪽 56km 해역
2008,46,2008-12-19 17:53:41,2008-12-19,17:53:41,3.2,36.43,129.70,경북 영덕군 동쪽 30km 해역
2008,45,2008-12-18 23:38:15,2008-12-18,23:38:15,2.0,36.46,129.55,경북 영덕군 동북동쪽 17km 해역
2008,44,2008-12-11 19:31:20,2008-12-11,19:31:20,2.7,40.38,126.87,자강도 용림(북한) 남남동쪽 14km 지역
2008,43,2008-12-08 08:49:44,2008-12-08,08:49:44,2.3,35.12,124.64,전남 신안군 흑산면 북서쪽 92km 해역
2008,42,2008-12-07 18:02:14,2008-12-07,18:02:14,2.3,37.79,125.02,황해남도 옹진 서남서쪽 34km 해역
2008,41,2008-12-07 02:28:07,2008-12-07,02:28:07,2.1,36.45,129.57,경북 영덕군 동북동쪽 19km 해역
2008,40,2008-11-11 23:37:54,2008-11-11,23:37:54,2.5,38.56,125.66,황해북도 사리원 북서쪽 11km 지역
2008,39,2008-11-11 21:30:02,2008-11-11,21:30:02,3.0,38.55,125.67,황해북도 사리원 서북서쪽 9km 지역
2008,38,2008-11-11 21:20:53,2008-11-11,21:20:53,3.0,38.54,125.65,황해북도 사리원 서북서쪽 10km 지역
2008,37,2008-11-05 18:12:31,2008-11-05,18:12:31,2.3,37.07,129.11,경북 봉화군 동북동쪽 38km 지역
2008,36,2008-10-29 09:26:14,2008-10-29,09:26:14,3.4,36.35,127.25,충남 공주시 남동쪽 15km 지역
2008,35,2008-10-08 11:04:34,2008-10-08,11:04:34,2.1,38.12,127.11,경기 연천군 북동쪽 4km 지역
2008,34,2008-09-20 11:24:00,2008-09-20,11:24:00,2.6,34.12,124.88,전남 신안군 흑산면 남서쪽 80km 해역
2008,33,2008-09-13 12:05:08,2008-09-13,12:05:08,2.5,35.60,126.99,전북 정읍시 동북동쪽 12km 지역
2008,32,2008-09-11 10:46:10,2008-09-11,10:46:10,2.4,38.08,127.12,경기 연천군 동남동쪽 4km 지역
2008,31,2008-09-08 15:35:05,2008-09-08,15:35:05,2.6,34.57,128.25,경남 통영시 남남서쪽 36km 해역
2008,30,2008-09-04 00:44:36,2008-09-04,00:44:36,2.5,34.89,125.50,전남 신안군 흑산면 북쪽 27km 해역
2008,29,2008-08-20 14:45:26,2008-08-20,14:45:26,2.2,35.72,125.69,전남 영광군 서북서쪽 90km 해역
2008,28,2008-08-19 11:07:42,2008-08-19,11:07:42,2.4,34.53,125.42,전남 신안군 흑산면 남남서쪽 14km 해역
2008,27,2008-08-19 11:07:26,2008-08-19,11:07:26,2.7,34.05,124.40,전남 신안군 흑산면 남서쪽 119km 해역
2008,26,2008-07-27 21:48:48,2008-07-27,21:48:48,2.2,34.45,128.08,경남 남해군 남남동쪽 46km 해역
2008,25,2008-07-27 17:13:18,2008-07-27,17:13:18,2.4,39.40,126.03,평안남도 평성 북동쪽 23km 지역
2008,24,2008-07-23 19:29:59,2008-07-23,19:29:59,2.8,34.50,128.12,경남 남해군 남남동쪽 43km 해역
2008,23,2008-07-22 23:11:26,2008-07-22,23:11:26,2.0,35.38,129.68,울산 동구 동남동쪽 27km 해역
2008,22,2008-07-04 20:48:48,2008-07-04,20:48:48,2.3,39.09,127.10,강원 원산(북한) 서남서쪽 29km 지역
2008,21,2008-07-04 19:39:12,2008-07-04,19:39:12,2.3,39.15,127.04,강원 원산(북한) 서쪽 34km 지역
2008,20,2008-07-01 16:32:50,2008-07-01,16:32:50,2.1,35.54,128.85,경남 밀양시 북동쪽 10km 지역
2008,19,2008-06-30 03:34:10,2008-06-30,03:34:10,2.6,35.22,124.97,전남 신안군 흑산면 북서쪽 78km 해역
2008,18,2008-06-21 23:30:12,2008-06-21,23:30:12,2.2,35.57,128.60,경남 밀양시 북서쪽 17km 지역
2008,17,2008-05-31 21:59:30,2008-05-31,21:59:30,4.2,33.50,125.69,제주 제주시 서쪽 78km 해역
2008,16,2008-05-26 11:01:06,2008-05-26,11:01:06,2.6,35.85,130.01,경북 포항시 남구 동남동쪽 61km 해역
2008,15,2008-03-27 16:29:21,2008-03-27,16:29:21,2.8,37.78,126.40,인천 강화군 서북서쪽 9km 지역
2008,14,2008-03-21 23:57:29,2008-03-21,23:57:29,2.7,35.15,124.57,전남 신안군 흑산면 북서쪽 99km 해역
2008,13,2008-03-15 01:38:01,2008-03-15,01:38:01,2.0,38.11,127.10,경기 연천군 북동쪽 3km 지역
2008,12,2008-03-09 18:07:10,2008-03-09,18:07:10,2.2,38.75,125.84,황해북도 송림 동쪽 18km 지역
2008,11,2008-03-08 18:05:00,2008-03-08,18:05:00,2.0,35.66,128.80,경북 청도군 동북동쪽 6km 지역
2008,10,2008-02-29 15:53:00,2008-02-29,15:53:00,3.2,38.75,126.23,황해북도 신계 북서쪽 38km 지역
2008,9,2008-02-29 05:37:52,2008-02-29,05:37:52,2.3,33.59,126.39,제주 제주시 북서쪽 17km 해역
2008,8,2008-02-26 23:22:48,2008-02-26,23:22:48,2.5,35.97,126.56,전북 군산시 서쪽 14km 해역
2008,7,2008-02-26 09:10:58,2008-02-26,09:10:58,2.6,37.95,124.85,인천 백령도 동쪽 15km 해역(북한)
2008,6,2008-02-23 18:19:39,2008-02-23,18:19:39,2.2,35.82,129.33,경북 경주시 동쪽 11km 지역
2008,5,2008-02-05 10:06:12,2008-02-05,10:06:12,2.3,38.41,125.90,황해북도 사리원 남동쪽 16km 지역
2008,4,2008-01-16 19:58:00,2008-01-16,19:58:00,3.9,35.65,125.37,충남 태안군 서격렬비열도 남쪽 107km 해역
2008,3,2008-01-14 18:03:14,2008-01-14,18:03:14,2.2,36.19,127.54,충남 금산군 북북동쪽 10km 지역
2008,2,2008-01-10 22:51:55,2008-01-10,22:51:55,2.2,35.09,125.06,전남 신안군 흑산면 북서쪽 62km 해역
2008,1,2008-01-01 06:33:33,2008-01-01,06:33:33,3.0,40.20,127.18,함경남도 장진 남남서쪽 21km 지역
2009,61,2009-12-26 10:55:50,2009-12-26,10:55:50,2.2,37.87,124.91,인천 백령도 동남동쪽 22km 해역
2009,60,2009-12-15 09:02:13,2009-12-15,09:02:13,2.4,36.76,127.10,충남 아산시 동남동쪽 9km 지역
2009,59,2009-12-15 07:19:53,2009-12-15,07:19:53,2.3,38.80,125.94,황해북도 송림 동북동쪽 27km 지역
2009,58,2009-12-11 13:13:31,2009-12-11,13:13:31,2.8,33.69,125.64,제주 제주시 서북서쪽 85km 해역
2009,57,2009-12-04 05:14:56,2009-12-04,05:14:56,2.8,36.72,128.55,경북 예천군 북동쪽 11km 지역
2009,56,2009-11-27 10:34:40,2009-11-27,10:34:40,2.4,37.69,129.57,강원 동해시 동북동쪽 44km 해역
2009,55,2009-11-17 05:38:49,2009-11-17,05:38:49,2.3,36.07,126.93,전북 익산시 북쪽 14km 지역
2009,54,2009-11-14 21:27:57,2009-11-14,21:27:57,2.5,34.81,127.93,경남 남해군 남동쪽 4km 지역
2009,53,2009-11-14 05:28:42,2009-11-14,05:28:42,2.3,35.64,126.98,전북 정읍시 북동쪽 14km 지역
2009,52,2009-11-05 04:31:25,2009-11-05,04:31:25,2.5,38.40,124.55,황해남도 장연 서북서쪽 50km 해역
2009,51,2009-10-16 13:12:24,2009-10-16,13:12:24,2.3,33.52,125.86,제주 제주시 서쪽 62km 해역
2009,50,2009-10-04 12:00:05,2009-10-04,12:00:05,2.4,39.37,125.97,평안남도 평성 북북동쪽 17km 지역
2009,49,2009-10-01 21:30:05,2009-10-01,21:30:05,2.9,38.12,126.02,황해남도 해주 동북동쪽 28km 지역
2009,48,2009-08-25 23:08:29,2009-08-25,23:08:29,2.4,37.69,124.55,인천 백령도 남남서쪽 31km 해역
2009,47,2009-08-21 23:02:22,2009-08-21,23:02:22,3.8,38.82,125.79,황해북도 송림 북동쪽 16km 지역
2009,46,2009-08-17 15:24:22,2009-08-17,15:24:22,2.3,36.55,129.58,경북 영덕군 북동쪽 24km 해역
2009,45,2009-08-15 03:18:12,2009-08-15,03:18:12,2.2,36.53,129.58,경북 영덕군 북동쪽 23km 해역
2009,44,2009-07-30 09:27:37,2009-07-30,09:27:37,2.6,35.50,126.29,전남 영광군 북서쪽 32km 해역
2009,43,2009-07-17 13:14:05,2009-07-17,13:14:05,2.4,38.44,126.14,황해북도 평산 서북서쪽 25km 지역
2009,42,2009-07-15 04:04:50,2009-07-15,04:04:50,3.1,35.12,125.12,전남 신안군 흑산면 북북서쪽 61km 해역
2009,41,2009-07-01 08:55:04,2009-07-01,08:55:04,2.5,37.75,124.90,인천 백령도 남동쪽 30km 해역
2009,40,2009-06-29 11:52:53,2009-06-29,11:52:53,2.5,37.14,126.02,충남 태안군 북북서쪽 51km 해역
2009,39,2009-06-28 22:07:48,2009-06-28,22:07:48,3.0,35.78,128.29,경북 고령군 북북동쪽 7km 지역
2009,38,2009-06-25 13:06:01,2009-06-25,13:06:01,2.2,39.31,126.06,평안남도 성천 서북서쪽 15km 지역
2009,37,2009-06-20 21:14:52,2009-06-20,21:14:52,2.2,38.03,126.62,개성(북한) 북동쪽 8km 지역
2009,36,2009-06-20 04:05:51,2009-06-20,04:05:51,2.6,37.09,124.80,충남 태안군 서격렬비열도 북서쪽 85km 해역
2009,35,2009-06-06 01:56:39,2009-06-06,01:56:39,2.2,35.13,125.14,전남 신안군 흑산면 북북서쪽 61km 해역
2009,34,2009-06-06 00:49:42,2009-06-06,00:49:42,2.8,38.63,127.44,강원 회양(북한) 서남서쪽 16km 지역
2009,33,2009-06-03 20:09:38,2009-06-03,20:09:38,2.9,38.57,126.50,황해북도 신계 북북서쪽 9km 지역
2009,32,2009-06-03 15:56:02,2009-06-03,15:56:02,2.4,33.19,126.33,제주 서귀포시 서남서쪽 18km 해역
2009,31,2009-05-31 15:24:07,2009-05-31,15:24:07,2.3,38.60,126.43,황해북도 신계 북서쪽 14km 지역
2009,30,2009-05-31 00:10:58,2009-05-31,00:10:58,2.5,33.52,125.85,제주 제주시 서쪽 63km 해역
2009,29,2009-05-26 18:59:02,2009-05-26,18:59:02,2.2,36.57,129.22,경북 영양군 남동쪽 14km 지역
2009,28,2009-05-25 18:12:30,2009-05-25,18:12:30,2.4,36.95,129.33,경북 울진군 남서쪽 8km 지역
2009,27,2009-05-15 22:41:31,2009-05-15,22:41:31,2.2,36.57,126.44,충남 홍성군 서쪽 20km 해역
2009,26,2009-05-14 20:50:12,2009-05-14,20:50:12,2.1,36.28,127.12,충남 논산시 북쪽 11km 지역
2009,25,2009-05-02 12:28:29,2009-05-02,12:28:29,2.6,36.57,128.71,경북 안동시 서북서쪽 2km 지역
2009,24,2009-05-02 07:58:27,2009-05-02,07:58:27,3.8,36.61,128.76,경북 안동시 북북동쪽 6km 지역
2009,23,2009-04-29 12:15:42,2009-04-29,12:15:42,3.2,33.45,127.46,제주 제주시 동쪽 86km 해역
2009,22,2009-04-21 17:44:57,2009-04-21,17:44:57,2.0,35.45,128.22,경남 의령군 북북서쪽 15km 지역
2009,21,2009-04-18 20:19:01,2009-04-18,20:19:01,2.5,33.39,127.07,제주 제주시 동남동쪽 51km 해역
2009,20,2009-04-14 04:51:33,2009-04-14,04:51:33,2.5,38.45,125.65,황해북도 사리원 서남서쪽 11km 지역
2009,19,2009-04-02 20:28:00,2009-04-02,20:28:00,3.0,37.60,125.95,인천 강화군 서남서쪽 50km 해역
2009,18,2009-03-30 05:58:17,2009-03-30,05:58:17,2.3,36.21,128.08,경북 김천시 북쪽 8km 지역
2009,17,2009-03-26 22:21:25,2009-03-26,22:21:25,2.7,38.09,127.11,경기 연천군 동쪽 3km 지역
2009,16,2009-03-26 21:11:02,2009-03-26,21:11:02,2.3,35.11,129.68,부산 기장군 동남동쪽 44km 해역
2009,15,2009-03-26 02:32:14,2009-03-26,02:32:14,2.3,33.38,127.14,제주 제주시 동남동쪽 58km 해역
2009,14,2009-03-24 19:47:54,2009-03-24,19:47:54,3.1,35.11,129.53,부산 기장군 동남동쪽 31km 해역
2009,13,2009-03-02 14:20:28,2009-03-02,14:20:28,3.4,37.11,124.60,인천 백령도 남쪽 94km 해역
2009,12,2009-02-26 20:53:04,2009-02-26,20:53:04,2.2,36.94,129.36,경북 울진군 남서쪽 7km 지역
2009,11,2009-02-26 15:03:57,2009-02-26,15:03:57,2.5,35.12,129.52,부산 기장군 동남동쪽 30km 해역
2009,10,2009-02-23 21:47:17,2009-02-23,21:47:17,2.6,37.13,126.01,충남 태안군 북북서쪽 50km 해역
2009,9,2009-02-19 00:01:39,2009-02-19,00:01:39,2.3,39.72,126.89,함경남도 요덕 북북동쪽 9km 지역
2009,8,2009-02-15 22:41:57,2009-02-15,22:41:57,3.0,35.76,125.71,전남 영광군 북서쪽 91km 해역
2009,7,2009-02-15 12:57:05,2009-02-15,12:57:05,2.1,35.85,127.72,전북 무주군 남남동쪽 18km 지역
2009,6,2009-02-12 17:46:15,2009-02-12,17:46:15,2.9,35.20,127.54,전남 구례군 동쪽 7km 지역
2009,5,2009-01-09 20:53:23,2009-01-09,20:53:23,2.8,38.67,125.90,황해북도 사리원 북북동쪽 22km 지역
2009,4,2009-01-05 02:59:59,2009-01-05,02:59:59,2.5,33.45,127.34,제주 제주시 동쪽 75km 해역
2009,3,2009-01-02 08:15:53,2009-01-02,08:15:53,2.2,33.94,127.67,전남 고흥군 남남동쪽 82km 해역
2009,2,2009-01-01 15:58:10,2009-01-01,15:58:10,2.2,36.49,129.08,경북 청송군 북북동쪽 7km 지역
2009,1,2009-01-01 06:45:35,2009-01-01,06:45:35,2.1,36.31,128.35,경북 구미시 북쪽 22km 지역
2010,43,2010-12-20 06:56:06,2010-12-20,06:56:06,2.2,36.89,125.37,충남 태안군 서격렬비열도 북북서쪽 35km 해역
2010,42,2010-12-19 09:11:26,2010-12-19,09:11:26,2.6,37.31,129.38,강원 삼척시 남동쪽 24km 해역
2010,41,2010-11-28 10:15:28,2010-11-28,10:15:28,2.3,35.18,127.02,전남 담양군 남쪽 16km 지역
2010,40,2010-11-27 07:51:36,2010-11-27,07:51:36,2.8,35.95,129.79,경북 포항시 남구 동쪽 39km 해역
2010,39,2010-11-20 00:07:17,2010-11-20,00:07:17,2.7,36.83,126.76,충남 당진군 동남동쪽 13km 지역
2010,38,2010-11-07 20:11:34,2010-11-07,20:11:34,2.9,40.28,128.20,함경남도 북청 서북서쪽 11km 지역
2010,37,2010-10-25 12:36:57,2010-10-25,12:36:57,2.5,34.29,127.39,전남 고흥군 남남동쪽 37km 지역
2010,36,2010-10-23 23:43:44,2010-10-23,23:43:44,2.4,39.77,126.70,함경남도 요덕 북서쪽 19km 지역
2010,35,2010-10-22 11:59:11,2010-10-22,11:59:11,2.5,35.85,128.18,경북 성주군 남서쪽 12km 지역
2010,34,2010-10-14 18:06:23,2010-10-14,18:06:23,2.3,37.14,129.73,경북 울진군 동북동쪽 33km 해역
2010,33,2010-10-07 02:33:40,2010-10-07,02:33:40,2.8,35.87,129.79,경북 포항시 남구 동남동쪽 41km 해역
2010,32,2010-10-04 23:24:14,2010-10-04,23:24:14,2.8,37.67,129.70,강원 삼척시 동북동쪽 53km 해역
2010,31,2010-09-30 02:07:37,2010-09-30,02:07:37,2.6,33.36,127.24,제주 제주시 동남동쪽 67km 해역
2010,30,2010-09-06 19:32:43,2010-09-06,19:32:43,2.8,36.56,129.01,경북 청송군 북북서쪽 15km 지역
2010,29,2010-08-28 07:35:52,2010-08-28,07:35:52,3.2,32.90,126.27,제주 서귀포시 남남서쪽 45km 해역
2010,28,2010-08-24 03:59:44,2010-08-24,03:59:44,2.5,38.71,125.90,황해북도 송림 동쪽 23km 지역
2010,27,2010-07-27 18:32:41,2010-07-27,18:32:41,2.1,36.34,127.26,충남 공주시 남동쪽 17km 지역
2010,26,2010-07-06 03:44:13,2010-07-06,03:44:13,2.3,36.47,127.13,충남 공주시 북북동쪽 3km 지역
2010,25,2010-06-28 12:19:00,2010-06-28,12:19:00,2.1,38.75,126.03,평양 남동쪽 40km 지역
2010,24,2010-06-26 04:59:09,2010-06-26,04:59:09,2.7,32.35,125.88,제주 서귀포시 남남서쪽 116km 해역
2010,23,2010-06-22 22:21:02,2010-06-22,22:21:02,2.6,38.46,125.64,황해북도 사리원 서남서쪽 12km 지역
2010,22,2010-06-11 13:02:08,2010-06-11,13:02:08,2.1,38.78,126.07,황해북도 송림 동쪽 38km 지역
2010,21,2010-05-26 15:22:16,2010-05-26,15:22:16,2.4,37.60,129.68,강원 삼척시 동북동쪽 48km 해역
2010,20,2010-05-16 14:36:57,2010-05-16,14:36:57,2.5,40.37,129.20,함경남도 단천 동남동쪽 26km 해역
2010,19,2010-05-15 14:44:59,2010-05-15,14:44:59,2.2,36.00,127.84,전북 무주군 동쪽 16km 지역
2010,18,2010-04-27 19:29:16,2010-04-27,19:29:16,2.3,36.80,128.75,경북 안동시 북쪽 26km 지역
2010,17,2010-04-16 19:56:11,2010-04-16,19:56:11,2.3,38.72,125.97,황해북도 송림 동쪽 29km 지역
2010,16,2010-04-13 02:14:21,2010-04-13,02:14:21,2.5,34.02,125.44,전남 신안군 흑산면 남쪽 70km 해역
2010,15,2010-04-12 01:18:27,2010-04-12,01:18:27,2.2,34.12,125.66,전남 신안군 흑산면 남남동쪽 61km 해역
2010,14,2010-04-04 12:49:50,2010-04-04,12:49:50,2.3,38.51,126.06,황해북도 사리원 동쪽 26km 지역
2010,13,2010-03-09 12:50:14,2010-03-09,12:50:14,3.2,36.42,125.75,충남 태안군 서격렬비열도 남동쪽 28km 해역
2010,12,2010-03-01 21:58:03,2010-03-01,21:58:03,2.2,38.41,125.62,황해남도 안악 남동쪽 15km 지역
2010,11,2010-02-22 23:29:30,2010-02-22,23:29:30,3.0,33.29,127.17,제주 서귀포시 동쪽 61km 해역
2010,10,2010-02-21 21:17:01,2010-02-21,21:17:01,2.3,36.75,127.10,충남 천안시 남서쪽 8km 지역
2010,9,2010-02-16 18:53:30,2010-02-16,18:53:30,3.2,35.65,130.10,울산 동구 동북동쪽 64km 해역
2010,8,2010-02-09 18:08:14,2010-02-09,18:08:14,3.0,37.45,126.80,경기 시흥시 북쪽 8km 지역
2010,7,2010-02-09 18:08:14,2010-02-09,18:08:14,3.0,37.45,126.80,경기 시흥시 북쪽 8km 지역
2010,6,2010-02-03 20:57:07,2010-02-03,20:57:07,2.6,33.33,127.19,제주 서귀포시 동쪽 64km 해역
2010,5,2010-02-01 06:42:17,2010-02-01,06:42:17,2.4,33.34,127.18,제주 제주시 동남동쪽 62km 해역
2010,4,2010-02-01 05:00:12,2010-02-01,05:00:12,2.3,33.30,127.14,제주 서귀포시 동쪽 59km 해역
2010,3,2010-01-23 17:54:13,2010-01-23,17:54:13,2.1,36.59,128.17,경북 상주시 북쪽 20km 지역
2010,2,2010-01-10 11:58:08,2010-01-10,11:58:08,2.1,38.80,126.07,평양(북한) 남동쪽 37km 지역
2010,1,2010-01-05 20:12:11,2010-01-05,20:12:11,2.6,36.97,126.52,충남 당진군 북서쪽 13km 지역
2011,51,2011-12-27 21:57:17,2011-12-27,21:57:17,3.3,36.86,129.94,경북 울진군 동남동쪽 50km 해역
2011,50,2011-12-25 00:01:25,2011-12-25,00:01:25,2.3,37.12,128.99,강원 태백시 남쪽 5km 지역
2011,49,2011-12-14 15:39:56,2011-12-14,15:39:56,2.0,37.97,125.82,황해남도 해주 남동쪽 12km 지역
2011,48,2011-11-30 00:37:34,2011-11-30,00:37:34,2.2,35.99,126.54,전북 군산시 서쪽 16km 해역
2011,47,2011-11-26 04:03:56,2011-11-26,04:03:56,2.1,34.23,127.67,전남 여수시 거문도 북동쪽 40km 해역
2011,46,2011-11-02 07:20:24,2011-11-02,07:20:24,3.0,35.54,130.65,울산 동구 동쪽 111km 해역
2011,45,2011-10-07 19:04:30,2011-10-07,19:04:30,2.7,33.34,127.19,제주 제주시 동남동쪽 63km 해역
2011,44,2011-09-28 13:20:04,2011-09-28,13:20:04,2.4,38.48,126.26,황해북도 평산 북서쪽 20km 지역
2011,43,2011-09-26 22:12:19,2011-09-26,22:12:19,3.3,34.58,128.12,경남 남해군 남동쪽 35km 해역
2011,42,2011-09-25 12:59:31,2011-09-25,12:59:31,2.6,35.53,125.90,전남 영광군 서북서쪽 63km 해역
2011,41,2011-09-21 23:59:24,2011-09-21,23:59:24,2.4,35.95,125.19,충남 태안군 서격렬비열도 남남서쪽 79km 해역
2011,40,2011-09-08 01:56:40,2011-09-08,01:56:40,2.9,38.62,125.93,황해북도 사리원 북동쪽 19km 지역
2011,39,2011-08-31 19:39:35,2011-08-31,19:39:35,2.4,35.65,129.80,울산 동구 동북동쪽 38km 해역
2011,38,2011-08-20 13:22:53,2011-08-20,13:22:53,2.2,38.46,127.83,강원 회양(북한) 남동쪽 33km 지역
2011,37,2011-08-20 06:57:48,2011-08-20,06:57:48,2.9,37.50,124.68,인천 백령도 남쪽 50km 해역
2011,36,2011-08-15 06:10:40,2011-08-15,06:10:40,3.2,38.47,125.63,황해북도 사리원 서남서쪽 12km 지역
2011,35,2011-08-09 12:11:04,2011-08-09,12:11:04,2.5,35.66,129.76,울산 동구 동북동쪽 35km 해역
2011,34,2011-07-28 11:28:43,2011-07-28,11:28:43,2.2,35.86,129.74,경북 포항시 남구 동남동쪽 38km 해역
2011,33,2011-07-27 14:38:17,2011-07-27,14:38:17,2.5,36.55,129.59,경북 영덕군 북동쪽 25km 해역
2011,32,2011-07-19 14:54:50,2011-07-19,14:54:50,2.4,37.89,124.67,인천 백령도 남쪽 7km 해역
2011,31,2011-07-13 04:05:34,2011-07-13,04:05:34,2.1,35.91,128.39,경북 성주군 동쪽 9km 지역
2011,30,2011-07-05 02:13:28,2011-07-05,02:13:28,2.3,38.58,126.36,북한 황해북도 신계 서북서쪽 18km 지역
2011,29,2011-06-27 14:11:38,2011-06-27,14:11:38,2.5,35.49,126.15,전남 영광군 북서쪽 41km 해역
2011,28,2011-06-17 16:38:31,2011-06-17,16:38:31,4.1,37.91,124.50,인천 백령도 서남서쪽 16km 해역
2011,27,2011-06-16 08:13:45,2011-06-16,08:13:45,2.2,33.68,127.10,제주 제주시 동북동쪽 56km 해역
2011,26,2011-06-15 14:21:49,2011-06-15,14:21:49,3.7,33.71,127.81,전남 고흥군 남남동쪽 111km 해역
2011,25,2011-06-09 15:13:37,2011-06-09,15:13:37,2.3,35.89,129.72,경북 포항시 남구 동남동쪽 35km 해역
2011,24,2011-06-08 14:21:39,2011-06-08,14:21:39,2.8,35.23,125.22,전남 신안군 흑산면 북북서쪽 68km 해역
2011,23,2011-06-05 22:53:35,2011-06-05,22:53:35,2.0,36.05,127.53,충남 금산군 남남동쪽 7km 지역
2011,22,2011-06-02 10:50:18,2011-06-02,10:50:18,2.7,36.71,127.95,경북 문경시 서북서쪽 26km 지역
2011,21,2011-06-02 08:09:57,2011-06-02,08:09:57,2.5,33.63,127.23,제주 제주시 동북동쪽 66km 해역
2011,20,2011-05-29 10:22:50,2011-05-29,10:22:50,2.9,35.58,128.76,경북 청도군 남남동쪽 8km 지역
2011,19,2011-05-28 15:41:50,2011-05-28,15:41:50,2.5,35.93,129.69,경북 포항시 남구 동남동쪽 31km 해역
2011,18,2011-05-25 18:29:47,2011-05-25,18:29:47,2.0,33.65,127.21,제주 제주시 동북동쪽 65km 해역
2011,17,2011-05-11 21:09:04,2011-05-11,21:09:04,2.8,39.22,126.09,평안남도 성천 서남서쪽 11km 지역
2011,16,2011-04-24 16:37:30,2011-04-24,16:37:30,3.1,37.85,125.01,황해남도 옹진 서남서쪽 33km 해역
2011,15,2011-04-11 23:48:19,2011-04-11,23:48:19,2.8,39.13,125.87,평안남도 평성 남쪽 12km 지역
2011,14,2011-04-11 06:11:51,2011-04-11,06:11:51,3.1,37.72,129.07,강원 강릉시 동남동쪽 16km 해역
2011,13,2011-04-03 01:47:39,2011-04-03,01:47:39,2.7,35.77,128.53,대구 달성군 남남서쪽 7km 지역
2011,12,2011-03-28 13:50:29,2011-03-28,13:50:29,3.2,35.97,129.95,경북 포항시 북구 동쪽 53km 해역
2011,11,2011-03-24 04:35:12,2011-03-24,04:35:12,2.8,36.34,127.83,충북 옥천군 동쪽 23km 지역
2011,10,2011-03-14 14:47:11,2011-03-14,14:47:11,2.9,34.62,126.10,전남 신안군 남서쪽 31km 해역
2011,9,2011-03-13 03:12:03,2011-03-13,03:12:03,2.3,37.50,125.33,인천광역시 서쪽 약120km 해역
2011,8,2011-03-12 08:15:36,2011-03-12,08:15:36,2.6,37.00,125.27,충남 태안군 서격렬비열도 북북서쪽 50km 해역
2011,7,2011-03-11 09:57:56,2011-03-11,09:57:56,2.5,38.51,127.57,강원 회양(북한) 남쪽 22km 지역
2011,6,2011-03-06 11:04:40,2011-03-06,11:04:40,2.9,38.66,125.67,황해북도 송림 남남동쪽 9km 지역
2011,5,2011-02-27 18:50:50,2011-02-27,18:50:50,3.7,33.63,125.94,제주 제주시 서북서쪽 57km 해역
2011,4,2011-02-11 19:21:27,2011-02-11,19:21:27,2.2,37.19,129.06,강원 삼척시 남남서쪽 30km 지역
2011,3,2011-01-26 22:15:54,2011-01-26,22:15:54,2.7,33.40,127.33,제주 제주시 동쪽 75km 해역
2011,2,2011-01-21 10:56:47,2011-01-21,10:56:47,2.3,33.72,127.30,제주 제주시 동북동쪽 75km 해역
2011,1,2011-01-04 01:22:07,2011-01-04,01:22:07,2.0,36.41,127.15,충남 공주시 남동쪽 4km 지역
2012,58,2012-12-19 15:05:02,2012-12-19,15:05:02,2.2,35.72,127.22,전북 완주군 남남동쪽 15km 지역
2012,57,2012-11-22 03:04:54,2012-11-22,03:04:54,3.0,35.22,127.97,경남 진주시 서북서쪽 11km 지역
2012,56,2012-10-17 14:37:41,2012-10-17,14:37:41,2.5,37.54,124.84,인천 백령도 남남동쪽 48km 해역
2012,55,2012-10-01 06:51:24,2012-10-01,06:51:24,2.3,36.71,128.41,경북 예천군 북북서쪽 7km 지역
2012,54,2012-09-28 19:36:35,2012-09-28,19:36:35,2.1,36.41,128.73,경북 의성군 북북동쪽 7km 지역
2012,53,2012-09-27 22:24:47,2012-09-27,22:24:47,2.7,35.40,126.08,전북 부안군 위도 남서쪽 30km 해역
2012,52,2012-09-24 09:59:10,2012-09-24,09:59:10,2.5,38.73,125.48,남포(북한) 남동쪽 4km 지역
2012,51,2012-09-20 02:43:45,2012-09-20,02:43:45,2.4,35.61,129.82,울산 동구 동북동쪽 38km 해역
2012,50,2012-09-19 14:52:12,2012-09-19,14:52:12,2.0,34.75,128.68,경남 거제시 남남동쪽 15km 해역
2012,49,2012-09-19 14:49:25,2012-09-19,14:49:25,2.1,34.71,128.72,경남 통영시 매물도 동북동쪽 15km 해역
2012,48,2012-09-18 05:39:02,2012-09-18,05:39:02,2.7,33.53,125.81,제주 제주시 고산 북서쪽 42km 해역
2012,47,2012-09-10 22:06:02,2012-09-10,22:06:02,2.1,35.82,129.41,경북 경주시 동쪽 18km 지역
2012,46,2012-09-07 02:34:46,2012-09-07,02:34:46,3.1,36.40,127.25,충남 공주시 동남동쪽 12km 지역
2012,45,2012-08-20 22:43:08,2012-08-20,22:43:08,4.2,35.46,124.68,전남 신안군 흑산면 북서쪽 115km 해역
2012,44,2012-08-18 18:06:41,2012-08-18,18:06:41,2.2,36.20,125.26,충남 태안군 서격렬비도 남남서쪽 51km 해역
2012,43,2012-08-13 00:54:08,2012-08-13,00:54:08,2.2,36.84,128.68,경북 영주시 북동쪽 6km 지역
2012,42,2012-08-10 21:25:14,2012-08-10,21:25:14,2.7,35.82,128.38,경북 고령군 북동쪽 15km 지역
2012,41,2012-07-29 03:22:09,2012-07-29,03:22:09,2.9,32.69,126.02,제주 제주시 고산 남쪽 68km 해역
2012,40,2012-07-26 19:24:58,2012-07-26,19:24:58,3.4,37.98,125.43,황해남도 옹진 북동쪽 8km 지역
2012,39,2012-07-22 12:04:41,2012-07-22,12:04:41,2.3,34.69,126.60,전남 영암군 남서쪽 15km 지역
2012,38,2012-07-14 02:38:27,2012-07-14,02:38:27,2.6,33.78,124.97,전남 신안군 가거도 남남서쪽 34km 해역
2012,37,2012-07-11 19:33:13,2012-07-11,19:33:13,2.1,36.87,125.28,충남 태안군 서격렬비도 북서쪽 38km 해역
2012,36,2012-07-11 19:27:30,2012-07-11,19:27:30,2.5,36.90,125.27,충남 태안군 서격렬비도 북서쪽 41km 해역
2012,35,2012-07-09 08:59:14,2012-07-09,08:59:14,2.4,35.32,128.71,경남 창원시 북북동쪽 11km 지역
2012,34,2012-07-08 09:43:29,2012-07-08,09:43:29,2.3,35.72,129.36,경북 경주시 남동쪽 19km 지역
2012,33,2012-07-03 09:42:07,2012-07-03,09:42:07,2.1,37.19,129.10,강원 삼척시 남남서쪽 29km 지역
2012,32,2012-06-24 01:20:47,2012-06-24,01:20:47,2.1,37.53,124.56,인천 백령도 남남서쪽 48km 해역
2012,31,2012-06-23 16:42:52,2012-06-23,16:42:52,2.6,36.70,128.31,경북 문경시 북동쪽 17km 지역
2012,30,2012-06-19 20:55:24,2012-06-19,20:55:24,3.1,33.48,125.93,제주 제주시 고산 북서쪽 30km 해역
2012,29,2012-06-14 06:15:20,2012-06-14,06:15:20,2.1,39.68,126.81,함경남도 요덕 북서쪽 5km 지역
2012,28,2012-06-12 17:52:08,2012-06-12,17:52:08,2.2,35.87,128.67,대구 수성구 동북동쪽 4km 지역
2012,27,2012-06-12 13:34:37,2012-06-12,13:34:37,2.4,37.33,125.27,인천 옹진군 연평도 남서쪽 53km 해역
2012,26,2012-06-12 09:01:26,2012-06-12,09:01:26,2.1,38.77,125.72,황해북도 송림 동북동쪽 8km 지역
2012,25,2012-06-12 03:42:32,2012-06-12,03:42:32,2.1,36.32,127.51,충북 옥천군 서북서쪽 6km 지역
2012,24,2012-06-05 08:18:41,2012-06-05,08:18:41,2.1,38.43,126.16,황해북도 평산 서북서쪽 23km 지역
2012,23,2012-06-01 12:05:43,2012-06-01,12:05:43,2.6,37.12,125.96,인천 옹진군 덕적도 서남서쪽 20km 해역
2012,22,2012-06-01 08:09:37,2012-06-01,08:09:37,2.3,35.92,127.61,전북 무주군 남남서쪽 10km 지역
2012,21,2012-05-30 02:48:11,2012-05-30,02:48:11,3.4,36.57,129.57,경북 영덕군 북동쪽 25km 해역
2012,20,2012-05-16 17:50:15,2012-05-16,17:50:15,2.7,36.23,128.49,경북 군위군 서쪽 8km 지역
2012,19,2012-05-15 11:05:12,2012-05-15,11:05:12,2.9,35.92,129.62,경북 포항시 남구 동남동쪽 25km 해역
2012,18,2012-05-11 12:46:04,2012-05-11,12:46:04,3.9,36.02,127.71,전북 무주군 동북동쪽 5km 지역
2012,17,2012-05-02 05:04:58,2012-05-02,05:04:58,2.0,35.76,126.81,전북 김제시 남서쪽 8km 지역
2012,16,2012-05-02 01:33:17,2012-05-02,01:33:17,3.4,33.69,126.04,제주 제주시 고산 북북서쪽 46km 해역
2012,15,2012-04-20 21:11:02,2012-04-20,21:11:02,3.1,33.43,127.26,제주 서귀포시 성산 동쪽 36km 해역
2012,14,2012-04-17 13:31:07,2012-04-17,13:31:07,2.6,35.72,126.51,전북 부안군 서쪽 20km 해역
2012,13,2012-03-30 14:51:51,2012-03-30,14:51:51,2.2,36.49,127.91,경북 상주시 서북서쪽 24km 지역
2012,12,2012-03-29 00:26:53,2012-03-29,00:26:53,2.2,35.34,125.95,전북 부안군 위도 남서쪽 43km 해역
2012,11,2012-03-18 09:20:58,2012-03-18,09:20:58,2.8,36.53,130.58,경북 영덕군 동쪽 109km 해역
2012,10,2012-02-27 00:26:26,2012-02-27,00:26:26,2.5,35.15,129.85,울산 동구 남동쪽 55km 해역
2012,9,2012-02-24 09:05:32,2012-02-24,09:05:32,3.2,35.20,129.93,울산 동구 남동쪽 57km 해역
2012,8,2012-02-24 00:54:55,2012-02-24,00:54:55,2.4,35.13,129.85,울산 동구 남동쪽 57km 해역
2012,7,2012-02-21 22:30:56,2012-02-21,22:30:56,2.5,35.13,129.80,부산 기장군 동남동쪽 54km 해역
2012,6,2012-02-19 20:21:29,2012-02-19,20:21:29,2.7,35.13,129.89,울산 동구 남동쪽 59km 해역
2012,5,2012-01-25 21:56:42,2012-01-25,21:56:42,2.4,37.22,123.94,인천 백령도 남서쪽 104km 해역
2012,4,2012-01-24 02:41:53,2012-01-24,02:41:53,2.2,37.12,125.96,인천 옹진군 덕적도 서남서쪽 20km 해역
2012,3,2012-01-19 15:43:00,2012-01-19,15:43:00,2.7,38.51,126.23,황해북도 평산 북서쪽 24km 지역
2012,2,2012-01-16 03:03:54,2012-01-16,03:03:54,2.2,36.79,128.75,경북 안동시 북쪽 25km 지역
2012,1,2012-01-01 19:40:32,2012-01-01,19:40:32,2.0,39.02,125.78,평양(북한) 동쪽 3km 지역
2013,93,2013-12-19 12:38:25,2013-12-19,12:38:25,2.4,38.15,127.08,경기 연천군 북쪽 6km 지역
2013,92,2013-12-13 11:40:10,2013-12-13,11:40:10,2.5,36.10,129.04,경북 영천시 북북동쪽 17km 지역
2013,91,2013-12-08 16:38:25,2013-12-08,16:38:25,2.8,33.44,125.09,제주 제주시 고산 서쪽 101km 해역
2013,90,2013-12-04 06:28:12,2013-12-04,06:28:12,2.2,38.47,125.94,황해북도 사리원 동남동쪽 16km 지역
2013,89,2013-12-03 21:00:39,2013-12-03,21:00:39,2.5,35.64,128.72,경북 청도군 서남서쪽 2km 지역
2013,88,2013-12-02 20:02:58,2013-12-02,20:02:58,2.8,38.56,126.10,황해북도 사리원 동북동쪽 30km 지역
2013,87,2013-11-26 02:26:02,2013-11-26,02:26:02,2.1,37.12,128.11,충북 제천시 서남서쪽 10km 지역
2013,86,2013-11-22 23:29:17,2013-11-22,23:29:17,2.1,36.99,126.40,충남 서산시 북북서쪽 24km 지역
2013,85,2013-11-20 21:07:11,2013-11-20,21:07:11,2.1,38.47,126.17,황해북도 평산 북서쪽 25km 지역
2013,84,2013-11-16 22:32:45,2013-11-16,22:32:45,2.1,38.51,125.66,북한 황해북도 사리원 서쪽 9km 지역
2013,83,2013-11-10 16:28:54,2013-11-10,16:28:54,2.0,37.66,124.67,인천 백령도 남쪽 33km 해역
2013,82,2013-11-08 21:02:41,2013-11-08,21:02:41,3.0,36.24,126.36,충남 보령시 서남서쪽 25km 해역
2013,81,2013-11-08 19:14:44,2013-11-08,19:14:44,2.6,36.23,126.36,충남 보령시 서남서쪽 25km 해역
2013,80,2013-10-26 06:47:37,2013-10-26,06:47:37,2.9,37.92,124.41,인천 백령도 서쪽 24km 해역
2013,79,2013-10-19 00:16:27,2013-10-19,00:16:27,2.0,35.96,128.06,경북 김천시 남쪽 20km 지역
2013,78,2013-10-11 16:06:25,2013-10-11,16:06:25,3.6,36.46,129.61,경북 영덕군 동북동쪽 22km 해역
2013,77,2013-10-10 13:08:11,2013-10-10,13:08:11,2.6,35.36,128.23,경남 의령군 북서쪽 5km 지역
2013,76,2013-09-15 13:16:36,2013-09-15,13:16:36,2.3,36.55,129.23,경북 영양군 남동쪽 16km 지역
2013,75,2013-09-14 17:33:35,2013-09-14,17:33:35,2.2,36.20,126.16,충남 보령시 서남서쪽 43km 해역
2013,74,2013-09-11 13:00:31,2013-09-11,13:00:31,4.0,33.56,125.39,전남 신안군 가거도 남남동쪽 60km 해역
2013,73,2013-09-02 11:52:00,2013-09-02,11:52:00,5.8,42.30,133.90,러시아 블라디보스톡 남동쪽 188km 해역
2013,72,2013-08-29 08:35:23,2013-08-29,08:35:23,2.5,38.19,129.30,강원 강릉시 북동쪽 60km 해역
2013,71,2013-08-13 00:36:47,2013-08-13,00:36:47,3.0,36.91,129.44,경북 울진군 남남동쪽 10km 해역
2013,70,2013-08-13 00:01:30,2013-08-13,00:01:30,2.1,36.92,129.44,경북 울진군 남남동쪽 8km 해역
2013,69,2013-08-12 04:39:34,2013-08-12,04:39:34,2.3,35.66,129.77,울산 동구 동북동쪽 36km 해역
2013,68,2013-08-12 04:33:48,2013-08-12,04:33:48,3.1,35.66,129.75,울산 동구 동북동쪽 35km 해역
2013,67,2013-08-11 04:19:36,2013-08-11,04:19:36,2.3,38.48,126.13,황해북도 평산 북서쪽 28km 지역
2013,66,2013-08-10 12:43:18,2013-08-10,12:43:18,2.6,35.90,129.75,경북 포항시 남구 동남동쪽 37km 해역
2013,65,2013-08-07 21:08:46,2013-08-07,21:08:46,2.0,36.19,126.08,충남 보령시 서남서쪽 51km 해역
2013,64,2013-08-04 19:58:28,2013-08-04,19:58:28,2.3,36.20,126.16,충남 보령시 서남서쪽 43km 해역
2013,63,2013-08-01 17:22:37,2013-08-01,17:22:37,3.1,36.19,126.17,충남 보령시 서남서쪽 43km 해역
2013,62,2013-08-01 00:57:45,2013-08-01,00:57:45,2.6,36.20,126.16,충남 보령시 서남서쪽 43km 해역
2013,61,2013-07-31 22:30:22,2013-07-31,22:30:22,3.0,36.20,126.15,충남 보령시 서남서쪽 44km 해역
2013,60,2013-07-31 20:27:00,2013-07-31,20:27:00,2.2,36.20,126.17,충남 보령시 서남서쪽 43km 해역
2013,59,2013-07-31 20:05:26,2013-07-31,20:05:26,2.2,36.21,126.17,충남 보령시 서남서쪽 42km 해역
2013,58,2013-07-30 14:57:02,2013-07-30,14:57:02,2.7,36.21,126.14,충남 보령시 서남서쪽 45km 해역
2013,57,2013-07-29 10:29:17,2013-07-29,10:29:17,2.7,36.20,126.13,충남 보령시 서남서쪽 46km 해역
2013,56,2013-07-28 09:10:24,2013-07-28,09:10:24,2.8,36.20,126.14,충남 보령시 서남서쪽 45km 해역
2013,55,2013-07-26 11:23:35,2013-07-26,11:23:35,2.2,36.19,126.14,충남 보령시 서남서쪽 45km 해역
2013,54,2013-07-23 16:03:54,2013-07-23,16:03:54,2.7,36.19,126.16,충남 보령시 서남서쪽 44km 해역
2013,53,2013-07-15 19:44:39,2013-07-15,19:44:39,2.5,36.20,126.15,전북 군산시 어청도 동북동쪽 18km 해역
2013,52,2013-07-15 01:39:08,2013-07-15,01:39:08,2.4,33.05,125.49,제주 제주시 고산 서남서쪽 68km 해역
2013,51,2013-07-13 02:02:44,2013-07-13,02:02:44,3.5,36.20,126.18,전북 군산시 어청도 동북동쪽 21km 해역
2013,50,2013-07-01 11:24:54,2013-07-01,11:24:54,3.0,38.78,126.36,황해북도 신계 북북서쪽 35km 지역
2013,49,2013-06-29 13:32:48,2013-06-29,13:32:48,2.3,36.20,126.17,전북 군산시 어청도 동북동쪽 20km 해역
2013,48,2013-06-27 19:33:20,2013-06-27,19:33:20,2.5,36.20,126.14,전북 군산시 어청도 동북동쪽 18km 해역
2013,47,2013-06-24 05:28:38,2013-06-24,05:28:38,2.3,36.20,126.17,전북 군산시 어청도 동북동쪽 20km 해역
2013,46,2013-06-22 11:18:36,2013-06-22,11:18:36,2.3,36.23,126.11,전북 군산시 어청도 북동쪽 17km 해역
2013,45,2013-06-22 10:37:24,2013-06-22,10:37:24,2.8,36.19,126.16,전북 군산시 어청도 동북동쪽 19km 해역
2013,44,2013-06-22 03:51:37,2013-06-22,03:51:37,2.3,36.20,126.16,전북 군산시 어청도 동북동쪽 19km 해역
2013,43,2013-06-21 21:55:07,2013-06-21,21:55:07,2.4,36.20,126.15,전북 군산시 어청도 동북동쪽 18km 해역
2013,42,2013-06-21 16:29:31,2013-06-21,16:29:31,2.2,36.19,126.14,전북 군산시 어청도 동북동쪽 17km 해역
2013,41,2013-06-20 12:35:57,2013-06-20,12:35:57,2.4,39.23,125.95,평안남도 평성 동쪽 8km 지역
2013,40,2013-06-19 16:02:42,2013-06-19,16:02:42,2.6,36.19,126.16,전북 군산시 어청도 동북동쪽 19km 해역
2013,39,2013-06-19 01:52:25,2013-06-19,01:52:25,2.3,36.20,126.16,전북 군산시 어청도 동북동쪽 19km 해역
2013,38,2013-06-18 02:31:15,2013-06-18,02:31:15,2.3,36.21,126.18,전북 군산시 어청도 동북동쪽 21km 해역
2013,37,2013-06-17 20:31:05,2013-06-17,20:31:05,2.3,36.20,126.16,전북 군산시 어청도 동북동쪽 19km 해역
2013,36,2013-06-16 22:12:27,2013-06-16,22:12:27,2.5,36.20,126.16,전북 군산시 어청도 동북동쪽 19km 해역
2013,35,2013-06-16 19:47:43,2013-06-16,19:47:43,2.1,36.19,126.15,전북 군산시 어청도 동북동쪽 18km 해역
2013,34,2013-06-10 14:01:28,2013-06-10,14:01:28,2.1,37.71,124.70,인천 백령도 남쪽 27km 해역
2013,33,2013-06-08 05:56:59,2013-06-08,05:56:59,2.7,35.13,126.96,광주 동구 동남동쪽 3km 지역
2013,32,2013-06-05 12:34:12,2013-06-05,12:34:12,2.3,36.19,126.18,전북 군산시 어청도 동북동쪽 20km 해역
2013,31,2013-05-22 23:25:53,2013-05-22,23:25:53,2.1,38.75,128.81,강원 고성군 북동쪽 51km 해역
2013,30,2013-05-21 16:17:53,2013-05-21,16:17:53,3.7,37.66,124.71,인천 백령도 남쪽 33km 해역
2013,29,2013-05-19 05:27:13,2013-05-19,05:27:13,2.3,37.73,124.74,인천 백령도 남남동쪽 25km 해역
2013,28,2013-05-18 16:18:47,2013-05-18,16:18:47,2.1,37.67,124.62,인천 백령도 남쪽 32km 해역
2013,27,2013-05-18 14:09:40,2013-05-18,14:09:40,2.6,37.71,124.68,인천 백령도 남쪽 27km 해역
2013,26,2013-05-18 11:45:15,2013-05-18,11:45:15,3.9,37.67,124.61,인천 백령도 남쪽 32km 해역
2013,25,2013-05-18 09:32:42,2013-05-18,09:32:42,2.5,37.64,124.57,인천 백령도 남남서쪽 36km 해역
2013,24,2013-05-18 09:13:10,2013-05-18,09:13:10,2.4,37.67,124.62,인천 백령도 남쪽 32km 해역
2013,23,2013-05-18 07:54:29,2013-05-18,07:54:29,2.4,37.75,124.77,인천 백령도 남남동쪽 24km 해역
2013,22,2013-05-18 07:26:10,2013-05-18,07:26:10,3.3,37.67,124.66,인천 백령도 남쪽 31km 해역
2013,21,2013-05-18 07:24:13,2013-05-18,07:24:13,2.2,37.66,124.83,인천 백령도 남남동쪽 35km 해역
2013,20,2013-05-18 07:02:24,2013-05-18,07:02:24,4.9,37.68,124.63,인천 백령도 남쪽 31km 해역
2013,19,2013-05-18 03:00:58,2013-05-18,03:00:58,3.5,37.68,124.60,인천 백령도 남남서쪽 31km 해역
2013,18,2013-05-15 08:48:10,2013-05-15,08:48:10,2.7,37.72,124.77,인천 백령도 남남동쪽 27km 해역
2013,17,2013-05-15 08:34:12,2013-05-15,08:34:12,2.6,37.75,124.79,인천 백령도 남남동쪽 25km 해역
2013,16,2013-05-14 20:17:54,2013-05-14,20:17:54,2.8,37.77,124.80,인천 백령도 남남동쪽 23km 해역
2013,15,2013-04-30 10:58:26,2013-04-30,10:58:26,2.0,36.46,129.63,경북 영덕군 동북동쪽 24km 해역
2013,14,2013-04-30 05:26:51,2013-04-30,05:26:51,2.5,36.47,129.61,경북 영덕군 동북동쪽 23km 해역
2013,13,2013-04-28 03:39:13,2013-04-28,03:39:13,2.7,33.65,127.29,전남 여수시 거문도 남쪽 42km 해역
2013,12,2013-04-21 18:21:14,2013-04-21,18:21:14,2.4,35.17,124.57,전남 신안군 흑산면 북서쪽 100km 해역
2013,11,2013-04-21 08:21:27,2013-04-21,08:21:27,4.9,35.16,124.56,전남 신안군 흑산면 북서쪽 101km 해역
2013,10,2013-04-19 23:46:14,2013-04-19,23:46:14,2.2,36.55,129.60,경북 영덕군 북동쪽 26km 해역
2013,9,2013-04-17 21:33:38,2013-04-17,21:33:38,2.3,36.56,129.61,경북 영덕군 북동쪽 27km 해역
2013,8,2013-04-14 16:16:20,2013-04-14,16:16:20,2.3,38.20,129.29,강원 양양군 동북동쪽 60km 해역
2013,7,2013-04-10 13:07:16,2013-04-10,13:07:16,2.2,36.50,127.44,충북 청원군 남남서쪽 16km 지역
2013,6,2013-02-07 22:07:29,2013-02-07,22:07:29,2.2,35.76,129.13,경북 경주시 남서쪽 12km 지역
2013,5,2013-02-05 21:25:36,2013-02-05,21:25:36,3.5,35.77,127.97,경남 거창군 북북동쪽 11km 지역
2013,4,2013-02-04 05:39:25,2013-02-04,05:39:25,3.1,36.55,128.90,경북 안동시 동쪽 15km 지역
2013,3,2013-01-26 08:57:56,2013-01-26,08:57:56,2.4,36.11,127.73,충북 영동군 남서쪽 9km 지역
2013,2,2013-01-15 13:31:34,2013-01-15,13:31:34,2.8,36.59,129.73,경북 영덕군 동북동쪽 38km 해역
2013,1,2013-01-02 05:53:37,2013-01-02,05:53:37,2.4,33.33,127.29,제주 서귀포시 성산 동쪽 39km 해역
2014,51,2014-12-30 15:36:34,2014-12-30,15:36:34,2.6,35.25,124.77,전남 신안군 흑산면 북서쪽 92km 해역
2014,50,2014-12-24 20:33:19,2014-12-24,20:33:19,2.1,35.89,127.33,전북 완주군 동쪽 15km 지역
2014,49,2014-12-15 09:08:00,2014-12-15,09:08:00,2.1,39.10,126.60,평안남도 양덕 남남서쪽 12km 지역
2014,48,2014-12-10 10:20:39,2014-12-10,10:20:39,2.9,39.68,124.79,평안북도 철산 남동쪽 14km 해역
2014,47,2014-12-08 05:28:57,2014-12-08,05:28:57,3.3,34.75,127.17,전남 보성군 동남동쪽 8km 지역
2014,46,2014-11-15 03:31:39,2014-11-15,03:31:39,2.3,38.78,126.34,황해북도 신계 북북서쪽 36km 지역
2014,45,2014-11-06 14:48:49,2014-11-06,14:48:49,2.3,33.34,125.89,제주 제주시 고산 서북서쪽 26km 해역
2014,44,2014-11-06 04:25:16,2014-11-06,04:25:16,2.3,37.23,126.44,인천 옹진군 남서쪽 31km 해역
2014,43,2014-10-28 19:07:07,2014-10-28,19:07:07,2.2,37.99,125.39,황해남도 옹진 북북동쪽 7km 지역
2014,42,2014-10-24 14:00:22,2014-10-24,14:00:22,2.2,34.67,128.75,경남 통영시 매물도 동쪽 16km 해역
2014,41,2014-10-21 06:33:22,2014-10-21,06:33:22,2.3,35.21,129.49,부산 기장군 동쪽 24km 해역
2014,40,2014-10-20 21:15:29,2014-10-20,21:15:29,2.2,33.68,125.88,제주 제주시 고산 북북서쪽 50km 해역
2014,39,2014-10-19 19:57:17,2014-10-19,19:57:17,2.2,36.44,128.20,경북 상주시 북동쪽 5km 지역
2014,38,2014-10-11 22:11:30,2014-10-11,22:11:30,2.3,37.73,129.43,강원 동해시 북동쪽 36km 해역
2014,37,2014-10-07 01:57:16,2014-10-07,01:57:16,3.0,33.25,125.95,제주 제주시 고산 서남서쪽 20km 해역
2014,36,2014-10-01 16:34:10,2014-10-01,16:34:10,2.2,36.67,125.44,충남 태안군 서격렬비도 북서쪽 11km 해역
2014,35,2014-09-28 21:32:44,2014-09-28,21:32:44,3.2,37.24,126.44,인천 옹진군 남서쪽 30km 지역
2014,34,2014-09-25 02:26:43,2014-09-25,02:26:43,3.8,35.07,129.94,울산 동구 남동쪽 67km 해역
2014,33,2014-09-23 15:27:58,2014-09-23,15:27:58,3.5,35.80,129.41,경북 경주시 동남동쪽 18km 지역
2014,32,2014-09-09 00:24:00,2014-09-09,00:24:00,2.2,35.68,129.38,경북 경주시 남동쪽 23km 지역
2014,31,2014-08-21 22:30:43,2014-08-21,22:30:43,2.7,33.87,127.83,전남 여수시 거문도 동남동쪽 51km 해역
2014,30,2014-08-18 05:13:55,2014-08-18,05:13:55,2.1,36.57,125.64,충남 태안군 서격렬비도 동남동쪽 10km 해역
2014,29,2014-08-16 00:51:42,2014-08-16,00:51:42,2.1,33.59,126.58,제주 제주시 북북동쪽 11km 해역
2014,28,2014-08-10 18:07:05,2014-08-10,18:07:05,2.1,38.16,126.64,개성(북한) 북북동쪽 22km 지역
2014,27,2014-08-05 06:16:40,2014-08-05,06:16:40,2.5,40.05,127.44,함경남도 신흥 동북동쪽 3km 지역
2014,26,2014-08-02 01:32:27,2014-08-02,01:32:27,2.2,37.40,127.20,경기 광주시 서남서쪽 5km 지역
2014,25,2014-07-04 06:27:26,2014-07-04,06:27:26,2.2,34.51,125.41,전남 신안군 흑산면 남남서쪽 17km 해역
2014,24,2014-07-04 04:13:15,2014-07-04,04:13:15,2.9,35.66,129.78,울산 동구 동북동쪽 37km 해역
2014,23,2014-07-04 00:11:51,2014-07-04,00:11:51,2.5,35.65,129.81,울산 동구 동북동쪽 39km 해역
2014,22,2014-07-03 22:04:37,2014-07-03,22:04:37,2.6,35.66,129.82,울산 동구 동북동쪽 40km 해역
2014,21,2014-07-03 21:57:11,2014-07-03,21:57:11,3.5,35.66,129.76,울산 동구 동북동쪽 35km 해역
2014,20,2014-06-21 08:29:30,2014-06-21,08:29:30,2.6,38.77,125.89,황해북도 송림 동쪽 22km 지역
2014,19,2014-06-18 09:59:21,2014-06-18,09:59:21,2.1,35.91,128.66,대구 동구 북동쪽 4km 지역
2014,18,2014-06-08 04:05:31,2014-06-08,04:05:31,2.6,33.52,125.96,제주 제주시 고산 북서쪽 31km 해역
2014,17,2014-06-05 13:29:11,2014-06-05,13:29:11,2.3,35.97,128.62,대구 동구 북쪽 10km 지역
2014,16,2014-05-15 08:46:49,2014-05-15,08:46:49,3.5,32.94,126.07,제주 제주시 고산 남남서쪽 40km 해역
2014,15,2014-04-26 14:08:09,2014-04-26,14:08:09,2.2,36.47,127.93,경북 상주시 서북서쪽 22km 지역
2014,14,2014-04-25 12:14:39,2014-04-25,12:14:39,2.3,35.97,128.04,경북 김천시 남남서쪽 19km 지역
2014,13,2014-04-13 14:02:02,2014-04-13,14:02:02,2.8,36.98,124.51,충남 태안군 서격렬비도 서북서쪽 100km 해역
2014,12,2014-04-12 01:44:48,2014-04-12,01:44:48,2.4,33.52,126.90,제주 제주시 동쪽 34km 지역
2014,11,2014-04-08 06:19:16,2014-04-08,06:19:16,2.6,37.04,124.62,충남 태안군 서격렬비도 서북서쪽 95km 해역
2014,10,2014-04-01 09:25:12,2014-04-01,09:25:12,2.3,36.95,124.50,충남 태안군 서격렬비도 서북서쪽 100km 해역
2014,9,2014-04-01 04:48:35,2014-04-01,04:48:35,5.1,36.95,124.50,충남 태안군 서격렬비도 서북서쪽 100km 해역
2014,8,2014-03-28 10:40:44,2014-03-28,10:40:44,2.6,36.47,127.92,경북 상주시 서북서쪽 23km 지역
2014,7,2014-03-14 12:59:27,2014-03-14,12:59:27,2.5,39.41,126.09,북한 평안남도 성천 북북서쪽 21km 지역
2014,6,2014-03-11 11:39:43,2014-03-11,11:39:43,2.7,35.86,128.47,대구 달성군 서북서쪽 9km 지역
2014,5,2014-02-28 03:20:06,2014-02-28,03:20:06,2.3,38.66,125.07,남포(북한) 서남서쪽 34km 해역
2014,4,2014-02-22 20:44:25,2014-02-22,20:44:25,2.3,38.34,124.54,북한 황해남도 용연군 장산곶 북북서쪽 27km 해역
2014,3,2014-02-21 21:17:21,2014-02-21,21:17:21,2.3,35.05,127.74,전남 광양시 북북동쪽 13km 지역
2014,2,2014-02-05 23:05:57,2014-02-05,23:05:57,2.8,38.38,124.19,북한 황해남도 용연군 장산곶 북서쪽 52km 해역
2014,1,2014-01-29 06:08:44,2014-01-29,06:08:44,2.2,36.23,128.80,경북 의성군 남동쪽 16km 지역
2015,43,2015-12-22 04:31:25,2015-12-22,04:31:25,3.5,36.02,126.95,전북 익산시 북쪽 8km 지역
2015,42,2015-12-22 04:31:25,2015-12-22,04:31:25,3.9,36.03,126.96,전북 익산시 북쪽 9km 지역
2015,41,2015-12-11 01:25:17,2015-12-11,01:25:17,2.0,36.90,126.58,충남 당진시 서북서쪽 5km 지역
2015,40,2015-11-24 14:10:01,2015-11-24,14:10:01,2.4,35.66,129.82,울산 동구 동북동쪽 40km 해역
2015,39,2015-11-24 11:27:52,2015-11-24,11:27:52,3.2,35.67,129.82,울산 동구 동북동쪽 41km 해역
2015,38,2015-11-13 20:04:33,2015-11-13,20:04:33,2.2,35.80,129.40,경북 경주시 동남동쪽 17km 지역
2015,37,2015-10-30 15:17:29,2015-10-30,15:17:29,2.6,35.75,129.36,경북 경주시 남동쪽 16km 지역
2015,36,2015-10-26 23:29:05,2015-10-26,23:29:05,2.1,34.09,126.85,전남 완도군 남남동쪽 26km 해역
2015,35,2015-10-01 09:21:25,2015-10-01,09:21:25,2.5,35.78,129.14,경북 경주시 남서쪽 9km 지역
2015,34,2015-09-18 10:12:55,2015-09-18,10:12:55,2.1,34.70,128.75,경남 통영시 매물도 동북동쪽 17km 해역
2015,33,2015-09-03 04:53:39,2015-09-03,04:53:39,2.9,33.36,127.12,제주 서귀포시 성산 동쪽 22km 해역
2015,32,2015-09-01 13:47:42,2015-09-01,13:47:42,2.5,39.08,126.53,평안남도 양덕 남남서쪽 17km 지역
2015,31,2015-08-23 09:19:49,2015-08-23,09:19:49,2.1,36.37,129.79,경북 영덕군 동쪽 38km 해역
2015,30,2015-08-17 16:56:23,2015-08-17,16:56:23,2.5,37.18,125.38,인천 옹진군 연평도 남남서쪽 61km 해역
2015,29,2015-08-12 17:09:51,2015-08-12,17:09:51,2.0,37.16,127.52,경기 이천시 남남동쪽 15km 지역
2015,28,2015-08-03 10:11:24,2015-08-03,10:11:24,3.7,33.26,127.06,제주 서귀포시 성산 남동쪽 22km 해역
2015,27,2015-08-02 03:22:34,2015-08-02,03:22:34,2.1,37.19,128.44,강원 영월군 서북서쪽 2km 지역
2015,26,2015-08-01 23:58:50,2015-08-01,23:58:50,2.2,35.32,127.45,전남 구례군 북쪽 13km 지역
2015,25,2015-07-30 09:39:55,2015-07-30,09:39:55,2.1,35.18,128.01,경남 진주시 서쪽 7km 지역
2015,24,2015-07-23 04:02:14,2015-07-23,04:02:14,2.6,33.18,127.02,제주 서귀포시 성산 남남동쪽 26km 해역
2015,23,2015-07-20 01:33:02,2015-07-20,01:33:02,2.2,33.26,127.21,제주 서귀포시 성산 동남동쪽 34km 해역
2015,22,2015-07-18 21:15:56,2015-07-18,21:15:56,2.3,36.07,128.08,경북 김천시 남남서쪽 7km 지역
2015,21,2015-07-14 14:34:34,2015-07-14,14:34:34,2.5,33.26,127.04,제주 서귀포시 성산 남동쪽 20km 해역
2015,20,2015-07-08 11:01:46,2015-07-08,11:01:46,2.0,37.63,125.86,인천 옹진군 연평도 동남동쪽 14km 해역
2015,19,2015-07-04 08:49:09,2015-07-04,08:49:09,2.0,36.32,128.16,경북 상주시 남쪽 10km 지역
2015,18,2015-06-22 12:44:47,2015-06-22,12:44:47,2.2,36.35,127.25,충남 공주시 남동쪽 15km 지역
2015,17,2015-06-22 12:02:28,2015-06-22,12:02:28,2.6,35.85,125.00,충남 태안군 서격렬비도 남남서쪽 96km 해역
2015,16,2015-06-17 00:55:06,2015-06-17,00:55:06,2.1,38.40,125.62,황해남도 안악 남동쪽 16km 지역
2015,15,2015-06-07 20:54:01,2015-06-07,20:54:01,2.6,33.78,126.18,제주 제주시 북서쪽 45km 해역
2015,14,2015-06-02 01:01:29,2015-06-02,01:01:29,2.0,36.76,129.98,경북 울진군 동남동쪽 57km 해역
2015,13,2015-04-24 10:14:42,2015-04-24,10:14:42,2.3,35.88,129.69,경북 포항시 남구 동남동쪽 33km 해역
2015,12,2015-04-21 02:05:41,2015-04-21,02:05:41,2.1,35.88,129.75,경북 포항시 남구 동남동쪽 38km 해역
2015,11,2015-04-15 04:10:00,2015-04-15,04:10:00,2.9,35.14,129.93,울산 동구 남동쪽 61km 해역
2015,10,2015-04-13 18:02:02,2015-04-13,18:02:02,3.3,37.18,125.47,인천 옹진군 연평도 남남서쪽 58km 해역
2015,9,2015-03-19 16:20:17,2015-03-19,16:20:17,2.4,36.43,127.65,충북 옥천군 북북동쪽 16km 지역
2015,8,2015-03-19 12:54:19,2015-03-19,12:54:19,2.1,34.21,128.29,경남 통영시 욕지도 남쪽 48km 해역
2015,7,2015-03-10 13:10:35,2015-03-10,13:10:35,2.7,37.36,125.15,인천 옹진군 연평도 남서쪽 59km 해역
2015,6,2015-02-23 04:54:14,2015-02-23,04:54:14,2.7,32.96,126.25,제주 제주시 고산 남남동쪽 38km 해역
2015,5,2015-02-19 14:25:27,2015-02-19,14:25:27,2.2,36.04,125.02,충남 태안군 서격렬비도 남서쪽 77km 해역
2015,4,2015-02-03 19:54:53,2015-02-03,19:54:53,2.1,33.61,127.57,전남 여수시 거문도 남남동쪽 52km 해역
2015,3,2015-01-31 05:10:05,2015-01-31,05:10:05,2.2,36.60,129.45,경북 영덕군 북북동쪽 22km 해역
2015,2,2015-01-08 20:15:18,2015-01-08,20:15:18,3.5,37.51,125.63,인천 옹진군 연평도 남남서쪽 18km 해역
2015,1,2015-01-06 13:06:40,2015-01-06,13:06:40,2.6,38.43,126.28,황해북도 평산 북서쪽 15km 지역
2016,149,2016-12-31 08:01:03,2016-12-31,08:01:03,2.6,39.31,126.27,평안남도 성천 북북동쪽 9km 지역
2016,148,2016-12-30 15:04:41,2016-12-30,15:04:41,2.5,38.64,125.76,황해북도 사리원 북쪽 15km 지역
2016,147,2016-12-29 21:32:25,2016-12-29,21:32:25,2.3,36.12,129.36,경북 포항시 북구 북쪽 9km 지역
2016,146,2016-12-29 05:53:11,2016-12-29,05:53:11,2.6,38.71,125.76,황해북도 송림 동남동쪽 11km 지역
2016,145,2016-12-25 06:29:09,2016-12-25,06:29:09,2.5,35.78,129.31,경북 경주시 남동쪽 11km 지역
2016,144,2016-12-25 01:59:43,2016-12-25,01:59:43,2.4,35.25,129.39,부산 기장군 동쪽 15km 해역
2016,143,2016-12-23 05:31:32,2016-12-23,05:31:32,2.2,36.12,129.36,경북 포항시 북구 북쪽 9km 지역
2016,142,2016-12-22 21:13:32,2016-12-22,21:13:32,2.2,34.45,128.54,경남 통영시 매물도 남쪽 22km 해역
2016,141,2016-12-15 17:14:53,2016-12-15,17:14:53,2.1,35.76,129.19,경북 경주시 남남서쪽 9km 지역
2016,140,2016-12-14 17:20:34,2016-12-14,17:20:34,3.3,35.76,129.17,경북 경주시 남남서쪽 10km 지역
2016,139,2016-12-14 10:05:28,2016-12-14,10:05:28,2.1,36.54,128.08,경북 상주시 북북서쪽 16km 지역
2016,138,2016-12-12 17:53:17,2016-12-12,17:53:17,3.3,35.76,129.18,경북 경주시 남남서쪽 9km 지역
2016,137,2016-12-12 04:46:32,2016-12-12,04:46:32,2.2,35.76,129.18,경북 경주시 남남서쪽 9km 지역
2016,136,2016-12-11 16:05:37,2016-12-11,16:05:37,2.5,36.07,125.59,충남 태안군 서격렬비도 남쪽 59km 해역
2016,135,2016-12-10 15:51:54,2016-12-10,15:51:54,2.0,37.63,129.68,강원 삼척시 동북동쪽 50km 해역
2016,134,2016-12-10 00:51:13,2016-12-10,00:51:13,2.1,35.77,129.17,경북 경주시 남남서쪽 9km 지역
2016,133,2016-12-09 11:30:45,2016-12-09,11:30:45,2.4,35.69,129.36,경북 경주시 남동쪽 21km 지역
2016,132,2016-12-07 22:34:14,2016-12-07,22:34:14,2.4,37.18,125.48,인천 옹진군 연평도 남남서쪽 57km 해역
2016,131,2016-12-05 07:42:21,2016-12-05,07:42:21,2.1,35.81,129.72,경북 포항시 남구 남동쪽 39km 해역
2016,130,2016-12-05 00:47:03,2016-12-05,00:47:03,2.1,35.77,129.18,경북 경주시 남남서쪽 8km 지역
2016,129,2016-12-02 04:45:42,2016-12-02,04:45:42,2.1,35.76,129.19,경북 경주시 남남서쪽 9km 지역
2016,128,2016-11-29 10:09:22,2016-11-29,10:09:22,2.9,33.40,125.72,제주 제주시 고산 서북서쪽 43km 해역
2016,127,2016-11-28 23:33:02,2016-11-28,23:33:02,2.2,38.49,126.14,황해북도 평산 북서쪽 28km 지역
2016,126,2016-11-28 20:57:26,2016-11-28,20:57:26,2.4,35.77,129.19,경북 경주시 남남서쪽 8km 지역
2016,125,2016-11-27 20:08:46,2016-11-27,20:08:46,2.2,36.02,127.39,충남 금산군 남서쪽 13km 지역
2016,124,2016-11-27 06:53:12,2016-11-27,06:53:12,2.5,36.34,127.33,대전 유성구 남서쪽 3km 지역
2016,123,2016-11-25 18:53:58,2016-11-25,18:53:58,2.3,35.75,129.17,경북 경주시 남남서쪽 11km 지역
2016,122,2016-11-19 03:29:02,2016-11-19,03:29:02,2.1,35.76,129.19,경북 경주시 남남서쪽 9km 지역
2016,121,2016-11-16 23:15:44,2016-11-16,23:15:44,2.1,34.86,125.08,전남 신안군 흑산면 서북서쪽 43km 해역
2016,120,2016-11-15 16:27:40,2016-11-15,16:27:40,2.0,35.76,129.19,경북 경주시 남남서쪽 9km 지역
2016,119,2016-11-15 12:22:58,2016-11-15,12:22:58,2.5,38.37,128.10,북한 강원 금강군 남남동쪽 29km 지역
2016,118,2016-11-13 21:52:57,2016-11-13,21:52:57,3.5,36.36,126.63,충남 보령시 북북동쪽 4km 지역
2016,117,2016-11-13 02:27:23,2016-11-13,02:27:23,2.3,38.76,125.66,황해북도 송림 북동쪽 3km 지역
2016,116,2016-11-10 22:37:52,2016-11-10,22:37:52,2.5,36.46,129.89,경북 영덕군 동쪽 47km 해역
2016,115,2016-11-09 20:55:44,2016-11-09,20:55:44,2.3,36.55,129.60,경북 영덕군 북동쪽 26km 해역
2016,114,2016-11-06 06:26:22,2016-11-06,06:26:22,3.5,33.76,125.07,전남 신안군 흑산면 남남서쪽 106km 해역
2016,113,2016-11-03 23:35:52,2016-11-03,23:35:52,2.6,35.32,128.49,경남 함안군 북동쪽 9km 지역
2016,112,2016-11-03 10:36:23,2016-11-03,10:36:23,2.3,35.76,129.19,경북 경주시 남남서쪽 9km 지역
2016,111,2016-11-03 10:02:26,2016-11-03,10:02:26,2.3,35.76,129.19,경북 경주시 남남서쪽 9km 지역
2016,110,2016-11-03 03:46:06,2016-11-03,03:46:06,2.1,35.75,129.18,경북 경주시 남남서쪽 10km 지역
2016,109,2016-11-02 03:01:43,2016-11-02,03:01:43,2.4,33.52,126.88,제주 제주시 동쪽 32km 지역
2016,108,2016-10-25 19:57:37,2016-10-25,19:57:37,2.4,35.70,129.37,경북 경주시 남동쪽 21km 지역
2016,107,2016-10-25 03:23:06,2016-10-25,03:23:06,2.0,35.76,129.19,경북 경주시 남남서쪽 9km 지역
2016,106,2016-10-24 09:02:01,2016-10-24,09:02:01,2.3,37.25,127.02,경기 수원시 권선구 남쪽 2km 지역
2016,105,2016-10-23 03:00:04,2016-10-23,03:00:04,2.7,35.78,129.20,경북 경주시 남남서쪽 7km 지역
2016,104,2016-10-21 12:47:49,2016-10-21,12:47:49,2.6,35.75,129.17,경북 경주시 남남서쪽 11km 지역
2016,103,2016-10-21 10:13:53,2016-10-21,10:13:53,2.0,36.46,126.87,충남 청양군 동쪽 6km 지역
2016,102,2016-10-20 12:17:07,2016-10-20,12:17:07,2.4,35.76,129.19,경북 경주시 남남서쪽 9km 지역
2016,101,2016-10-15 23:49:08,2016-10-15,23:49:08,2.2,35.76,129.17,경북 경주시 남남서쪽 10km 지역
2016,100,2016-10-15 18:55:18,2016-10-15,18:55:18,2.5,35.74,129.18,경북 경주시 남남서쪽 11km 지역
2016,99,2016-10-14 08:20:58,2016-10-14,08:20:58,2.3,35.76,129.19,경북 경주시 남남서쪽 9km 지역
2016,98,2016-10-12 00:29:36,2016-10-12,00:29:36,2.9,35.76,129.18,경북 경주시 남남서쪽 9km 지역
2016,97,2016-10-10 22:59:10,2016-10-10,22:59:10,3.3,35.75,129.18,경북 경주시 남남서쪽 10km 지역
2016,96,2016-10-07 17:17:58,2016-10-07,17:17:58,2.2,35.77,129.23,경북 경주시 남쪽 8km 지역
2016,95,2016-10-05 23:29:16,2016-10-05,23:29:16,2.3,38.76,125.62,황해북도 송림 북북서쪽 3km 지역
2016,94,2016-10-05 21:16:37,2016-10-05,21:16:37,2.4,33.81,127.28,전남 여수시 거문도 남쪽 24km 해역
2016,93,2016-10-04 15:16:44,2016-10-04,15:16:44,2.6,35.76,129.19,경북 경주시 남남서쪽 9km 지역
2016,92,2016-10-02 20:53:07,2016-10-02,20:53:07,3.0,35.75,129.19,경북 경주시 남남서쪽 10km 지역
2016,91,2016-10-01 17:00:34,2016-10-01,17:00:34,2.3,35.76,129.18,경북 경주시 남남서쪽 9km 지역
2016,90,2016-10-01 13:04:16,2016-10-01,13:04:16,2.0,35.76,129.18,경북 경주시 남남서쪽 9km 지역
2016,89,2016-09-30 21:52:49,2016-09-30,21:52:49,2.2,35.75,129.18,경북 경주시 남남서쪽 10km 지역
2016,88,2016-09-30 18:06:36,2016-09-30,18:06:36,2.3,35.76,129.16,경북 경주시 남남서쪽 10km 지역
2016,87,2016-09-30 16:24:16,2016-09-30,16:24:16,2.0,35.77,129.16,경북 경주시 남남서쪽 9km 지역
2016,86,2016-09-30 11:09:47,2016-09-30,11:09:47,2.1,35.76,129.18,경북 경주시 남남서쪽 9km 지역
2016,85,2016-09-28 21:10:34,2016-09-28,21:10:34,2.7,35.77,129.17,경북 경주시 남남서쪽 9km 지역
2016,84,2016-09-28 18:54:22,2016-09-28,18:54:22,2.8,38.74,125.69,황해북도 송림 동쪽 5km 지역
2016,83,2016-09-28 16:34:30,2016-09-28,16:34:30,3.1,35.76,129.18,경북 경주시 남남서쪽 9km 지역
2016,82,2016-09-24 19:56:21,2016-09-24,19:56:21,2.5,35.79,129.19,경북 경주시 남남서쪽 6km 지역
2016,81,2016-09-23 18:21:42,2016-09-23,18:21:42,2.1,35.76,129.18,경북 경주시 남남서쪽 9km 지역
2016,80,2016-09-22 03:22:32,2016-09-22,03:22:32,2.1,35.76,129.18,경북 경주시 남남서쪽 9km 지역
2016,79,2016-09-22 00:01:30,2016-09-22,00:01:30,2.3,35.76,129.18,경북 경주시 남남서쪽 9km 지역
2016,78,2016-09-21 11:53:54,2016-09-21,11:53:54,3.5,35.75,129.18,경북 경주시 남남서쪽 10km 지역
2016,77,2016-09-21 03:36:51,2016-09-21,03:36:51,2.9,35.77,129.18,경북 경주시 남남서쪽 8km 지역
2016,76,2016-09-21 00:59:11,2016-09-21,00:59:11,2.1,35.76,129.18,경북 경주시 남남서쪽 9km 지역
2016,75,2016-09-20 20:03:27,2016-09-20,20:03:27,2.1,35.77,129.19,경북 경주시 남남서쪽 8km 지역
2016,74,2016-09-20 15:05:16,2016-09-20,15:05:16,2.1,38.39,128.09,강원 양구군 북북동쪽 33km 지역(북한지역)
2016,73,2016-09-20 09:58:17,2016-09-20,09:58:17,2.4,35.76,129.20,경북 경주시 남쪽 9km 지역
2016,72,2016-09-19 21:00:51,2016-09-19,21:00:51,2.1,35.75,129.17,경북 경주시 남남서쪽 11km 지역
2016,71,2016-09-19 20:33:58,2016-09-19,20:33:58,4.5,35.74,129.18,경북 경주시 남남서쪽 11km 지역
2016,70,2016-09-19 09:17:59,2016-09-19,09:17:59,2.1,35.76,129.17,경북 경주시 남남서쪽 10km 지역
2016,69,2016-09-18 22:38:07,2016-09-18,22:38:07,2.0,35.75,129.18,경북 경주시 남남서쪽 10km 지역
2016,68,2016-09-18 16:27:54,2016-09-18,16:27:54,2.4,35.76,129.17,경북 경주시 남남서쪽 10km 지역
2016,67,2016-09-17 16:21:58,2016-09-17,16:21:58,2.1,35.76,129.18,경북 경주시 남남서쪽 9km 지역
2016,66,2016-09-17 07:12:56,2016-09-17,07:12:56,2.1,35.76,129.18,경북 경주시 남남서쪽 9km 지역
2016,65,2016-09-16 21:14:24,2016-09-16,21:14:24,2.2,35.76,129.18,경북 경주시 남남서쪽 9km 지역
2016,64,2016-09-16 19:54:46,2016-09-16,19:54:46,2.1,35.74,129.17,경북 경주시 남남서쪽 12km 지역
2016,63,2016-09-16 15:13:18,2016-09-16,15:13:18,2.3,35.76,129.17,경북 경주시 남남서쪽 10km 지역
2016,62,2016-09-16 05:31:09,2016-09-16,05:31:09,2.2,35.78,129.19,경북 경주시 남남서쪽 7km 지역
2016,61,2016-09-15 20:48:25,2016-09-15,20:48:25,2.6,35.76,129.19,경북 경주시 남남서쪽 9km 지역
2016,60,2016-09-15 19:47:25,2016-09-15,19:47:25,2.2,35.77,129.19,경북 경주시 남남서쪽 8km 지역
2016,59,2016-09-15 03:22:28,2016-09-15,03:22:28,2.7,35.76,129.18,경북 경주시 남남서쪽 9km 지역
2016,58,2016-09-14 22:31:31,2016-09-14,22:31:31,2.4,35.76,129.17,경북 경주시 남남서쪽 10km 지역
2016,57,2016-09-14 11:57:32,2016-09-14,11:57:32,2.4,33.93,126.62,전남 완도군 남남서쪽 44km 해역
2016,56,2016-09-13 08:24:47,2016-09-13,08:24:47,3.2,35.76,129.17,경북 경주시 남남서쪽 10km 지역
2016,55,2016-09-13 00:37:10,2016-09-13,00:37:10,3.1,35.78,129.21,경북 경주시 남쪽 6km 지역
2016,54,2016-09-12 20:32:54,2016-09-12,20:32:54,5.8,35.77,129.18,경북 경주시 남남서쪽 8km 지역
2016,53,2016-09-12 19:44:32,2016-09-12,19:44:32,5.1,35.76,129.19,경북 경주시 남남서쪽 9km 지역
2016,52,2016-08-30 00:39:46,2016-08-30,00:39:46,2.6,35.55,128.03,경남 합천군 서쪽 13km 지역
2016,51,2016-08-28 23:27:19,2016-08-28,23:27:19,2.3,35.64,127.47,전북 장수군 서쪽 5km 지역
2016,50,2016-08-28 21:27:55,2016-08-28,21:27:55,2.4,38.65,127.16,강원 평강(북한) 북북서쪽 29km 지역
2016,49,2016-08-20 18:54:44,2016-08-20,18:54:44,2.6,33.49,127.30,제주 서귀포시 성산 동북동쪽 41km 해역
2016,48,2016-08-20 12:18:21,2016-08-20,12:18:21,3.0,38.38,128.09,북한 강원 양구군 북북동쪽 32km 지역
2016,47,2016-08-18 22:21:10,2016-08-18,22:21:10,2.6,38.84,125.70,황해북도 송림 북북동쪽 13km 지역
2016,46,2016-08-18 17:08:46,2016-08-18,17:08:46,2.1,37.18,125.46,인천 옹진군 연평도 남남서쪽 58km 해역
2016,45,2016-08-17 11:17:38,2016-08-17,11:17:38,2.7,38.38,128.08,강원 양구군 북북동쪽 31km 지역
2016,44,2016-08-16 11:57:40,2016-08-16,11:57:40,2.0,36.76,128.84,경북 안동시 북북동쪽 24km 지역
2016,43,2016-07-30 01:51:57,2016-07-30,01:51:57,2.3,33.06,126.33,제주 서귀포시 남서쪽 27km 해역
2016,42,2016-07-14 22:31:13,2016-07-14,22:31:13,2.8,35.12,130.24,울산 동구 동남동쪽 86km 해역
2016,41,2016-07-13 14:13:02,2016-07-13,14:13:02,2.0,36.80,128.53,경북 영주시 서쪽 9km 지역
2016,40,2016-07-09 13:16:48,2016-07-09,13:16:48,2.6,38.69,125.83,황해북도 송림 동남동쪽 18km 지역
2016,39,2016-07-09 04:47:52,2016-07-09,04:47:52,2.3,35.48,129.97,울산 동구 동쪽 50km 해역
2016,38,2016-07-05 21:24:35,2016-07-05,21:24:35,2.6,35.51,129.87,울산 동구 동쪽 41km 해역
2016,37,2016-07-05 20:33:03,2016-07-05,20:33:03,5.0,35.51,129.99,울산 동구 동쪽 52km 해역
2016,36,2016-06-25 03:24:52,2016-06-25,03:24:52,2.6,38.74,125.86,황해북도 송림 동쪽 20km 지역
2016,35,2016-06-21 03:23:46,2016-06-21,03:23:46,3.1,39.49,126.19,평안남도 성천 북쪽 28km 지역
2016,34,2016-06-15 02:07:18,2016-06-15,02:07:18,2.6,35.87,129.69,경북 포항시 남구 동남동쪽 33km 해역
2016,33,2016-06-13 12:33:06,2016-06-13,12:33:06,2.7,34.30,124.68,전남 신안군 흑산면 서남서쪽 82km 해역
2016,32,2016-06-07 16:06:42,2016-06-07,16:06:42,2.3,33.05,126.17,제주 제주시 고산 남쪽 27km 해역
2016,31,2016-06-05 10:11:39,2016-06-05,10:11:39,2.2,36.00,129.58,경북 포항시 남구 동쪽 20km 해역
2016,30,2016-06-03 04:53:38,2016-06-03,04:53:38,3.0,36.39,127.92,경북 상주시 서쪽 22km 지역
2016,29,2016-05-24 04:52:21,2016-05-24,04:52:21,2.3,33.61,125.56,제주 제주시 고산 서북서쪽 66km 해역
2016,28,2016-05-22 01:22:47,2016-05-22,01:22:47,3.5,40.68,127.15,함경남도 장진 북북서쪽 34km 지역
2016,27,2016-05-12 13:37:06,2016-05-12,13:37:06,2.5,34.69,126.80,전남 강진군 북북동쪽 6km 지역
2016,26,2016-05-03 03:29:10,2016-05-03,03:29:10,2.1,37.12,129.02,강원 태백시 남남동쪽 5km 지역
2016,25,2016-04-30 22:46:41,2016-04-30,22:46:41,2.6,37.75,125.40,황해남도 옹진 남쪽 20km 지역
2016,24,2016-04-28 10:16:43,2016-04-28,10:16:43,2.6,35.42,128.56,경남 창녕군 남남동쪽 15km 지역
2016,23,2016-04-27 19:27:00,2016-04-27,19:27:00,2.3,35.57,128.34,경남 합천군 동쪽 16km 지역
2016,22,2016-04-25 11:42:52,2016-04-25,11:42:52,2.3,33.51,125.91,제주 제주시 고산 북서쪽 34km 해역
2016,21,2016-04-21 15:55:04,2016-04-21,15:55:04,2.7,33.53,125.89,제주 제주시 고산 북서쪽 36km 해역
2016,20,2016-04-21 15:53:45,2016-04-21,15:53:45,2.7,33.52,125.92,제주 제주시 고산 북서쪽 34km 해역
2016,19,2016-04-13 05:28:39,2016-04-13,05:28:39,2.1,35.92,127.93,경북 김천시 남남서쪽 28km 지역
2016,18,2016-04-03 00:36:12,2016-04-03,00:36:12,2.4,35.13,124.79,전남 신안군 흑산면 북서쪽 82km 해역
2016,17,2016-03-28 14:34:21,2016-03-28,14:34:21,2.9,35.22,127.96,경남 진주시 서북서쪽 12km 지역
2016,16,2016-03-27 18:28:38,2016-03-27,18:28:38,3.0,39.17,125.97,북한 평안남도 평성 남동쪽 12km 지역
2016,15,2016-03-27 14:52:53,2016-03-27,14:52:53,2.3,35.33,130.04,울산 동구 동남동쪽 59km 해역
2016,14,2016-03-16 12:30:45,2016-03-16,12:30:45,2.2,38.82,126.04,평양(북한) 남동쪽 34km 지역
2016,13,2016-03-15 03:38:33,2016-03-15,03:38:33,2.4,37.59,129.95,강원 삼척시 동북동쪽 71km 해역
2016,12,2016-03-15 03:00:19,2016-03-15,03:00:19,2.7,36.31,128.21,경북 상주시 남남동쪽 12km 지역
2016,11,2016-03-14 05:17:05,2016-03-14,05:17:05,3.1,38.71,125.87,황해북도 송림 동쪽 21km 지역
2016,10,2016-03-05 11:11:53,2016-03-05,11:11:53,3.3,35.61,129.82,울산 동구 동북동쪽 38km 해역
2016,9,2016-03-02 14:04:43,2016-03-02,14:04:43,2.4,36.36,127.20,충남 공주시 남동쪽 12km 지역
2016,8,2016-02-28 16:52:38,2016-02-28,16:52:38,2.5,38.73,125.85,황해북도 송림 동쪽 19km 지역
2016,7,2016-02-26 18:46:12,2016-02-26,18:46:12,2.2,33.23,127.19,제주 서귀포시 성산 동남동쪽 34km 해역
2016,6,2016-02-24 23:22:12,2016-02-24,23:22:12,2.9,33.52,125.92,제주 제주시 고산 북서쪽 34km 해역
2016,5,2016-02-11 05:57:44,2016-02-11,05:57:44,3.1,36.21,127.48,충남 금산군 북쪽 12km 지역
2016,4,2016-01-31 03:03:02,2016-01-31,03:03:02,2.0,36.95,129.92,경북 울진군 동쪽 46km 해역
2016,3,2016-01-25 18:40:20,2016-01-25,18:40:20,2.3,36.22,128.69,경북 의성군 남쪽 14km 지역
2016,2,2016-01-23 07:14:01,2016-01-23,07:14:01,2.4,38.42,126.25,황해북도 평산 북서쪽 16km 지역
2016,1,2016-01-06 20:39:04,2016-01-06,20:39:04,3.0,36.01,128.07,경북 김천시 남쪽 14km 지역
2017,199,2017-12-30 19:44:13,2017-12-30,19:44:13,2.0,35.76,129.17,경북 경주시 남남서쪽 9km 지역
2017,198,2017-12-29 17:40:22,2017-12-29,17:40:22,2.1,36.11,129.35,경북 포항시 북구 북북서쪽 8km 지역
2017,197,2017-12-27 19:42:44,2017-12-27,19:42:44,2.3,36.11,129.36,경북 포항시 북구 북쪽 7km 지역
2017,196,2017-12-27 19:27:45,2017-12-27,19:27:45,2.8,36.11,129.36,경북 포항시 북구 북쪽 7km 지역
2017,195,2017-12-26 04:05:46,2017-12-26,04:05:46,2.2,36.14,129.37,경북 포항시 북구 북쪽 11km 지역
2017,194,2017-12-25 16:32:02,2017-12-25,16:32:02,2.1,36.11,129.36,경북 포항시 북구 북쪽 7km 지역
2017,193,2017-12-25 16:19:22,2017-12-25,16:19:22,3.5,36.11,129.36,경북 포항시 북구 북쪽 8km 지역
2017,192,2017-12-22 12:35:29,2017-12-22,12:35:29,2.2,39.31,127.15,북한 함경남도 고원 남남서쪽 15km 지역
2017,191,2017-12-21 12:01:12,2017-12-21,12:01:12,2.0,36.72,128.01,경북 문경시 북서쪽 21km 지역
2017,190,2017-12-20 19:22:34,2017-12-20,19:22:34,2.3,36.09,125.64,충남 태안군 서격렬비도 남쪽 57km 해역
2017,189,2017-12-19 13:34:28,2017-12-19,13:34:28,2.1,35.77,129.42,경북 경주시 동남동쪽 20km 지역
2017,188,2017-12-12 10:06:04,2017-12-12,10:06:04,2.5,38.32,126.18,북한 황해북도 평산 서쪽 19km 지역
2017,187,2017-12-09 16:15:37,2017-12-09,16:15:37,2.3,35.61,129.99,울산 동구 동북동쪽 54km 해역
2017,186,2017-12-09 15:40:02,2017-12-09,15:40:02,2.8,41.31,129.11,북한 함경북도 길주 북북서쪽 43km 지역
2017,185,2017-12-09 15:13:35,2017-12-09,15:13:35,3.0,41.32,129.10,북한 함경북도 길주 북북서쪽 45km 지역
2017,184,2017-12-09 02:39:18,2017-12-09,02:39:18,2.3,36.10,129.35,경북 포항시 북구 북북서쪽 7km 지역
2017,183,2017-12-09 01:49:59,2017-12-09,01:49:59,2.2,36.10,129.35,경북 포항시 북구 북북서쪽 7km 지역
2017,182,2017-12-06 00:40:53,2017-12-06,00:40:53,2.8,41.32,129.13,북한 함경북도 길주 북북서쪽 44km 지역
2017,181,2017-12-05 23:40:53,2017-12-05,23:40:53,2.8,41.32,129.13,북한 함경북도 길주 북북서쪽 44km 지역
2017,180,2017-12-05 21:19:32,2017-12-05,21:19:32,2.1,36.02,129.46,경북 포항시 남구 동쪽 9km 해역
2017,179,2017-12-04 21:55:47,2017-12-04,21:55:47,2.5,33.42,127.15,제주 서귀포시 성산 동쪽 25km 해역
2017,178,2017-12-03 01:13:47,2017-12-03,01:13:47,2.1,36.75,128.82,경북 안동시 북북동쪽 22km 지역
2017,177,2017-12-02 07:45:56,2017-12-02,07:45:56,2.5,41.31,129.11,북한 함경북도 길주 북북서쪽 43km 지역
2017,176,2017-12-01 16:23:48,2017-12-01,16:23:48,2.7,33.24,127.32,제주 서귀포시 성산 동남동쪽 44km 해역
2017,175,2017-12-01 08:03:26,2017-12-01,08:03:26,2.4,36.10,129.35,경북 포항시 북구 북북서쪽 7km 지역
2017,174,2017-11-26 03:13:45,2017-11-26,03:13:45,2.9,36.47,124.83,충남 태안군 서격렬비도 서남서쪽 64km 해역
2017,173,2017-11-25 14:10:41,2017-11-25,14:10:41,2.3,36.11,129.35,경북 포항시 북구 북쪽 7km 지역
2017,172,2017-11-25 12:51:11,2017-11-25,12:51:11,2.0,36.10,129.35,경북 포항시 북구 북쪽 7km 지역
2017,171,2017-11-24 21:27:25,2017-11-24,21:27:25,2.3,34.05,125.57,전남 신안군 흑산면 남쪽 68km 해역
2017,170,2017-11-24 01:17:27,2017-11-24,01:17:27,2.3,36.11,129.35,경북 포항시 북구 북쪽 7km 지역
2017,169,2017-11-24 00:29:56,2017-11-24,00:29:56,2.6,37.23,125.04,인천 옹진군 연평도 남서쪽 76km 해역
2017,168,2017-11-23 23:27:05,2017-11-23,23:27:05,2.3,36.11,129.37,경북 포항시 북구 북쪽 8km 지역
2017,167,2017-11-22 22:15:41,2017-11-22,22:15:41,2.0,36.12,129.35,경북 포항시 북구 북쪽 9km 지역
2017,166,2017-11-22 12:41:46,2017-11-22,12:41:46,2.5,36.10,129.35,경북 포항시 북구 북북서쪽 6km 지역
2017,165,2017-11-21 09:53:01,2017-11-21,09:53:01,2.4,36.11,129.33,경북 포항시 북구 북북서쪽 8km 지역
2017,164,2017-11-21 08:57:29,2017-11-21,08:57:29,2.1,36.09,129.34,경북 포항시 북구 북북서쪽 5km 지역
2017,163,2017-11-21 05:58:34,2017-11-21,05:58:34,2.0,36.09,129.35,경북 포항시 북구 북쪽 6km 지역
2017,162,2017-11-20 06:05:15,2017-11-20,06:05:15,3.6,36.14,129.36,경북 포항시 북구 북쪽 11km 지역
2017,161,2017-11-19 23:45:47,2017-11-19,23:45:47,3.5,36.12,129.36,경북 포항시 북구 북쪽 9km 지역
2017,160,2017-11-19 06:40:59,2017-11-19,06:40:59,2.2,36.09,129.34,경북 포항시 북구 북북서쪽 6km 지역
2017,159,2017-11-19 05:07:05,2017-11-19,05:07:05,2.1,36.12,129.38,경북 포항시 북구 북쪽 9km 지역
2017,158,2017-11-19 03:33:31,2017-11-19,03:33:31,2.4,36.09,129.35,경북 포항시 북구 북북서쪽 6km 지역
2017,157,2017-11-19 01:18:38,2017-11-19,01:18:38,2.0,36.11,129.34,경북 포항시 북구 북북서쪽 8km 지역
2017,156,2017-11-17 18:57:15,2017-11-17,18:57:15,2.6,36.10,129.35,경북 포항시 북구 북북서쪽 6km 지역
2017,155,2017-11-17 08:25:50,2017-11-17,08:25:50,2.1,36.12,129.37,경북 포항시 북구 북쪽 8km 지역
2017,154,2017-11-17 01:17:01,2017-11-17,01:17:01,2.1,36.08,129.33,경북 포항시 북구 북북서쪽 6km 지역
2017,153,2017-11-16 19:05:05,2017-11-16,19:05:05,2.4,36.12,129.36,경북 포항시 북구 북쪽 9km 지역
2017,152,2017-11-16 17:32:49,2017-11-16,17:32:49,2.2,36.12,129.36,경북 포항시 북구 북쪽 9km 지역
2017,151,2017-11-16 17:31:21,2017-11-16,17:31:21,2.0,36.11,129.37,경북 포항시 북구 북쪽 7km 지역
2017,150,2017-11-16 16:48:31,2017-11-16,16:48:31,2.4,36.12,129.36,경북 포항시 북구 북쪽 8km 지역
2017,149,2017-11-16 14:31:09,2017-11-16,14:31:09,2.0,36.10,129.34,경북 포항시 북구 북북서쪽 7km 지역
2017,148,2017-11-16 14:04:04,2017-11-16,14:04:04,2.3,36.13,129.37,경북 포항시 북구 북쪽 10km 지역
2017,147,2017-11-16 10:37:34,2017-11-16,10:37:34,2.3,36.10,129.35,경북 포항시 북구 북북서쪽 6km 지역
2017,146,2017-11-16 09:47:28,2017-11-16,09:47:28,2.1,36.12,129.37,경북 포항시 북구 북쪽 9km 지역
2017,145,2017-11-16 09:02:42,2017-11-16,09:02:42,3.6,36.12,129.37,경북 포항시 북구 북쪽 8km 지역
2017,144,2017-11-16 05:54:11,2017-11-16,05:54:11,2.5,36.09,129.34,경북 포항시 북구 북북서쪽 6km 지역
2017,143,2017-11-16 05:03:37,2017-11-16,05:03:37,2.0,36.08,129.34,경북 포항시 북구 북북서쪽 5km 지역
2017,142,2017-11-16 02:37:43,2017-11-16,02:37:43,2.3,36.14,129.37,경북 포항시 북구 북쪽 11km 지역
2017,141,2017-11-16 01:36:05,2017-11-16,01:36:05,2.5,36.14,129.36,경북 포항시 북구 북쪽 10km 지역
2017,140,2017-11-16 01:23:12,2017-11-16,01:23:12,2.1,36.09,129.35,경북 포항시 북구 북북서쪽 6km 지역
2017,139,2017-11-16 00:38:14,2017-11-16,00:38:14,2.0,36.09,129.35,경북 포항시 북구 북북서쪽 6km 지역
2017,138,2017-11-16 00:21:53,2017-11-16,00:21:53,2.4,36.14,129.35,경북 포항시 북구 북쪽 10km 지역
2017,137,2017-11-15 23:18:07,2017-11-15,23:18:07,2.1,36.13,129.38,경북 포항시 북구 북쪽 10km 지역
2017,136,2017-11-15 23:05:16,2017-11-15,23:05:16,2.0,36.10,129.36,경북 포항시 북구 북쪽 6km 지역
2017,135,2017-11-15 22:43:12,2017-11-15,22:43:12,2.1,36.11,129.36,경북 포항시 북구 북쪽 7km 지역
2017,134,2017-11-15 22:24:30,2017-11-15,22:24:30,2.1,36.14,129.38,경북 포항시 북구 북쪽 11km 지역
2017,133,2017-11-15 21:59:27,2017-11-15,21:59:27,2.1,36.14,129.36,경북 포항시 북구 북쪽 10km 지역
2017,132,2017-11-15 20:54:25,2017-11-15,20:54:25,2.4,36.10,129.35,경북 포항시 북구 북북서쪽 7km 지역
2017,131,2017-11-15 18:57:36,2017-11-15,18:57:36,2.3,36.11,129.35,경북 포항시 북구 북북서쪽 8km 지역
2017,130,2017-11-15 18:41:46,2017-11-15,18:41:46,2.1,36.09,129.32,경북 포항시 북구 북서쪽 6km 지역
2017,129,2017-11-15 16:11:01,2017-11-15,16:11:01,2.9,36.13,129.36,경북 포항시 북구 북쪽 10km 지역
2017,128,2017-11-15 15:09:50,2017-11-15,15:09:50,3.5,36.09,129.34,경북 포항시 북구 북북서쪽 6km 지역
2017,127,2017-11-15 15:00:54,2017-11-15,15:00:54,2.9,36.10,129.35,경북 포항시 북구 북쪽 7km 지역
2017,126,2017-11-15 14:56:32,2017-11-15,14:56:32,2.8,36.10,129.35,경북 포항시 북구 북북서쪽 7km 지역
2017,125,2017-11-15 14:52:55,2017-11-15,14:52:55,2.4,36.11,129.35,경북 포항시 북구 북쪽 8km 지역
2017,124,2017-11-15 14:46:00,2017-11-15,14:46:00,2.5,36.12,129.39,경북 포항시 북구 북북동쪽 9km 지역
2017,123,2017-11-15 14:32:59,2017-11-15,14:32:59,3.6,36.10,129.36,경북 포항시 북구 북쪽 7km 지역
2017,122,2017-11-15 14:29:31,2017-11-15,14:29:31,5.4,36.12,129.36,경북 포항시 북구 북쪽 9km 지역
2017,121,2017-11-15 14:22:44,2017-11-15,14:22:44,2.6,36.08,129.31,경북 포항시 북구 북서쪽 7km 지역
2017,120,2017-11-15 14:22:32,2017-11-15,14:22:32,2.2,36.11,129.36,경북 포항시 북구 북쪽 7km 지역
2017,119,2017-11-14 02:17:56,2017-11-14,02:17:56,2.7,37.29,124.82,인천 백령도 남쪽 75km 해역
2017,118,2017-11-11 17:18:51,2017-11-11,17:18:51,2.2,34.84,127.46,전남 순천시 남남서쪽 12km 지역
2017,117,2017-11-09 13:29:42,2017-11-09,13:29:42,2.0,35.75,129.18,경북 경주시 남남서쪽 10km 지역
2017,116,2017-11-08 17:52:49,2017-11-08,17:52:49,2.0,35.16,128.57,경남 창원시 마산합포구 남쪽 4km 지역
2017,115,2017-11-08 09:35:18,2017-11-08,09:35:18,2.5,33.05,126.20,제주 제주시 고산 남쪽 28km 해역
2017,114,2017-10-30 11:02:10,2017-10-30,11:02:10,2.1,36.42,126.48,충남 보령시 북서쪽 15km 해역
2017,113,2017-10-29 02:14:56,2017-10-29,02:14:56,2.2,34.39,127.34,전남 고흥군 남남동쪽 25km 해역
2017,112,2017-10-21 13:11:20,2017-10-21,13:11:20,2.7,33.63,126.05,제주 제주시 고산 북북서쪽 39km 해역
2017,111,2017-10-20 12:20:15,2017-10-20,12:20:15,2.2,38.44,126.16,북한 황해북도 평산 서북서쪽 24km 지역
2017,110,2017-10-20 06:41:59,2017-10-20,06:41:59,2.0,35.90,127.54,전북 진안군 북동쪽 15km 지역
2017,109,2017-10-18 04:56:03,2017-10-18,04:56:03,2.6,36.59,129.45,경북 영덕군 북북동쪽 20km 해역
2017,108,2017-10-16 15:51:15,2017-10-16,15:51:15,2.5,35.79,129.19,경북 경주시 남남서쪽 6km 지역
2017,107,2017-10-16 06:08:45,2017-10-16,06:08:45,2.8,33.86,125.30,전남 신안군 흑산면 남쪽 89km 해역
2017,106,2017-10-13 01:41:08,2017-10-13,01:41:08,2.7,41.39,129.03,북한 함경북도 길주 북북서쪽 54km 지역
2017,105,2017-10-08 12:18:28,2017-10-08,12:18:28,2.8,34.84,127.25,전남 보성군 동북동쪽 17km 지역
2017,104,2017-10-04 12:10:31,2017-10-04,12:10:31,2.1,36.16,127.13,충남 논산시 남동쪽 4km 지역
2017,103,2017-10-04 02:11:48,2017-10-04,02:11:48,2.4,35.56,129.88,울산 동구 동쪽 42km 해역
2017,102,2017-09-30 15:34:31,2017-09-30,15:34:31,2.5,33.42,127.15,제주 서귀포시 성산 동쪽 25km 해역
2017,101,2017-09-23 17:29:18,2017-09-23,17:29:18,3.0,41.14,129.20,북한 함경북도 길주 북북서쪽 23km 지역
2017,100,2017-09-23 17:29:16,2017-09-23,17:29:16,3.2,41.35,129.06,북한 함경북도 길주 북북서쪽 49km 지역
2017,99,2017-09-23 13:43:00,2017-09-23,13:43:00,2.6,41.35,129.06,북한 함경북도 길주 북북서쪽 49km 지역
2017,98,2017-09-16 01:34:06,2017-09-16,01:34:06,2.2,34.25,127.13,전남 여수시 거문도 북서쪽 29km 해역
2017,97,2017-09-11 17:25:57,2017-09-11,17:25:57,3.2,35.29,124.16,전남 신안군 흑산면 서북서쪽 139km 해역
2017,96,2017-09-07 14:58:07,2017-09-07,14:58:07,2.9,37.60,125.34,인천 옹진군 연평도 서남서쪽 33km 해역
2017,95,2017-09-01 05:57:30,2017-09-01,05:57:30,2.1,36.42,127.21,충남 공주시 동남동쪽 9km 지역
2017,94,2017-08-29 22:06:49,2017-08-29,22:06:49,2.4,35.31,125.36,전남 영광군 안마도 서쪽 61km 해역
2017,93,2017-08-21 01:30:16,2017-08-21,01:30:16,2.1,38.82,126.13,북한 평양 동남동쪽 39km 지역
2017,92,2017-08-16 00:35:23,2017-08-16,00:35:23,2.5,38.73,125.69,북한 황해북도 송림 동쪽 5km 지역
2017,91,2017-08-15 21:32:10,2017-08-15,21:32:10,2.6,38.73,125.67,북한 황해북도 송림 동쪽 3km 지역
2017,90,2017-08-09 13:53:43,2017-08-09,13:53:43,2.7,33.87,125.52,전남 신안군 흑산면 남쪽 87km 해역
2017,89,2017-08-07 20:53:09,2017-08-07,20:53:09,2.6,38.70,125.63,북한 황해북도 송림 남남서쪽 4km 지역
2017,88,2017-07-20 14:38:47,2017-07-20,14:38:47,2.0,37.39,129.54,강원 삼척시 동남동쪽 33km 해역
2017,87,2017-07-19 10:23:35,2017-07-19,10:23:35,2.2,33.77,126.12,제주 제주시 북서쪽 48km 해역
2017,86,2017-07-18 10:31:05,2017-07-18,10:31:05,2.7,37.69,126.19,인천 강화군 서남서쪽 27km 해역
2017,85,2017-07-09 03:43:48,2017-07-09,03:43:48,2.6,33.51,125.73,제주 제주시 고산 서북서쪽 47km 해역
2017,84,2017-07-08 23:45:15,2017-07-08,23:45:15,2.8,40.59,127.02,북한 자강도 용림 동북동쪽 23km 지역
2017,83,2017-07-06 06:00:26,2017-07-06,06:00:26,2.4,36.00,127.94,경북 김천시 남서쪽 22km 지역
2017,82,2017-07-05 19:17:30,2017-07-05,19:17:30,2.5,35.99,127.97,경북 김천시 남서쪽 21km 지역
2017,81,2017-06-28 13:00:17,2017-06-28,13:00:17,2.7,40.00,125.81,평안북도 영변 북쪽 22km 지역
2017,80,2017-06-27 20:17:18,2017-06-27,20:17:18,2.0,35.77,129.20,경북 경주시 남남서쪽 8km 지역
2017,79,2017-06-20 11:02:37,2017-06-20,11:02:37,2.0,35.85,129.08,경북 경주시 서쪽 12km 지역
2017,78,2017-06-17 14:30:09,2017-06-17,14:30:09,2.3,33.38,127.21,제주 서귀포시 성산 동쪽 30km 해역
2017,77,2017-06-15 16:56:24,2017-06-15,16:56:24,2.4,36.54,125.07,충남 태안군 서격렬비도 서쪽 42km 해역
2017,76,2017-06-14 02:43:47,2017-06-14,02:43:47,2.2,38.34,126.14,황해북도 평산 서쪽 22km 지역
2017,75,2017-06-13 08:01:51,2017-06-13,08:01:51,2.1,35.74,129.18,경북 경주시 남남서쪽 11km 지역
2017,74,2017-06-11 20:31:52,2017-06-11,20:31:52,2.5,35.77,129.17,경북 경주시 남남서쪽 9km 지역
2017,73,2017-06-11 18:16:53,2017-06-11,18:16:53,2.0,37.28,129.21,강원 삼척시 남남동쪽 19km 지역
2017,72,2017-06-04 05:16:11,2017-06-04,05:16:11,2.1,36.83,128.10,충북 충주시 남동쪽 24km 지역
2017,71,2017-05-28 15:47:38,2017-05-28,15:47:38,2.7,35.67,129.56,울산 북구 동북동쪽 20km 해역
2017,70,2017-05-25 11:20:07,2017-05-25,11:20:07,3.0,36.96,124.40,충남 태안군 서격렬비도 서북서쪽 109km 해역
2017,69,2017-05-20 22:29:33,2017-05-20,22:29:33,2.9,37.73,129.62,강원 동해시 동북동쪽 50km 해역
2017,68,2017-05-20 16:29:02,2017-05-20,16:29:02,2.0,35.92,128.27,경북 성주군 북서쪽 1km 지역
2017,67,2017-05-16 23:29:02,2017-05-16,23:29:02,2.2,36.60,128.92,경북 안동시 동북동쪽 17km 지역
2017,66,2017-05-16 20:06:49,2017-05-16,20:06:49,2.1,36.85,124.55,충남 태안군 서격렬비도 서북서쪽 92km 해역
2017,65,2017-05-13 18:37:23,2017-05-13,18:37:23,2.8,36.61,129.44,경북 영덕군 북북동쪽 23km 해역
2017,64,2017-05-10 22:31:14,2017-05-10,22:31:14,2.1,36.61,129.45,경북 영덕군 북북동쪽 23km 해역
2017,63,2017-05-10 14:06:47,2017-05-10,14:06:47,2.5,35.88,126.19,전북 부안군 위도 북북서쪽 32km 해역
2017,62,2017-05-05 00:02:55,2017-05-05,00:02:55,2.0,36.73,128.10,경북 문경시 북북서쪽 18km 지역
2017,61,2017-05-04 21:46:23,2017-05-04,21:46:23,2.4,36.74,128.10,경북 문경시 북북서쪽 18km 지역
2017,60,2017-05-04 01:08:27,2017-05-04,01:08:27,2.6,36.61,129.44,경북 영덕군 북북동쪽 22km 해역
2017,59,2017-04-28 05:54:29,2017-04-28,05:54:29,2.9,33.33,127.85,제주 서귀포시 성산 동쪽 90km 해역
2017,58,2017-04-20 16:00:21,2017-04-20,16:00:21,3.2,33.77,127.28,전남 여수시 거문도 남쪽 29km 해역
2017,57,2017-04-18 17:36:38,2017-04-18,17:36:38,2.1,35.50,128.88,경남 밀양시 동쪽 12km 지역
2017,56,2017-04-18 01:17:44,2017-04-18,01:17:44,2.0,35.76,129.18,경북 경주시 남남서쪽 9km 지역
2017,55,2017-04-16 21:39:21,2017-04-16,21:39:21,2.2,36.70,125.18,충남 태안군 서격렬비도 서북서쪽 33km 해역
2017,54,2017-04-15 17:16:47,2017-04-15,17:16:47,2.0,36.11,129.37,경북 포항시 북구 북쪽 8km 지역
2017,53,2017-04-15 11:31:13,2017-04-15,11:31:13,3.1,36.11,129.36,경북 포항시 북구 북쪽 8km 지역
2017,52,2017-04-15 05:41:52,2017-04-15,05:41:52,2.2,35.76,129.18,경북 경주시 남남서쪽 9km 지역
2017,51,2017-04-10 04:02:49,2017-04-10,04:02:49,2.3,35.16,128.77,경남 창원시 진해구 동북동쪽 6km 지역
2017,50,2017-04-09 14:12:45,2017-04-09,14:12:45,2.4,38.99,126.20,평안남도 성천 남쪽 28km 지역
2017,49,2017-04-09 01:45:53,2017-04-09,01:45:53,2.1,35.76,129.20,경북 경주시 남쪽 9km 지역
2017,48,2017-04-08 23:13:13,2017-04-08,23:13:13,2.1,38.75,125.63,황해북도 송림 북북서쪽 2km 지역
2017,47,2017-04-08 18:20:49,2017-04-08,18:20:49,2.7,35.76,129.18,경북 경주시 남남서쪽 9km 지역
2017,46,2017-04-07 00:04:09,2017-04-07,00:04:09,2.0,35.97,127.80,전북 무주군 동남동쪽 13km 지역
2017,45,2017-04-04 23:25:50,2017-04-04,23:25:50,2.2,35.67,130.00,울산 동구 동북동쪽 56km 해역
2017,44,2017-04-01 16:04:16,2017-04-01,16:04:16,2.2,35.78,129.20,경북 경주시 남남서쪽 7km 지역
2017,43,2017-03-31 13:53:28,2017-03-31,13:53:28,2.5,35.79,129.19,경북 경주시 남남서쪽 6km 지역
2017,42,2017-03-31 13:46:09,2017-03-31,13:46:09,3.3,35.78,129.20,경북 경주시 남남서쪽 7km 지역
2017,41,2017-03-30 21:49:53,2017-03-30,21:49:53,2.0,35.76,129.19,경북 경주시 남남서쪽 9km 지역
2017,40,2017-03-28 15:45:38,2017-03-28,15:45:38,2.0,35.79,129.20,경북 경주시 남남서쪽 5km 지역
2017,39,2017-03-28 00:48:39,2017-03-28,00:48:39,2.2,37.17,125.48,인천 옹진군 연평도 남남서쪽 58km 해역
2017,38,2017-03-27 09:28:26,2017-03-27,09:28:26,2.0,35.21,126.95,광주 북구 북동쪽 5km 지역
2017,37,2017-03-21 23:19:48,2017-03-21,23:19:48,2.4,38.52,126.03,황해북도 사리원 동쪽 23km 지역
2017,36,2017-03-19 03:01:14,2017-03-19,03:01:14,2.9,33.32,127.18,제주 서귀포시 성산 동남동쪽 29km 해역
2017,35,2017-03-15 23:56:05,2017-03-15,23:56:05,2.4,37.73,129.69,강원 동해시 동북동쪽 56km 해역
2017,34,2017-03-14 05:41:43,2017-03-14,05:41:43,2.1,34.64,127.78,전남 여수시 남동쪽 17km 지역
2017,33,2017-03-09 02:24:31,2017-03-09,02:24:31,2.0,35.82,129.78,경북 포항시 남구 동남동쪽 43km 해역
2017,32,2017-03-07 06:53:36,2017-03-07,06:53:36,2.6,37.75,129.71,강원 동해시 동북동쪽 58km 해역
2017,31,2017-03-07 03:48:07,2017-03-07,03:48:07,2.2,36.30,128.23,경북 구미시 북북서쪽 23km 지역
2017,30,2017-03-05 19:19:07,2017-03-05,19:19:07,2.1,37.77,129.70,강원 동해시 동북동쪽 58km 해역
2017,29,2017-03-05 15:09:40,2017-03-05,15:09:40,2.1,37.72,129.59,강원 동해시 동북동쪽 47km 해역
2017,28,2017-03-05 07:52:04,2017-03-05,07:52:04,2.4,35.75,129.17,경북 경주시 남남서쪽 11km 지역
2017,27,2017-03-04 06:33:12,2017-03-04,06:33:12,2.3,35.99,127.95,경북 김천시 남서쪽 22km 지역
2017,26,2017-02-25 06:58:44,2017-02-25,06:58:44,2.2,35.74,129.17,경북 경주시 남남서쪽 12km 지역
2017,25,2017-02-24 12:29:38,2017-02-24,12:29:38,2.5,38.89,126.09,평양(북한) 동남동쪽 33km 지역
2017,24,2017-02-24 11:34:44,2017-02-24,11:34:44,2.3,36.38,127.79,충북 옥천군 동북동쪽 21km 지역
2017,23,2017-02-23 21:03:51,2017-02-23,21:03:51,3.1,37.40,124.89,인천 백령도 남남동쪽 64km 해역
2017,22,2017-02-22 13:08:50,2017-02-22,13:08:50,2.1,35.77,129.18,경북 경주시 남남서쪽 8km 지역
2017,21,2017-02-21 03:21:11,2017-02-21,03:21:11,2.1,35.76,129.20,경북 경주시 남쪽 9km 지역
2017,20,2017-02-18 20:58:19,2017-02-18,20:58:19,2.4,35.23,126.94,광주 북구 북북동쪽 7km 지역
2017,19,2017-02-18 16:53:49,2017-02-18,16:53:49,2.0,33.23,126.18,제주 서귀포시 서쪽 35km 해역
2017,18,2017-02-16 02:34:56,2017-02-16,02:34:56,2.9,35.78,129.20,경북 경주시 남남서쪽 7km 지역
2017,17,2017-02-12 09:22:27,2017-02-12,09:22:27,2.3,35.69,129.58,울산 북구 동북동쪽 23km 해역
2017,16,2017-02-10 18:01:35,2017-02-10,18:01:35,2.6,38.54,125.84,황해북도 사리원 동북동쪽 8km 지역
2017,15,2017-02-10 05:22:41,2017-02-10,05:22:41,2.2,35.65,129.57,울산 북구 동북동쪽 20km 해역
2017,14,2017-02-05 20:06:15,2017-02-05,20:06:15,2.6,39.61,127.64,함경남도 함흥 남남동쪽 34km 해역
2017,13,2017-01-29 13:45:53,2017-01-29,13:45:53,2.6,38.70,127.16,강원 평강(북한) 북북서쪽 34km 지역
2017,12,2017-01-26 22:53:38,2017-01-26,22:53:38,2.0,33.54,126.87,제주 제주시 동쪽 32km 해역
2017,11,2017-01-24 04:07:56,2017-01-24,04:07:56,2.6,35.77,129.17,경북 경주시 남남서쪽 9km 지역
2017,10,2017-01-21 03:27:38,2017-01-21,03:27:38,2.6,35.75,129.18,경북 경주시 남남서쪽 10km 지역
2017,9,2017-01-18 12:49:53,2017-01-18,12:49:53,2.5,35.02,125.06,전남 신안군 흑산면 북서쪽 56km 해역
2017,8,2017-01-17 16:06:56,2017-01-17,16:06:56,2.8,38.71,125.86,황해북도 송림 동쪽 20km 지역
2017,7,2017-01-16 19:54:13,2017-01-16,19:54:13,2.1,36.33,126.59,충남 보령시 서쪽 2km 지역
2017,6,2017-01-16 06:57:31,2017-01-16,06:57:31,2.7,33.64,127.51,전남 여수시 거문도 남남동쪽 47km 해역
2017,5,2017-01-11 00:10:05,2017-01-11,00:10:05,2.1,36.44,128.42,경북 의성군 서북서쪽 27km 지역
2017,4,2017-01-07 06:37:41,2017-01-07,06:37:41,2.4,38.69,125.73,황해북도 송림 동남동쪽 10km 지역
2017,3,2017-01-06 05:33:23,2017-01-06,05:33:23,2.2,35.75,129.18,경북 경주시 남남서쪽 10km 지역
2017,2,2017-01-06 05:31:13,2017-01-06,05:31:13,3.3,35.75,129.17,경북 경주시 남남서쪽 11km 지역
2017,1,2017-01-04 05:00:50,2017-01-04,05:00:50,2.5,36.58,129.24,경북 영덕군 북북서쪽 22km 지역
2018,110,2018-12-27 03:10:48,2018-12-27,03:10:48,2.0,36.99,128.89,경북 봉화군 북동쪽 18km 지역
2018,109,2018-12-21 16:06:12,2018-12-21,16:06:12,2.7,35.76,127.95,경남 거창군 북북동쪽 9km 지역
2018,108,2018-12-20 13:23:24,2018-12-20,13:23:24,2.0,35.88,129.69,경북 포항시 남구 동남동쪽 33km 해역
2018,107,2018-12-12 03:43:04,2018-12-12,03:43:04,2.3,35.72,126.78,전북 부안군 동남동쪽 4km 지역
2018,106,2018-12-09 14:06:18,2018-12-09,14:06:18,2.2,35.86,129.69,경북 포항시 남구 동남동쪽 34km 해역
2018,105,2018-12-08 04:16:41,2018-12-08,04:16:41,2.4,36.31,128.25,경북 구미시 북북서쪽 23km 지역
2018,104,2018-12-05 08:28:20,2018-12-05,08:28:20,2.5,36.45,129.62,경북 영덕군 동쪽 23km 해역
2018,103,2018-12-05 08:01:08,2018-12-05,08:01:08,2.1,36.45,129.62,경북 영덕군 동쪽 23km 해역
2018,102,2018-11-29 14:52:39,2018-11-29,14:52:39,2.1,37.32,129.69,경북 울진군 북동쪽 44km 해역
2018,101,2018-11-29 03:05:23,2018-11-29,03:05:23,3.3,34.94,124.53,전남 신안군 흑산도 서북서쪽 92km 해역
2018,100,2018-11-25 23:27:27,2018-11-25,23:27:27,2.1,33.15,126.09,제주 서귀포시 서남서쪽 45km 해역
2018,99,2018-11-25 02:58:33,2018-11-25,02:58:33,2.2,38.73,125.92,북한 황해북도 송림 동쪽 25km 지역
2018,98,2018-11-24 08:16:44,2018-11-24,08:16:44,2.9,38.70,127.16,북한 강원 평강 북북서쪽 34km 지역
2018,97,2018-11-22 18:36:18,2018-11-22,18:36:18,2.2,35.91,129.71,경북 포항시 남구 동남동쪽 33km 해역
2018,96,2018-11-20 14:10:27,2018-11-20,14:10:27,2.3,33.52,127.29,전남 여수시 거문도 남쪽 57km 해역
2018,95,2018-11-19 03:34:49,2018-11-19,03:34:49,2.1,36.42,127.30,대전 유성구 북서쪽 8km 지역
2018,94,2018-11-05 12:07:15,2018-11-05,12:07:15,3.1,37.85,124.87,북한 황해남도 옹진군 남서쪽 44km 해역
2018,93,2018-11-05 12:01:55,2018-11-05,12:01:55,3.2,37.80,124.90,북한 황해남도 옹진군 남서쪽 43km 해역
2018,92,2018-11-04 17:04:44,2018-11-04,17:04:44,2.5,36.08,128.25,경북 김천시 동남동쪽 14km 지역
2018,91,2018-10-25 05:53:46,2018-10-25,05:53:46,2.3,35.76,129.19,경북 경주시 남남서쪽 9km 지역
2018,90,2018-10-24 15:14:21,2018-10-24,15:14:21,2.2,38.04,125.37,북한 황해남도 옹진 북쪽 12km 지역
2018,89,2018-10-22 12:09:26,2018-10-22,12:09:26,2.1,35.61,124.94,전북 군산시 어청도 서남서쪽 109km 해역
2018,88,2018-10-20 01:22:40,2018-10-20,01:22:40,2.6,37.26,129.96,경북 울진군 동북동쪽 58km 해역
2018,87,2018-10-17 03:14:44,2018-10-17,03:14:44,2.0,36.16,127.30,충남 논산시 동쪽 18km 지역
2018,86,2018-10-14 14:46:03,2018-10-14,14:46:03,2.4,37.49,124.58,인천 옹진군 백령도 남쪽 52km 해역
2018,85,2018-10-12 16:43:00,2018-10-12,16:43:00,2.3,38.67,127.18,북한 강원 평강 북북서쪽 30km 지역
2018,84,2018-09-27 12:24:32,2018-09-27,12:24:32,2.4,38.74,125.70,북한 황해북도 송림 동쪽 6km 지역
2018,83,2018-09-25 04:05:47,2018-09-25,04:05:47,2.5,33.46,125.80,제주 제주시 서쪽 68km 해역
2018,82,2018-09-24 17:38:25,2018-09-24,17:38:25,2.8,40.20,127.70,북한 함경남도 신흥 북동쪽 30km 지역
2018,81,2018-09-17 10:52:48,2018-09-17,10:52:48,2.4,36.05,129.69,경북 포항시 북구 동쪽 29km 해역
2018,80,2018-09-15 21:45:44,2018-09-15,21:45:44,2.4,37.07,129.91,경북 울진군 동쪽 46km 해역
2018,79,2018-09-14 09:08:13,2018-09-14,09:08:13,2.2,36.78,128.36,경북 문경시 북동쪽 26km 지역
2018,78,2018-08-29 05:01:29,2018-08-29,05:01:29,2.5,37.00,129.32,경북 울진군 서쪽 7km 지역
2018,77,2018-08-24 21:28:24,2018-08-24,21:28:24,2.1,34.33,127.42,전남 고흥군 남남동쪽 34km 해역
2018,76,2018-08-24 02:57:16,2018-08-24,02:57:16,2.6,37.92,125.68,북한 황해남도 해주 남남서쪽 14km 지역
2018,75,2018-08-15 03:01:59,2018-08-15,03:01:59,2.7,37.30,130.92,경북 울릉군 울릉도 남쪽 21km 해역
2018,74,2018-08-10 21:41:19,2018-08-10,21:41:19,2.4,33.21,127.53,제주 서귀포시 동쪽 90km 해역
2018,73,2018-08-09 00:23:08,2018-08-09,00:23:08,2.1,37.03,125.27,충남 태안군 서격렬비도 북북서쪽 53km 해역
2018,72,2018-08-09 00:21:24,2018-08-09,00:21:24,2.1,37.03,125.30,충남 태안군 서격렬비도 북북서쪽 51km 해역
2018,71,2018-07-22 13:59:11,2018-07-22,13:59:11,2.6,33.43,125.93,제주 제주시 서쪽 56km 해역
2018,70,2018-07-21 23:30:47,2018-07-21,23:30:47,2.2,34.47,127.25,전남 고흥군 남남서쪽 16km 해역
2018,69,2018-07-20 12:29:33,2018-07-20,12:29:33,2.3,35.84,129.79,경북 포항시 남구 동남동쪽 43km 해역
2018,68,2018-07-20 12:14:33,2018-07-20,12:14:33,2.4,36.01,126.16,전북 군산시 어청도 남동쪽 21km 해역
2018,67,2018-07-19 05:52:11,2018-07-19,05:52:11,2.5,35.83,129.80,경북 포항시 남구 동남동쪽 44km 해역
2018,66,2018-07-17 20:19:12,2018-07-17,20:19:12,2.7,35.91,127.81,전북 무주군 남동쪽 17km 지역
2018,65,2018-07-04 04:39:40,2018-07-04,04:39:40,2.1,37.30,127.70,경기 여주시 동쪽 6km 지역
2018,64,2018-07-01 15:33:22,2018-07-01,15:33:22,2.2,37.63,129.48,강원 삼척시 북동쪽 34km 해역
2018,63,2018-06-28 21:03:26,2018-06-28,21:03:26,2.2,36.99,125.25,충남 태안군 서격렬비도 북북서쪽 50km 해역
2018,62,2018-06-28 18:43:00,2018-06-28,18:43:00,2.7,38.18,127.34,강원 철원군 북북동쪽 4km 지역
2018,61,2018-06-20 23:06:49,2018-06-20,23:06:49,2.1,34.90,124.81,전남 신안군 흑산면 서북서쪽 66km 해역
2018,60,2018-06-16 21:05:25,2018-06-16,21:05:25,2.3,37.19,129.08,강원 삼척시 남남서쪽 30km 지역
2018,59,2018-06-15 11:10:02,2018-06-15,11:10:02,2.1,36.39,128.49,경북 의성군 서북서쪽 19km 지역
2018,58,2018-06-09 17:38:46,2018-06-09,17:38:46,2.3,35.87,129.73,경북 포항시 남구 동남동쪽 37km 해역
2018,57,2018-05-31 16:38:15,2018-05-31,16:38:15,2.8,38.53,127.68,북한 강원 회양 남남동쪽 21km 지역
2018,56,2018-05-31 00:13:22,2018-05-31,00:13:22,2.6,36.22,129.38,경북 포항시 북구 북쪽 20km 지역
2018,55,2018-05-22 00:12:41,2018-05-22,00:12:41,2.2,36.37,129.49,경북 영덕군 동남동쪽 12km 해역
2018,54,2018-05-20 13:58:31,2018-05-20,13:58:31,2.0,34.16,125.61,전남 신안군 흑산면 남남동쪽 56km 해역
2018,53,2018-05-14 02:07:38,2018-05-14,02:07:38,2.5,33.62,125.58,제주 제주시 고산 서북서쪽 65km 해역
2018,52,2018-05-07 01:52:08,2018-05-07,01:52:08,2.0,36.72,128.37,경북 예천군 북서쪽 10km 지역
2018,51,2018-05-04 19:20:49,2018-05-04,19:20:49,2.0,36.10,127.70,충북 영동군 남서쪽 11km 지역
2018,50,2018-05-02 12:34:36,2018-05-02,12:34:36,2.5,36.56,127.64,충북 보은군 북서쪽 11km 지역
2018,49,2018-05-01 19:09:05,2018-05-01,19:09:05,2.0,35.77,129.20,경북 경주시 남쪽 8km 지역
2018,48,2018-04-24 05:20:32,2018-04-24,05:20:32,2.5,37.06,125.92,인천 옹진군 덕적도 남서쪽 27km 해역
2018,47,2018-04-23 13:10:21,2018-04-23,13:10:21,2.4,33.21,126.40,제주 서귀포시 서남서쪽 16km 해역
2018,46,2018-04-23 04:31:17,2018-04-23,04:31:17,2.3,41.35,129.12,북한 함경북도 길주 북북서쪽 47km 지역
2018,45,2018-04-09 12:15:40,2018-04-09,12:15:40,2.4,35.76,129.19,경북 경주시 남남서쪽 8km 지역
2018,44,2018-04-06 21:09:11,2018-04-06,21:09:11,2.6,36.08,129.82,경북 포항시 북구 동쪽 41km 해역
2018,43,2018-03-31 00:20:12,2018-03-31,00:20:12,2.0,36.10,129.36,경북 포항시 북구 북쪽 7km 지역
2018,42,2018-03-26 09:40:39,2018-03-26,09:40:39,2.7,37.78,124.83,인천 백령도 남동쪽 24km 해역
2018,41,2018-03-16 18:02:47,2018-03-16,18:02:47,2.7,36.10,129.35,경북 포항시 북구 북북서쪽 7km 지역
2018,40,2018-03-16 00:23:23,2018-03-16,00:23:23,2.0,36.98,128.42,충북 단양군 동남동쪽 5km 지역
2018,39,2018-03-10 01:31:39,2018-03-10,01:31:39,2.8,36.14,129.37,경북 포항시 북구 북쪽 11km 지역
2018,38,2018-03-09 18:05:37,2018-03-09,18:05:37,2.2,36.95,126.45,충남 서산시 북쪽 18km 지역
2018,37,2018-03-08 23:38:41,2018-03-08,23:38:41,2.0,35.31,127.32,전남 곡성군 북동쪽 4km 지역
2018,36,2018-03-08 23:16:47,2018-03-08,23:16:47,2.0,35.30,127.33,전남 곡성군 동북동쪽 4km 지역
2018,35,2018-03-04 00:52:47,2018-03-04,00:52:47,2.6,38.13,130.33,경북 울릉군 북서쪽 88km 해역
2018,34,2018-02-27 13:14:43,2018-02-27,13:14:43,2.2,37.02,124.87,충남 태안군 서격렬비도 북서쪽 75km 해역
2018,33,2018-02-26 11:06:57,2018-02-26,11:06:57,2.5,34.52,125.32,전남 신안군 흑산면 남서쪽 20km 해역
2018,32,2018-02-26 02:23:03,2018-02-26,02:23:03,2.4,33.97,126.87,전남 완도군 남남동쪽 39km 해역
2018,31,2018-02-18 03:34:27,2018-02-18,03:34:27,2.4,36.07,129.33,경북 포항시 북구 북서쪽 4km 지역
2018,30,2018-02-17 23:38:56,2018-02-17,23:38:56,2.2,36.10,129.35,경북 포항시 북구 북북서쪽 6km 지역
2018,29,2018-02-17 21:31:18,2018-02-17,21:31:18,2.6,36.09,129.33,경북 포항시 북구 북북서쪽 6km 지역
2018,28,2018-02-17 18:35:48,2018-02-17,18:35:48,2.0,36.11,129.37,경북 포항시 북구 북쪽 8km 지역
2018,27,2018-02-14 02:14:26,2018-02-14,02:14:26,2.3,37.80,125.38,북한 황해남도 옹진 남쪽 14km 해역
2018,26,2018-02-13 10:32:10,2018-02-13,10:32:10,2.2,36.12,129.37,경북 포항시 북구 북쪽 9km 지역
2018,25,2018-02-13 06:30:12,2018-02-13,06:30:12,2.6,36.07,129.33,경북 포항시 북구 북서쪽 5km 지역
2018,24,2018-02-11 12:49:37,2018-02-11,12:49:37,2.4,36.08,129.33,경북 포항시 북구 북서쪽 5km 지역
2018,23,2018-02-11 12:14:28,2018-02-11,12:14:28,2.1,36.08,129.32,경북 포항시 북구 북서쪽 6km 지역
2018,22,2018-02-11 08:11:38,2018-02-11,08:11:38,2.1,36.08,129.34,경북 포항시 북구 북북서쪽 5km 지역
2018,21,2018-02-11 05:38:06,2018-02-11,05:38:06,2.1,36.09,129.32,경북 포항시 북구 북서쪽 7km 지역
2018,20,2018-02-11 05:03:03,2018-02-11,05:03:03,4.6,36.08,129.33,경북 포항시 북구 북서쪽 5km 지역
2018,19,2018-02-10 01:32:38,2018-02-10,01:32:38,2.4,36.60,125.76,충남 태안군 서격렬비도 동쪽 20km 해역
2018,18,2018-02-09 00:43:45,2018-02-09,00:43:45,2.5,33.92,125.22,전남 신안군 흑산면 남남서쪽 85km 해역
2018,17,2018-02-08 09:56:49,2018-02-08,09:56:49,2.7,35.10,124.99,전남 신안군 흑산면 북서쪽 67km 해역
2018,16,2018-02-08 06:46:01,2018-02-08,06:46:01,2.7,41.32,129.09,북한 함경북도 길주 북북서쪽 45km 지역
2018,15,2018-02-06 19:53:53,2018-02-06,19:53:53,2.6,41.33,129.10,북한 함경북도 길주 북북서쪽 46km 지역
2018,14,2018-02-06 09:18:33,2018-02-06,09:18:33,2.5,36.08,129.33,경북 포항시 북구 북서쪽 5km 지역
2018,13,2018-02-04 22:20:35,2018-02-04,22:20:35,2.3,36.06,129.31,경북 포항시 북구 서북서쪽 5km 지역
2018,12,2018-02-04 18:50:25,2018-02-04,18:50:25,2.8,36.37,127.62,충북 옥천군 북북동쪽 8km 지역
2018,11,2018-02-04 15:43:38,2018-02-04,15:43:38,2.1,36.11,129.36,경북 포항시 북구 북쪽 8km 지역
2018,10,2018-02-03 12:35:01,2018-02-03,12:35:01,2.6,33.77,127.40,전남 여수시 거문도 남남동쪽 30km 해역
2018,9,2018-02-03 11:12:18,2018-02-03,11:12:18,2.0,36.14,129.36,경북 포항시 북구 북쪽 11km 지역
2018,8,2018-02-02 12:21:12,2018-02-02,12:21:12,2.9,36.12,129.37,경북 포항시 북구 북쪽 9km 지역
2018,7,2018-01-28 20:07:06,2018-01-28,20:07:06,3.2,40.24,127.30,북한 함경남도 장진 남남동쪽 16km 지역
2018,6,2018-01-24 01:25:17,2018-01-24,01:25:17,2.4,34.32,127.32,전남 여수시 거문도 북쪽 32km 해역
2018,5,2018-01-10 18:42:59,2018-01-10,18:42:59,2.0,36.26,127.34,대전 서구 남남서쪽 12km 지역
2018,4,2018-01-09 16:17:51,2018-01-09,16:17:51,2.1,33.98,127.11,전남 여수시 거문도 서남서쪽 19km 해역
2018,3,2018-01-06 02:47:16,2018-01-06,02:47:16,2.2,37.71,125.94,인천 옹진군 연평도 동북동쪽 21km 해역
2018,2,2018-01-01 19:11:53,2018-01-01,19:11:53,2.0,36.11,129.36,경북 포항시 북구 북쪽 8km 지역
2018,1,2018-01-01 18:35:01,2018-01-01,18:35:01,2.1,38.33,126.16,북한 황해북도 평산 서쪽 20km 지역
2019,88,2019-12-30 01:44:02,2019-12-30,01:44:02,2.1,35.56,128.90,경남 밀양시 동북동쪽 15km 지역
2019,87,2019-12-30 00:32:08,2019-12-30,00:32:08,3.5,35.56,128.90,경남 밀양시 동북동쪽 15km 지역
2019,86,2019-12-29 08:43:26,2019-12-29,08:43:26,2.3,33.33,127.16,제주 서귀포시 동쪽 56km 해역
2019,85,2019-12-24 06:19:16,2019-12-24,06:19:16,2.4,33.29,127.16,제주 서귀포시 동쪽 56km 해역
2019,84,2019-12-17 16:00:30,2019-12-17,16:00:30,2.1,38.01,126.00,북한 황해남도 해주 동쪽 25km 지역
2019,83,2019-12-15 14:15:40,2019-12-15,14:15:40,2.0,37.16,126.22,충남 서산시 북북서쪽 46km 해역
2019,82,2019-12-12 20:29:55,2019-12-12,20:29:55,2.1,33.55,126.92,제주 제주시 동쪽 36km 해역
2019,81,2019-12-08 12:09:24,2019-12-08,12:09:24,2.0,35.12,124.96,전남 신안군 흑산도 북서쪽 70km 해역
2019,80,2019-12-04 17:19:20,2019-12-04,17:19:20,2.6,33.94,124.70,전남 신안군 흑산도 남서쪽 106km 해역
2019,79,2019-11-29 12:04:43,2019-11-29,12:04:43,2.0,36.86,129.79,경북 울진군 동남동쪽 38km 해역
2019,78,2019-11-21 19:55:50,2019-11-21,19:55:50,2.4,33.83,128.09,전남 여수시 거문도 동남동쪽 75km 해역
2019,77,2019-11-21 06:08:07,2019-11-21,06:08:07,2.3,35.13,124.93,전남 신안군 흑산도 북서쪽 73km 해역
2019,76,2019-11-09 23:14:14,2019-11-09,23:14:14,2.4,37.62,124.65,인천 옹진군 백령도 남쪽 37km 해역
2019,75,2019-10-31 16:29:34,2019-10-31,16:29:34,2.1,37.24,126.11,인천 옹진군 서남서쪽 52km 지역
2019,74,2019-10-30 02:01:41,2019-10-30,02:01:41,2.3,36.68,128.61,경북 안동시 북서쪽 16km 지역
2019,73,2019-10-27 15:37:26,2019-10-27,15:37:26,3.4,35.41,128.49,경남 창녕군 남쪽 15km 지역
2019,72,2019-10-20 00:05:10,2019-10-20,00:05:10,2.2,33.41,125.13,제주 제주시 서쪽 130km 해역
2019,71,2019-10-15 22:30:59,2019-10-15,22:30:59,2.4,38.78,125.72,북한 황해북도 송림 동북동쪽 9km 지역
2019,70,2019-10-13 19:52:44,2019-10-13,19:52:44,2.0,36.53,129.65,경북 영덕군 동북동쪽 28km 해역
2019,69,2019-10-12 20:46:03,2019-10-12,20:46:03,2.5,35.18,129.77,울산 동구 남동쪽 48km 해역
2019,68,2019-10-04 03:57:23,2019-10-04,03:57:23,2.6,35.47,128.86,경남 밀양시 동남동쪽 11km 지역
2019,67,2019-10-02 22:36:57,2019-10-02,22:36:57,2.3,38.79,125.78,북한 황해북도 송림 동북동쪽 14km 지역
2019,66,2019-09-26 02:57:31,2019-09-26,02:57:31,2.3,36.09,129.33,경북 포항시 북구 북북서쪽 6km 지역
2019,65,2019-09-22 11:07:27,2019-09-22,11:07:27,3.3,34.16,125.16,전남 신안군 흑산도 남남서쪽 62km 해역
2019,64,2019-09-21 15:11:16,2019-09-21,15:11:16,3.5,38.67,127.17,북한 강원 평강 북북서쪽 31km 지역
2019,63,2019-09-19 18:19:05,2019-09-19,18:19:05,2.6,33.61,125.01,전남 신안군 흑산도 남남서쪽 123km 해역
2019,62,2019-09-11 04:52:07,2019-09-11,04:52:07,2.0,38.13,127.09,경기 연천군 북북동쪽 4km 지역
2019,61,2019-09-07 23:38:06,2019-09-07,23:38:06,2.0,35.48,129.54,울산 동구 동남동쪽 12km 해역
2019,60,2019-09-01 12:58:34,2019-09-01,12:58:34,2.3,39.51,126.10,북한 평안남도 개천 남동쪽 27km 지역
2019,59,2019-08-28 14:22:29,2019-08-28,14:22:29,2.5,36.24,130.01,경북 영덕군 동남동쪽 61km 해역
2019,58,2019-08-23 19:50:48,2019-08-23,19:50:48,2.7,37.96,124.69,인천 옹진군 백령도 북동쪽 1km 지역
2019,57,2019-08-20 10:34:52,2019-08-20,10:34:52,2.8,33.57,124.81,전남 신안군 흑산도 남남서쪽 135km 해역
2019,56,2019-08-11 18:19:50,2019-08-11,18:19:50,2.1,37.97,124.63,인천 옹진군 백령도 서북서쪽 5km 지역
2019,55,2019-08-10 22:45:57,2019-08-10,22:45:57,2.3,33.78,126.92,전남 여수시 거문도 남서쪽 45km 해역
2019,54,2019-08-09 19:30:43,2019-08-09,19:30:43,2.2,39.32,124.65,북한 평안북도 철산 남쪽 50km 해역
2019,53,2019-07-30 05:45:15,2019-07-30,05:45:15,2.1,35.00,128.30,경남 고성군 북서쪽 4km 지역
2019,52,2019-07-25 01:46:09,2019-07-25,01:46:09,2.7,37.37,129.85,경북 울진군 북동쪽 58km 해역
2019,51,2019-07-22 01:15:45,2019-07-22,01:15:45,2.0,35.82,125.56,전북 군산시 어청도 남서쪽 50km 해역
2019,50,2019-07-21 11:04:18,2019-07-21,11:04:18,3.9,36.50,128.10,경북 상주시 북북서쪽 11km 지역
2019,49,2019-07-20 00:38:40,2019-07-20,00:38:40,2.0,36.33,128.08,경북 상주시 남서쪽 11km 지역
2019,48,2019-07-10 01:55:40,2019-07-10,01:55:40,2.1,38.70,125.73,북한 황해북도 송림 동남동쪽 9km 지역
2019,47,2019-07-08 14:04:43,2019-07-08,14:04:43,2.3,37.91,129.57,강원 동해시 북동쪽 59km 해역
2019,46,2019-07-02 20:51:51,2019-07-02,20:51:51,2.7,35.88,129.69,경북 포항시 남구 동남동쪽 33km 해역
2019,45,2019-06-27 15:39:45,2019-06-27,15:39:45,2.3,38.77,125.71,북한 황해북도 송림 동북동쪽 8km 지역
2019,44,2019-06-27 15:37:27,2019-06-27,15:37:27,2.5,38.80,125.71,북한 황해북도 송림 북동쪽 10km 지역
2019,43,2019-06-27 15:19:51,2019-06-27,15:19:51,3.9,38.80,125.69,북한 황해북도 송림 북동쪽 9km 지역
2019,42,2019-06-23 18:41:15,2019-06-23,18:41:15,2.4,36.69,128.41,경북 예천군 북서쪽 5km 지역
2019,41,2019-06-23 13:15:09,2019-06-23,13:15:09,2.4,38.75,125.73,북한 황해북도 송림 동쪽 8km 지역
2019,40,2019-06-23 05:26:22,2019-06-23,05:26:22,3.4,38.81,125.70,북한 황해북도 송림 북동쪽 10km 지역
2019,39,2019-06-22 05:49:36,2019-06-22,05:49:36,3.4,38.81,125.70,북한 황해북도 송림 북동쪽 10km 지역
2019,38,2019-06-22 05:43:59,2019-06-22,05:43:59,2.7,38.81,125.71,북한 황해북도 송림 북동쪽 10km 지역
2019,37,2019-06-21 13:20:41,2019-06-21,13:20:41,2.5,38.81,125.68,북한 황해북도 송림 북북동쪽 9km 지역
2019,36,2019-06-15 22:07:11,2019-06-15,22:07:11,2.2,35.71,126.36,전북 부안군 서쪽 34km 해역
2019,35,2019-06-11 23:18:53,2019-06-11,23:18:53,2.5,35.76,129.19,경북 경주시 남남서쪽 9km 지역
2019,34,2019-05-17 11:08:33,2019-05-17,11:08:33,2.4,38.37,126.30,북한 황해북도 평산 서북서쪽 9km 지역
2019,33,2019-05-16 00:35:45,2019-05-16,00:35:45,3.3,39.15,126.47,북한 평안남도 양덕 서남서쪽 16km 지역
2019,32,2019-05-13 23:50:38,2019-05-13,23:50:38,2.4,33.35,127.17,제주 서귀포시 동쪽 58km 해역
2019,31,2019-05-10 16:05:58,2019-05-10,16:05:58,2.0,36.56,129.64,경북 영덕군 동북동쪽 29km 해역
2019,30,2019-05-05 16:57:04,2019-05-05,16:57:04,2.1,36.55,129.54,경북 영덕군 북동쪽 22km 해역
2019,29,2019-05-04 05:43:15,2019-05-04,05:43:15,2.4,37.42,124.56,인천 옹진군 백령도 남쪽 60km 해역
2019,28,2019-04-27 01:10:06,2019-04-27,01:10:06,2.5,33.79,126.09,제주 제주시 북서쪽 52km 해역
2019,27,2019-04-22 05:45:19,2019-04-22,05:45:19,3.8,36.86,129.80,경북 울진군 동남동쪽 38km 해역
2019,26,2019-04-19 11:16:43,2019-04-19,11:16:43,4.3,37.88,129.54,강원 동해시 북동쪽 54km 해역
2019,25,2019-03-28 16:21:56,2019-03-28,16:21:56,2.2,33.62,126.94,제주 제주시 동북동쪽 40km 해역
2019,24,2019-03-21 07:13:35,2019-03-21,07:13:35,2.7,37.56,125.20,북한 황해남도 옹진 남남서쪽 43km 해역
2019,23,2019-03-21 04:41:05,2019-03-21,04:41:05,2.8,41.31,129.08,북한 함경북도 길주 북북서쪽 45km 지역
2019,22,2019-03-19 05:31:06,2019-03-19,05:31:06,2.2,38.01,126.00,북한 황해남도 해주 동쪽 25km 지역
2019,21,2019-03-17 19:28:00,2019-03-17,19:28:00,2.3,36.34,127.87,충북 옥천군 동쪽 27km 지역
2019,20,2019-03-13 12:20:20,2019-03-13,12:20:20,2.4,33.63,126.93,제주 제주시 동북동쪽 40km 해역
2019,19,2019-03-11 04:27:00,2019-03-11,04:27:00,2.4,33.47,126.40,제주 제주시 서남서쪽 13km 지역
2019,18,2019-03-09 15:06:45,2019-03-09,15:06:45,2.0,36.82,128.73,경북 봉화군 남쪽 8km 지역
2019,17,2019-03-03 14:25:57,2019-03-03,14:25:57,2.5,39.63,127.12,북한 함경남도 금야 북서쪽 15km 지역
2019,16,2019-02-27 21:22:35,2019-02-27,21:22:35,2.2,37.31,124.74,인천 옹진군 백령도 남쪽 72km 해역
2019,15,2019-02-25 09:30:34,2019-02-25,09:30:34,2.9,36.77,129.03,경북 영양군 북북서쪽 14km 지역
2019,14,2019-02-20 22:14:47,2019-02-20,22:14:47,2.9,36.51,125.50,충남 태안군 서격렬비도 남남서쪽 12km 해역
2019,13,2019-02-18 05:33:10,2019-02-18,05:33:10,2.4,36.72,128.41,경북 예천군 북북서쪽 8km 지역
2019,12,2019-02-17 22:19:01,2019-02-17,22:19:01,2.6,33.29,126.25,제주 서귀포시 서쪽 29km 지역
2019,11,2019-02-13 05:16:13,2019-02-13,05:16:13,2.7,38.90,125.86,북한 평양 남동쪽 17km 지역
2019,10,2019-02-10 14:12:38,2019-02-10,14:12:38,2.5,36.16,129.85,경북 포항시 북구 동북동쪽 45km 해역
2019,9,2019-02-10 12:53:38,2019-02-10,12:53:38,4.1,36.16,129.90,경북 포항시 북구 동북동쪽 50km 해역
2019,8,2019-01-31 19:57:45,2019-01-31,19:57:45,2.2,36.53,129.66,경북 영덕군 동북동쪽 29km 해역
2019,7,2019-01-17 21:34:02,2019-01-17,21:34:02,2.7,33.94,127.62,전남 여수시 거문도 동남동쪽 30km 해역
2019,6,2019-01-13 21:09:20,2019-01-13,21:09:20,2.0,37.02,127.93,충북 충주시 북쪽 3km 지역
2019,5,2019-01-10 05:31:05,2019-01-10,05:31:05,2.5,35.79,129.20,경북 경주시 남남서쪽 5km 지역
2019,4,2019-01-09 03:10:23,2019-01-09,03:10:23,3.7,37.37,124.23,인천 옹진군 백령도 남남서쪽 76km 해역
2019,3,2019-01-02 13:12:27,2019-01-02,13:12:27,2.2,36.77,128.31,경북 문경시 북북동쪽 23km 지역
2019,2,2019-01-02 07:20:29,2019-01-02,07:20:29,2.8,41.30,129.21,북한 함경북도 길주 북북서쪽 40km 지역
2019,1,2019-01-01 06:49:51,2019-01-01,06:49:51,3.1,36.53,129.66,경북 영덕군 동북동쪽 29km 해역
2020,68,2020-12-23 21:28:20,2020-12-23,21:28:20,2.2,37.73,126.73,경기 파주시 남서쪽 6km 지역
2020,67,2020-12-18 17:17:23,2020-12-18,17:17:23,2.7,37.66,129.32,강원 동해시 북동쪽 24km 해역
2020,66,2020-12-15 17:15:31,2020-12-15,17:15:31,2.3,37.70,125.17,북한 황해남도 옹진 남남서쪽 31km 해역
2020,65,2020-11-19 23:17:28,2020-11-19,23:17:28,3.1,37.99,125.37,북한 황해남도 옹진 북쪽 7km 지역
2020,64,2020-11-17 03:10:29,2020-11-17,03:10:29,2.6,41.28,129.18,북한 함경북도 길주 북북서쪽 38km 지역
2020,63,2020-11-15 00:00:29,2020-11-15,00:00:29,2.1,35.76,129.18,경북 경주시 남남서쪽 11km 지역
2020,62,2020-11-08 15:26:09,2020-11-08,15:26:09,2.9,36.41,128.22,경북 상주시 동쪽 5km 지역
2020,61,2020-11-06 18:27:23,2020-11-06,18:27:23,2.0,36.43,128.14,경북 상주시 북서쪽 3km 지역
2020,60,2020-11-04 16:50:30,2020-11-04,16:50:30,2.4,35.84,129.79,경북 포항시 남구 동남동쪽 43km 해역
2020,59,2020-11-04 07:23:48,2020-11-04,07:23:48,2.2,35.83,129.78,경북 포항시 남구 동남동쪽 43km 해역
2020,58,2020-11-04 04:41:54,2020-11-04,04:41:54,2.8,38.79,125.72,북한 황해북도 송림 북동쪽 10km 지역
2020,57,2020-10-25 19:10:49,2020-10-25,19:10:49,2.5,33.89,125.65,전남 진도군 남서쪽 87km 해역
2020,56,2020-10-24 15:09:01,2020-10-24,15:09:01,2.1,33.93,127.45,전남 여수시 거문도 남동쪽 16km 해역
2020,55,2020-10-09 04:38:14,2020-10-09,04:38:14,2.1,35.75,129.17,경북 경주시 남남서쪽 13km 지역
2020,54,2020-10-07 04:05:32,2020-10-07,04:05:32,2.1,33.92,127.44,전남 여수시 거문도 남동쪽 16km 해역
2020,53,2020-10-03 01:37:30,2020-10-03,01:37:30,2.3,38.83,126.03,북한 황해북도 연산 서남서쪽 20km 지역
2020,52,2020-10-02 22:29:50,2020-10-02,22:29:50,2.6,38.74,125.90,북한 황해북도 송림 동쪽 23km 지역
2020,51,2020-10-02 21:31:23,2020-10-02,21:31:23,2.5,38.74,125.89,북한 황해북도 송림 동쪽 22km 지역
2020,50,2020-09-22 20:08:54,2020-09-22,20:08:54,2.1,36.60,129.37,경북 영덕군 북쪽 21km 지역
2020,49,2020-09-20 01:22:14,2020-09-20,01:22:14,2.2,36.51,127.14,충남 공주시 북북동쪽 7km 지역
2020,48,2020-09-13 00:54:03,2020-09-13,00:54:03,2.9,37.64,124.60,인천 옹진군 백령도 남남서쪽 35km 해역
2020,47,2020-09-12 13:31:05,2020-09-12,13:31:05,2.4,36.03,128.40,경북 칠곡군 북쪽 4km 지역
2020,46,2020-09-02 19:43:06,2020-09-02,19:43:06,2.3,34.38,126.20,전남 진도군 남남서쪽 13km 지역
2020,45,2020-08-21 03:52:51,2020-08-21,03:52:51,2.5,37.91,125.93,북한 황해남도 해주 남동쪽 24km 지역
2020,44,2020-08-07 21:27:43,2020-08-07,21:27:43,2.4,41.30,129.09,북한 함경북도 길주 북북서쪽 43km 지역
2020,43,2020-08-05 01:22:48,2020-08-05,01:22:48,2.0,38.85,125.71,북한 황해북도 송림 북북동쪽 14km 지역
2020,42,2020-08-01 13:15:06,2020-08-01,13:15:06,2.0,36.77,128.48,경북 예천군 북쪽 13km 지역
2020,41,2020-08-01 02:58:47,2020-08-01,02:58:47,2.0,38.65,127.16,북한 강원 평강 북북서쪽 29km 지역
2020,40,2020-07-25 00:34:06,2020-07-25,00:34:06,2.2,34.06,125.54,전남 신안군 흑산도 남쪽 66km 해역
2020,39,2020-07-20 19:02:00,2020-07-20,19:02:00,2.0,34.53,128.14,경남 남해군 남남동쪽 41km 해역
2020,38,2020-07-15 15:20:47,2020-07-15,15:20:47,2.4,34.88,124.68,전남 신안군 흑산도 서북서쪽 77km 해역
2020,37,2020-07-11 22:38:55,2020-07-11,22:38:55,2.7,37.88,129.58,강원 동해시 북동쪽 57km 해역
2020,36,2020-07-07 14:08:23,2020-07-07,14:08:23,3.3,37.19,125.55,인천 옹진군 연평도 남남서쪽 54km 해역
2020,35,2020-07-03 13:59:31,2020-07-03,13:59:31,2.3,37.18,128.71,강원 영월군 동쪽 22km 지역
2020,34,2020-06-24 03:28:47,2020-06-24,03:28:47,2.5,38.66,125.95,북한 황해북도 사리원 북동쪽 24km 지역
2020,33,2020-06-23 19:58:05,2020-06-23,19:58:05,2.1,37.86,126.90,경기 파주시 북동쪽 15km 지역
2020,32,2020-06-21 09:49:52,2020-06-21,09:49:52,2.3,38.47,128.52,강원 고성군 북북동쪽 11km 해역
2020,31,2020-06-08 00:52:10,2020-06-08,00:52:10,2.1,36.01,128.01,경북 김천시 남남서쪽 17km 지역
2020,30,2020-06-04 02:21:01,2020-06-04,02:21:01,2.5,38.75,125.69,북한 황해북도 송림 동북동쪽 5km 지역
2020,29,2020-05-27 19:23:28,2020-05-27,19:23:28,2.8,36.01,128.01,경북 김천시 남남서쪽 17km 지역
2020,28,2020-05-22 21:18:32,2020-05-22,21:18:32,2.1,37.67,125.00,북한 황해남도 옹진 남서쪽 43km 해역
2020,27,2020-05-13 15:19:02,2020-05-13,15:19:02,2.8,36.10,127.34,전북 완주군 북동쪽 27km 지역
2020,26,2020-05-11 19:45:06,2020-05-11,19:45:06,3.8,38.68,127.18,북한 강원 평강 북북서쪽 32km 지역
2020,25,2020-05-09 12:27:08,2020-05-09,12:27:08,2.2,38.87,126.22,북한 평안남도 성천 남쪽 41km 지역
2020,24,2020-05-09 01:57:39,2020-05-09,01:57:39,2.2,34.66,126.40,전남 해남군 서북서쪽 21km 지역
2020,23,2020-05-07 02:07:31,2020-05-07,02:07:31,2.1,34.77,124.68,전남 신안군 흑산도 서쪽 73km 해역
2020,22,2020-05-05 06:44:29,2020-05-05,06:44:29,2.4,38.47,126.16,북한 황해북도 평산 북서쪽 26km 지역
2020,21,2020-05-03 22:07:14,2020-05-03,22:07:14,3.1,34.66,126.40,전남 해남군 서북서쪽 21km 지역
2020,20,2020-05-02 02:57:02,2020-05-02,02:57:02,2.3,34.66,126.40,전남 해남군 서북서쪽 21km 지역
2020,19,2020-04-30 07:13:13,2020-04-30,07:13:13,2.4,34.66,126.40,전남 해남군 서북서쪽 21km 지역
2020,18,2020-04-29 15:10:47,2020-04-29,15:10:47,2.4,39.39,126.13,북한 평안남도 성천 북북서쪽 18km 지역
2020,17,2020-04-28 12:52:01,2020-04-28,12:52:01,2.1,34.66,126.41,전남 목포시 남쪽 17km 해역
2020,16,2020-04-28 12:06:53,2020-04-28,12:06:53,2.4,36.16,127.43,충남 금산군 북서쪽 8km 지역
2020,15,2020-04-27 11:07:10,2020-04-27,11:07:10,2.8,35.80,127.53,전북 장수군 북쪽 17km 지역
2020,14,2020-04-24 02:07:22,2020-04-24,02:07:22,2.3,35.30,125.54,전남 신안군 흑산도 북쪽 73km 해역
2020,13,2020-04-22 20:54:26,2020-04-22,20:54:26,2.1,38.11,130.01,강원 동해시 북동쪽 102km 해역
2020,12,2020-04-18 07:36:28,2020-04-18,07:36:28,2.3,37.58,126.14,인천 강화군 서남서쪽 36km 해역
2020,11,2020-04-03 19:44:35,2020-04-03,19:44:35,2.2,38.75,125.72,북한 황해북도 송림 동북동쪽 8km 지역
2020,10,2020-03-20 16:02:45,2020-03-20,16:02:45,2.7,35.39,128.01,경남 산청군 동남동쪽 13km 지역
2020,9,2020-03-10 01:16:33,2020-03-10,01:16:33,2.0,35.44,125.54,전북 군산시 어청도 남남서쪽 85km 해역
2020,8,2020-02-29 22:03:50,2020-02-29,22:03:50,2.4,38.45,126.17,북한 황해북도 평산 북서쪽 24km 지역
2020,7,2020-02-29 22:02:19,2020-02-29,22:02:19,2.7,38.46,126.17,북한 황해북도 평산 북서쪽 24km 지역
2020,6,2020-02-16 20:03:35,2020-02-16,20:03:35,2.7,36.26,130.49,경북 영덕군 동쪽 102km 해역
2020,5,2020-02-09 14:41:26,2020-02-09,14:41:26,2.4,35.77,129.03,경북 경주시 서남서쪽 18km 지역
2020,4,2020-01-30 00:52:52,2020-01-30,00:52:52,3.2,36.59,128.12,경북 상주시 북쪽 20km 지역
2020,3,2020-01-29 09:33:47,2020-01-29,09:33:47,2.5,41.29,129.11,북한 함경북도 길주 북북서쪽 41km 지역
2020,2,2020-01-15 22:46:11,2020-01-15,22:46:11,2.1,37.11,128.29,충북 제천시 동남동쪽 9km 지역
2020,1,2020-01-08 06:03:00,2020-01-08,06:03:00,2.0,35.91,128.38,경북 성주군 동쪽 9km 지역
2021,70,2021-12-30 17:54:56,2021-12-30,17:54:56,2.2,41.30,129.17,북한 함경북도 길주 북북서쪽 41km 지역
2021,69,2021-12-30 14:21:35,2021-12-30,14:21:35,2.3,41.31,129.21,북한 함경북도 길주 북북서쪽 41km 지역
2021,68,2021-12-17 06:22:10,2021-12-17,06:22:10,3.2,33.12,126.18,제주 서귀포시 서남서쪽 38km 해역
2021,67,2021-12-15 22:02:14,2021-12-15,22:02:14,2.3,35.79,127.80,경남 거창군 북서쪽 15km 지역
2021,66,2021-12-15 15:06:47,2021-12-15,15:06:47,2.8,33.14,126.15,제주 서귀포시 서남서쪽 40km 해역
2021,65,2021-12-14 17:19:14,2021-12-14,17:19:14,4.9,33.09,126.16,제주 서귀포시 서남서쪽 41km 해역
2021,64,2021-12-09 10:57:47,2021-12-09,10:57:47,2.6,33.85,125.51,전남 신안군 흑산도 남쪽 91km 해역
2021,63,2021-12-04 12:33:22,2021-12-04,12:33:22,2.3,38.02,124.52,인천 옹진군 백령도 서북서쪽 16km 해역
2021,62,2021-11-22 05:19:31,2021-11-22,05:19:31,2.1,35.48,127.11,전북 순창군 북북서쪽 12km 지역
2021,61,2021-11-19 02:35:08,2021-11-19,02:35:08,2.2,33.85,124.77,전남 신안군 흑산도 남남서쪽 109km 해역
2021,60,2021-11-17 01:39:11,2021-11-17,01:39:11,2.9,35.66,129.75,울산 동구 동북동쪽 35km 해역
2021,59,2021-11-16 20:53:24,2021-11-16,20:53:24,2.1,34.50,125.90,전남 진도군 서쪽 33km 해역
2021,58,2021-11-16 11:57:58,2021-11-16,11:57:58,2.1,35.06,125.06,전남 신안군 흑산도 북서쪽 54km 해역
2021,57,2021-11-12 01:31:05,2021-11-12,01:31:05,2.1,36.15,129.38,경북 포항시 북구 북쪽 12km 지역
2021,56,2021-10-22 06:51:48,2021-10-22,06:51:48,2.4,36.90,128.22,충북 제천시 남쪽 26km 지역
2021,55,2021-10-19 22:13:31,2021-10-19,22:13:31,2.2,35.90,129.75,경북 포항시 남구 동남동쪽 37km 해역
2021,54,2021-10-19 06:45:03,2021-10-19,06:45:03,2.8,40.41,127.27,북한 함경남도 장진 북동쪽 4km 지역
2021,53,2021-10-19 06:41:35,2021-10-19,06:41:35,2.6,40.37,127.28,북한 함경남도 장진 동남동쪽 4km 지역
2021,52,2021-10-17 23:13:56,2021-10-17,23:13:56,2.4,41.26,129.45,북한 함경북도 길주 북북동쪽 36km 지역
2021,51,2021-10-11 22:00:53,2021-10-11,22:00:53,2.5,41.29,129.20,북한 함경북도 길주 북북서쪽 39km 지역
2021,50,2021-10-10 02:18:51,2021-10-10,02:18:51,2.1,35.10,125.06,전남 신안군 흑산도 북서쪽 58km 해역
2021,49,2021-10-06 21:55:48,2021-10-06,21:55:48,2.5,35.25,127.86,경남 하동군 북북동쪽 23km 지역
2021,48,2021-09-23 12:02:43,2021-09-23,12:02:43,2.6,35.42,128.49,경남 창녕군 남쪽 14km 지역
2021,47,2021-09-20 06:58:49,2021-09-20,06:58:49,2.2,34.88,127.25,전남 보성군 북동쪽 20km 지역
2021,46,2021-09-17 05:30:13,2021-09-17,05:30:13,2.2,36.71,126.12,충남 태안군 서남서쪽 16km 지역
2021,45,2021-09-14 03:36:01,2021-09-14,03:36:01,2.2,35.41,128.78,경남 밀양시 남남동쪽 11km 지역
2021,44,2021-09-12 02:04:46,2021-09-12,02:04:46,2.1,35.53,128.53,경남 창녕군 동남동쪽 4km 지역
2021,43,2021-09-11 03:47:27,2021-09-11,03:47:27,2.1,41.29,129.15,북한 함경북도 길주 북북서쪽 40km 지역
2021,42,2021-09-01 18:39:52,2021-09-01,18:39:52,2.4,41.30,129.13,북한 함경북도 길주 북북서쪽 42km 지역
2021,41,2021-08-29 18:47:20,2021-08-29,18:47:20,2.6,36.98,125.02,충남 태안군 서격렬비도 북서쪽 62km 해역
2021,40,2021-08-29 13:03:23,2021-08-29,13:03:23,2.2,35.31,128.49,경남 함안군 동북동쪽 9km 지역
2021,39,2021-08-28 07:03:22,2021-08-28,07:03:22,2.2,35.00,127.73,전남 광양시 북북동쪽 7km 지역
2021,38,2021-08-26 15:58:14,2021-08-26,15:58:14,2.3,35.07,125.12,전남 신안군 흑산도 북북서쪽 52km 해역
2021,37,2021-08-21 09:40:40,2021-08-21,09:40:40,4.0,35.70,124.70,전북 군산시 어청도 서남서쪽 124km 해역
2021,36,2021-08-20 22:26:52,2021-08-20,22:26:52,2.1,38.37,127.99,북한 강원 회양 남동쪽 50km 지역
2021,35,2021-08-18 16:57:11,2021-08-18,16:57:11,2.1,35.10,129.84,부산 기장군 동남동쪽 58km 해역
2021,34,2021-08-15 09:32:43,2021-08-15,09:32:43,2.0,35.10,129.78,부산 기장군 동남동쪽 53km 해역
2021,33,2021-08-01 14:19:26,2021-08-01,14:19:26,2.2,35.65,129.53,울산 북구 동북동쪽 17km 해역
2021,32,2021-07-31 05:17:10,2021-07-31,05:17:10,2.5,35.65,128.40,대구 달성군 남남서쪽 14km 지역
2021,31,2021-07-26 06:50:56,2021-07-26,06:50:56,2.2,36.32,128.21,경북 상주시 남남동쪽 11km 지역
2021,30,2021-07-07 06:57:27,2021-07-07,06:57:27,2.3,36.77,128.46,경북 예천군 북쪽 14km 지역
2021,29,2021-06-14 22:42:17,2021-06-14,22:42:17,2.4,35.81,129.77,경북 포항시 남구 동남동쪽 43km 해역
2021,28,2021-06-13 23:57:32,2021-06-13,23:57:32,2.5,41.29,129.13,북한 함경북도 길주 북북서쪽 41km 지역
2021,27,2021-06-13 06:13:51,2021-06-13,06:13:51,2.0,36.97,130.34,경북 울릉군 울릉도 남서쪽 76km 해역
2021,26,2021-06-07 18:34:02,2021-06-07,18:34:02,2.1,33.68,128.07,전남 여수시 거문도 동남동쪽 80km 해역
2021,25,2021-05-30 23:53:53,2021-05-30,23:53:53,2.4,38.73,126.06,북한 황해북도 연산 남서쪽 23km 지역
2021,24,2021-05-26 06:13:24,2021-05-26,06:13:24,2.2,35.83,124.56,충남 태안군 서격렬비도 남서쪽 124km 해역
2021,23,2021-05-13 06:04:28,2021-05-13,06:04:28,2.0,35.89,127.33,전북 완주군 동쪽 15km 지역
2021,22,2021-05-04 22:42:08,2021-05-04,22:42:08,2.0,35.89,129.67,경북 포항시 남구 동남동쪽 31km 해역
2021,21,2021-04-30 16:15:04,2021-04-30,16:15:04,2.1,35.52,128.88,경남 밀양시 동쪽 12km 지역
2021,20,2021-04-29 05:12:25,2021-04-29,05:12:25,2.0,35.65,129.83,울산 동구 동북동쪽 41km 해역
2021,19,2021-04-28 12:00:40,2021-04-28,12:00:40,2.5,35.65,129.79,울산 동구 동북동쪽 37km 해역
2021,18,2021-04-25 17:07:59,2021-04-25,17:07:59,2.3,37.48,124.36,인천 옹진군 백령도 남남서쪽 60km 해역
2021,17,2021-04-23 02:41:27,2021-04-23,02:41:27,2.2,40.49,127.51,북한 함경남도 장진 동북동쪽 26km 지역
2021,16,2021-04-20 02:13:27,2021-04-20,02:13:27,2.6,35.08,125.05,전남 신안군 흑산도 북서쪽 57km 해역
2021,15,2021-04-19 15:48:52,2021-04-19,15:48:52,2.7,41.28,129.13,북한 함경북도 길주 북북서쪽 40km 지역
2021,14,2021-04-19 14:20:27,2021-04-19,14:20:27,3.7,35.07,125.08,전남 신안군 흑산도 북서쪽 54km 해역
2021,13,2021-04-16 01:43:23,2021-04-16,01:43:23,2.2,37.29,127.71,경기 여주시 동쪽 7km 지역
2021,12,2021-04-13 21:56:15,2021-04-13,21:56:15,2.0,36.02,126.91,전북 익산시 북북서쪽 9km 지역
2021,11,2021-03-16 02:51:52,2021-03-16,02:51:52,2.6,35.76,129.19,경북 경주시 남남서쪽 11km 지역
2021,10,2021-02-21 09:03:34,2021-02-21,09:03:34,2.2,35.47,126.34,전남 영광군 북서쪽 27km 해역
2021,9,2021-02-15 18:59:25,2021-02-15,18:59:25,2.5,35.99,126.84,전북 군산시 동북동쪽 10km 지역
2021,8,2021-02-10 19:28:18,2021-02-10,19:28:18,2.1,37.32,126.24,인천 옹진군 서남서쪽 38km 해역
2021,7,2021-02-08 07:46:51,2021-02-08,07:46:51,2.3,40.64,127.62,북한 함경남도 장진 북동쪽 43km 지역
2021,6,2021-02-08 03:37:34,2021-02-08,03:37:34,3.2,40.67,127.45,북한 함경남도 장진 북북동쪽 37km 지역
2021,5,2021-02-06 04:40:03,2021-02-06,04:40:03,2.7,35.81,127.53,전북 장수군 북쪽 18km 지역
2021,4,2021-02-03 12:17:56,2021-02-03,12:17:56,2.2,37.32,126.24,인천 옹진군 서남서쪽 38km 해역
2021,3,2021-01-24 06:23:05,2021-01-24,06:23:05,2.1,35.84,125.14,전북 군산시 어청도 서남서쪽 81km 해역
2021,2,2021-01-17 01:41:40,2021-01-17,01:41:40,1.1,35.72,129.40,경북 경주시 남동쪽 22km 지역
2021,1,2021-01-14 08:17:28,2021-01-14,08:17:28,2.1,36.86,125.43,충남 태안군 서격렬비도 북북서쪽 30km 해역
2022,69,2022-12-25 19:31:07,2022-12-25,19:31:07,2.6,36.51,128.65,경북 안동시 남서쪽 10km 지역
2022,68,2022-12-23 19:43:17,2022-12-23,19:43:17,2.3,35.14,125.08,전남 신안군 흑산도 북북서쪽 61km 해역
2022,67,2022-12-16 12:07:11,2022-12-16,12:07:11,2.1,41.30,129.22,북한 함경북도 길주 북북서쪽 39km 지역
2022,66,2022-12-03 13:22:58,2022-12-03,13:22:58,2.9,35.77,129.80,울산 북구 동북동쪽 45km 해역
2022,65,2022-12-01 15:17:58,2022-12-01,15:17:58,3.2,36.17,128.27,경북 김천시 동북동쪽 14km 지역
2022,64,2022-11-29 05:31:36,2022-11-29,05:31:36,2.1,38.43,125.63,북한 황해북도 사리원 남서쪽 14km 지역
2022,63,2022-11-20 15:21:41,2022-11-20,15:21:41,2.0,41.29,129.22,북한 함경북도 길주 북북서쪽 38km 지역
2022,62,2022-11-20 01:01:17,2022-11-20,01:01:17,3.3,33.96,125.22,전남 신안군 흑산도 남남서쪽 81km 해역
2022,61,2022-11-18 03:12:14,2022-11-18,03:12:14,2.2,35.52,124.35,전남 신안군 흑산도 북서쪽 136km 해역
2022,60,2022-11-13 12:17:41,2022-11-13,12:17:41,2.1,35.07,125.07,전남 신안군 흑산도 북서쪽 55km 해역
2022,59,2022-11-08 00:45:45,2022-11-08,00:45:45,2.1,33.30,127.78,전남 여수시 거문도 남남동쪽 92km 해역
2022,58,2022-11-05 13:21:22,2022-11-05,13:21:22,2.5,36.97,126.38,충남 서산시 북북서쪽 22km 해역
2022,57,2022-11-03 11:36:00,2022-11-03,11:36:00,2.1,35.47,124.90,전남 신안군 흑산도 북북서쪽 101km 해역
2022,56,2022-11-01 02:27:52,2022-11-01,02:27:52,2.9,36.88,127.88,충북 괴산군 북동쪽 11km 지역
2022,55,2022-10-29 08:27:49,2022-10-29,08:27:49,4.1,36.88,127.88,충북 괴산군 북동쪽 11km 지역
2022,54,2022-10-29 08:27:33,2022-10-29,08:27:33,3.5,36.88,127.88,충북 괴산군 북동쪽 11km 지역
2022,53,2022-10-08 14:33:34,2022-10-08,14:33:34,2.4,41.29,129.21,북한 함경북도 길주 북북서쪽 39km 지역
2022,52,2022-10-08 02:54:49,2022-10-08,02:54:49,2.5,41.30,129.13,북한 함경북도 길주 북북서쪽 42km 지역
2022,51,2022-10-01 04:37:53,2022-10-01,04:37:53,2.7,36.94,127.13,충남 천안시 서북구 북북서쪽 7km 지역
2022,50,2022-09-23 07:40:30,2022-09-23,07:40:30,2.3,35.69,124.59,충남 태안군 서격렬비도 남서쪽 134km 해역
2022,49,2022-09-22 20:28:37,2022-09-22,20:28:37,2.9,40.57,126.71,북한 자강도 용림 북북동쪽 7km 지역
2022,48,2022-09-11 16:28:35,2022-09-11,16:28:35,2.4,36.46,129.63,경북 영덕군 동북동쪽 24km 해역
2022,47,2022-09-10 14:59:48,2022-09-10,14:59:48,3.4,38.95,127.29,북한 강원 원산 남남서쪽 26km 지역
2022,46,2022-09-03 00:44:46,2022-09-03,00:44:46,2.0,36.39,129.89,경북 영덕군 동쪽 47km 해역
2022,45,2022-08-03 07:55:25,2022-08-03,07:55:25,3.1,33.14,127.67,전남 여수시 거문도 남남동쪽 104km 해역
2022,44,2022-07-31 22:05:06,2022-07-31,22:05:06,2.6,38.44,125.62,북한 황해남도 안악 남동쪽 13km 지역
2022,43,2022-07-29 05:36:56,2022-07-29,05:36:56,2.6,35.39,128.24,경남 의령군 북북서쪽 8km 지역
2022,42,2022-07-23 16:21:48,2022-07-23,16:21:48,2.4,38.44,125.63,북한 황해북도 사리원 서남서쪽 14km 지역
2022,41,2022-07-23 06:27:14,2022-07-23,06:27:14,2.5,38.45,125.63,북한 황해북도 사리원 서남서쪽 13km 지역
2022,40,2022-07-21 18:38:09,2022-07-21,18:38:09,2.3,36.80,126.25,충남 태안군 북서쪽 7km 지역
2022,39,2022-07-21 04:46:57,2022-07-21,04:46:57,2.3,35.79,129.20,경북 경주시 남남서쪽 8km 지역
2022,38,2022-07-20 16:19:50,2022-07-20,16:19:50,2.0,36.29,126.87,충남 부여군 서북서쪽 4km 지역
2022,37,2022-07-16 13:53:36,2022-07-16,13:53:36,2.1,33.64,128.11,전남 여수시 거문도 동남동쪽 85km 해역
2022,36,2022-07-12 10:38:30,2022-07-12,10:38:30,2.6,33.13,127.66,제주 서귀포시 동쪽 103km 해역
2022,35,2022-07-12 10:09:03,2022-07-12,10:09:03,2.7,33.11,127.66,제주 서귀포시 동쪽 104km 해역
2022,34,2022-07-12 09:56:02,2022-07-12,09:56:02,2.3,33.12,127.64,제주 서귀포시 동쪽 102km 해역
2022,33,2022-07-12 00:44:03,2022-07-12,00:44:03,2.2,33.14,127.66,제주 서귀포시 동쪽 103km 해역
2022,32,2022-07-12 00:41:25,2022-07-12,00:41:25,2.1,33.14,127.65,제주 서귀포시 동쪽 102km 해역
2022,31,2022-07-03 07:54:23,2022-07-03,07:54:23,2.6,33.31,127.45,전남 여수시 거문도 남쪽 81km 해역
2022,30,2022-06-30 22:51:52,2022-06-30,22:51:52,2.3,37.02,128.98,경북 봉화군 동북동쪽 26km 지역
2022,29,2022-06-30 02:55:34,2022-06-30,02:55:34,2.1,35.90,129.73,경북 포항시 남구 동남동쪽 35km 해역
2022,28,2022-06-29 15:26:06,2022-06-29,15:26:06,2.3,35.89,129.70,경북 포항시 남구 동남동쪽 33km 해역
2022,27,2022-06-02 20:48:21,2022-06-02,20:48:21,2.6,38.12,130.98,경북 울릉군 울릉도 북쪽 71km 해역
2022,26,2022-05-13 06:50:56,2022-05-13,06:50:56,2.3,33.34,127.22,제주 서귀포시 동쪽 62km 해역
2022,25,2022-04-30 09:20:21,2022-04-30,09:20:21,2.3,38.98,127.29,북한 강원 원산 남남서쪽 24km 지역
2022,24,2022-04-21 02:34:32,2022-04-21,02:34:32,2.3,38.85,125.78,북한 황해북도 송림 북동쪽 18km 지역
2022,23,2022-04-18 14:22:38,2022-04-18,14:22:38,2.3,37.26,126.10,인천 옹진군 서남서쪽 52km 지역
2022,22,2022-04-17 23:33:29,2022-04-17,23:33:29,2.3,35.22,128.60,경남 창원시 마산회원구 동쪽 2km 지역
2022,21,2022-04-16 02:08:34,2022-04-16,02:08:34,2.6,34.75,127.26,전남 고흥군 북쪽 16km 지역
2022,20,2022-04-12 14:56:28,2022-04-12,14:56:28,2.4,36.82,129.47,경북 울진군 남남동쪽 20km 해역
2022,19,2022-04-10 02:45:46,2022-04-10,02:45:46,3.4,36.45,129.62,경북 영덕군 동쪽 23km 해역
2022,18,2022-04-09 10:55:42,2022-04-09,10:55:42,2.2,36.54,128.08,경북 상주시 북북서쪽 16km 지역
2022,17,2022-04-03 14:19:19,2022-04-03,14:19:19,2.0,35.69,129.35,경북 경주시 남남동쪽 22km 지역
2022,16,2022-03-16 18:18:18,2022-03-16,18:18:18,2.3,33.70,125.06,전남 신안군 흑산도 남남서쪽 113km 해역
2022,15,2022-03-15 00:22:27,2022-03-15,00:22:27,2.0,39.42,126.19,북한 평안남도 성천 북쪽 20km 지역
2022,14,2022-03-06 18:40:32,2022-03-06,18:40:32,2.5,37.31,129.54,강원 삼척시 동남동쪽 37km 해역
2022,13,2022-03-05 22:16:21,2022-03-05,22:16:21,2.4,36.39,127.13,충남 공주시 남쪽 6km 지역
2022,12,2022-03-04 02:15:37,2022-03-04,02:15:37,2.1,41.24,129.22,북한 함경북도 길주 북북서쪽 33km 지역
2022,11,2022-02-28 21:31:28,2022-02-28,21:31:28,2.1,41.25,129.28,북한 함경북도 길주 북쪽 33km 지역
2022,10,2022-02-24 12:07:10,2022-02-24,12:07:10,2.2,34.00,127.59,전남 여수시 거문도 동쪽 25km 해역
2022,9,2022-02-15 06:52:28,2022-02-15,06:52:28,2.5,41.29,129.23,북한 함경북도 길주 북북서쪽 38km 지역
2022,8,2022-02-14 19:47:27,2022-02-14,19:47:27,2.3,41.28,129.26,북한 함경북도 길주 북쪽 37km 지역
2022,7,2022-02-14 14:33:22,2022-02-14,14:33:22,2.3,41.27,129.24,북한 함경북도 길주 북북서쪽 36km 지역
2022,6,2022-02-11 10:35:26,2022-02-11,10:35:26,3.1,41.30,129.21,북한 함경북도 길주 북북서쪽 40km 지역
2022,5,2022-02-10 17:20:34,2022-02-10,17:20:34,2.2,35.29,126.59,전남 영광군 동북동쪽 7km 지역
2022,4,2022-02-08 15:57:13,2022-02-08,15:57:13,2.9,35.07,125.06,전남 신안군 흑산도 북서쪽 55km 해역
2022,3,2022-02-04 02:47:44,2022-02-04,02:47:44,2.3,37.41,129.51,강원 삼척시 동쪽 31km 해역
2022,2,2022-02-02 12:04:55,2022-02-02,12:04:55,2.4,35.72,128.99,경북 청도군 동북동쪽 24km 지역
2022,1,2022-01-28 06:46:53,2022-01-28,06:46:53,2.3,34.37,127.30,전남 고흥군 남쪽 26km 해역
2023,103,2023-12-23 04:34:05,2023-12-23,04:34:05,3.0,35.80,127.53,전북 장수군 북쪽 17km 지역
2023,102,2023-12-11 01:23:25,2023-12-11,01:23:25,2.3,38.45,126.17,북한 황해북도 평산 북서쪽 24km 지역
2023,101,2023-12-08 06:31:18,2023-12-08,06:31:18,2.5,37.19,129.08,강원 삼척시 남남서쪽 30km 지역
2023,100,2023-12-06 19:11:06,2023-12-06,19:11:06,2.0,41.26,129.22,북한 함경북도 길주 북북서쪽 35km 지역
2023,99,2023-12-05 05:53:41,2023-12-05,05:53:41,2.2,41.29,129.22,북한 함경북도 길주 북북서쪽 38km 지역
2023,98,2023-12-04 02:28:02,2023-12-04,02:28:02,3.1,41.30,129.15,북한 함경북도 길주 북북서쪽 41km 지역
2023,97,2023-11-30 04:55:24,2023-11-30,04:55:24,4.0,35.79,129.42,경북 경주시 동남동쪽 19km 지역
2023,96,2023-11-25 11:53:35,2023-11-25,11:53:35,2.6,36.69,126.83,충남 예산군 북서쪽 2km 지역
2023,95,2023-11-24 22:06:53,2023-11-24,22:06:53,2.7,35.07,125.06,전남 신안군 흑산도 북서쪽 55km 해역
2023,94,2023-11-23 21:31:58,2023-11-23,21:31:58,2.2,41.31,129.14,북한 함경북도 길주 북북서쪽 42km 지역
2023,93,2023-11-23 21:21:44,2023-11-23,21:21:44,2.6,41.30,129.20,북한 함경북도 길주 북북서쪽 40km 지역
2023,92,2023-11-23 12:42:02,2023-11-23,12:42:02,2.2,41.23,129.05,북한 함경북도 길주 북서쪽 38km 지역
2023,91,2023-11-23 07:54:55,2023-11-23,07:54:55,2.5,41.26,129.13,북한 함경북도 길주 북북서쪽 38km 지역
2023,90,2023-11-22 17:40:59,2023-11-22,17:40:59,2.3,41.30,129.20,북한 함경북도 길주 북북서쪽 40km 지역
2023,89,2023-11-22 16:29:32,2023-11-22,16:29:32,2.9,41.31,129.18,북한 함경북도 길주 북북서쪽 41km 지역
2023,88,2023-11-17 04:06:38,2023-11-17,04:06:38,2.1,33.67,127.38,전남 여수시 거문도 남쪽 40km 해역
2023,87,2023-11-03 00:24:23,2023-11-03,00:24:23,2.5,38.10,124.72,북한 황해남도 용연 서남서쪽 19km 해역
2023,86,2023-10-28 08:37:14,2023-10-28,08:37:14,2.2,41.25,129.12,북한 함경북도 길주 북북서쪽 37km 지역
2023,85,2023-10-25 21:46:30,2023-10-25,21:46:30,3.4,36.35,127.05,충남 공주시 남남서쪽 12km 지역
2023,84,2023-10-24 09:11:37,2023-10-24,09:11:37,2.7,37.85,129.49,강원 동해시 북동쪽 49km 해역
2023,83,2023-10-22 03:04:09,2023-10-22,03:04:09,2.1,37.86,129.52,강원 동해시 북동쪽 52km 해역
2023,82,2023-10-20 17:36:00,2023-10-20,17:36:00,2.0,35.06,125.08,전남 신안군 흑산도 북서쪽 53km 해역
2023,81,2023-10-20 00:30:12,2023-10-20,00:30:12,2.8,40.47,127.26,북한 함경남도 장진 북쪽 10km 지역
2023,80,2023-10-15 09:42:38,2023-10-15,09:42:38,2.3,37.72,125.58,북한 황해남도 옹진 남동쪽 30km 해역
2023,79,2023-10-11 18:58:13,2023-10-11,18:58:13,2.2,38.76,127.63,북한 강원 회양 북북동쪽 7km 지역
2023,78,2023-10-11 03:54:54,2023-10-11,03:54:54,2.9,35.31,125.51,전남 신안군 흑산도 북쪽 72km 해역
2023,77,2023-10-10 00:20:28,2023-10-10,00:20:28,3.1,36.18,124.42,충남 태안군 서격렬비도 서남서쪽 111km 해역
2023,76,2023-10-09 23:16:36,2023-10-09,23:16:36,2.2,41.30,129.23,북한 함경북도 길주 북북서쪽 39km 지역
2023,75,2023-10-06 18:29:03,2023-10-06,18:29:03,2.5,41.29,129.13,북한 함경북도 길주 북북서쪽 41km 지역
2023,74,2023-10-01 07:35:56,2023-10-01,07:35:56,2.1,41.26,129.29,북한 함경북도 길주 북쪽 34km 지역
2023,73,2023-09-27 00:48:43,2023-09-27,00:48:43,3.2,41.33,129.16,북한 함경북도 길주 북북서쪽 44km 지역
2023,72,2023-09-22 17:46:58,2023-09-22,17:46:58,2.2,36.59,128.22,경북 문경시 동쪽 3km 지역
2023,71,2023-09-16 04:28:25,2023-09-16,04:28:25,2.2,36.01,128.01,경북 김천시 남남서쪽 17km 지역
2023,70,2023-09-14 21:28:25,2023-09-14,21:28:25,2.9,35.70,130.03,울산 동구 동북동쪽 60km 해역
2023,69,2023-09-08 05:12:01,2023-09-08,05:12:01,2.3,41.32,129.17,북한 함경북도 길주 북북서쪽 43km 지역
2023,68,2023-09-08 04:01:16,2023-09-08,04:01:16,2.1,41.30,129.23,북한 함경북도 길주 북북서쪽 39km 지역
2023,67,2023-09-08 03:29:48,2023-09-08,03:29:48,2.2,41.29,129.24,북한 함경북도 길주 북쪽 38km 지역
2023,66,2023-09-02 20:54:33,2023-09-02,20:54:33,2.5,41.28,129.15,북한 함경북도 길주 북북서쪽 39km 지역
2023,65,2023-08-26 01:25:33,2023-08-26,01:25:33,2.1,35.98,128.14,경북 김천시 남쪽 18km 지역
2023,64,2023-08-20 19:41:14,2023-08-20,19:41:14,2.6,37.75,130.34,경북 울릉군 울릉도 서북서쪽 58km 해역
2023,63,2023-08-13 07:55:00,2023-08-13,07:55:00,2.3,41.31,129.16,북한 함경북도 길주 북북서쪽 42km 지역
2023,62,2023-08-13 03:13:37,2023-08-13,03:13:37,2.7,41.30,129.19,북한 함경북도 길주 북북서쪽 40km 지역
2023,61,2023-08-07 00:15:30,2023-08-07,00:15:30,2.2,34.57,127.29,전남 고흥군 남남동쪽 4km 지역
2023,60,2023-08-04 03:07:31,2023-08-04,03:07:31,2.1,33.73,127.22,전남 여수시 거문도 남남서쪽 34km 해역
2023,59,2023-07-29 19:07:59,2023-07-29,19:07:59,3.5,35.80,127.53,전북 장수군 북쪽 17km 지역
2023,58,2023-07-28 13:16:43,2023-07-28,13:16:43,2.0,41.31,129.23,북한 함경북도 길주 북북서쪽 40km 지역
2023,57,2023-07-17 10:37:10,2023-07-17,10:37:10,2.4,35.31,128.58,경남 함안군 동북동쪽 16km 지역
2023,56,2023-07-05 01:02:38,2023-07-05,01:02:38,2.1,41.27,129.21,북한 함경북도 길주 북북서쪽 36km 지역
2023,55,2023-07-03 10:04:38,2023-07-03,10:04:38,3.3,41.30,129.12,북한 함경북도 길주 북북서쪽 42km 지역
2023,54,2023-06-25 11:55:14,2023-06-25,11:55:14,2.4,41.32,129.21,북한 함경북도 길주 북북서쪽 42km 지역
2023,53,2023-06-18 23:39:16,2023-06-18,23:39:16,2.3,41.28,129.19,북한 함경북도 길주 북북서쪽 38km 지역
2023,52,2023-06-17 22:34:38,2023-06-17,22:34:38,2.1,37.86,129.47,강원 동해시 북동쪽 49km 해역
2023,51,2023-06-16 06:03:01,2023-06-16,06:03:01,3.1,34.02,124.80,전남 신안군 흑산도 남서쪽 92km 해역
2023,50,2023-06-13 14:23:07,2023-06-13,14:23:07,2.0,35.07,128.50,경남 창원시 마산합포구 남남서쪽 15km 해역
2023,49,2023-06-07 15:30:05,2023-06-07,15:30:05,2.1,41.31,129.16,북한 함경북도 길주 북북서쪽 42km 지역
2023,48,2023-06-05 12:42:18,2023-06-05,12:42:18,2.1,35.77,127.18,전북 완주군 남쪽 15km 지역
2023,47,2023-05-25 22:27:40,2023-05-25,22:27:40,2.4,41.23,129.35,북한 함경북도 길주 북쪽 31km 지역
2023,46,2023-05-22 03:39:18,2023-05-22,03:39:18,2.3,37.87,129.52,강원 동해시 북동쪽 52km 해역
2023,45,2023-05-19 14:03:34,2023-05-19,14:03:34,2.3,41.28,129.17,북한 함경북도 길주 북북서쪽 38km 지역
2023,44,2023-05-15 06:27:36,2023-05-15,06:27:36,4.5,37.91,129.57,강원 동해시 북동쪽 59km 해역
2023,43,2023-05-14 08:35:25,2023-05-14,08:35:25,3.1,37.86,129.51,강원 동해시 북동쪽 51km 해역
2023,42,2023-05-10 16:32:10,2023-05-10,16:32:10,2.5,37.49,129.12,강원 동해시 남쪽 4km 지역
2023,41,2023-05-10 13:29:35,2023-05-10,13:29:35,2.2,38.13,127.09,경기 연천군 북북동쪽 4km 지역
2023,40,2023-05-10 01:53:36,2023-05-10,01:53:36,2.5,37.49,129.14,강원 동해시 남남동쪽 4km 지역
2023,39,2023-05-08 21:12:05,2023-05-08,21:12:05,2.1,37.87,129.51,강원 동해시 북동쪽 52km 해역
2023,38,2023-05-08 19:51:34,2023-05-08,19:51:34,2.5,37.49,129.13,강원 동해시 남남동쪽 4km 해역
2023,37,2023-05-05 12:11:49,2023-05-05,12:11:49,2.6,39.22,125.13,북한 평안북도 정주 남쪽 52km 해역
2023,36,2023-04-30 19:03:29,2023-04-30,19:03:29,3.1,36.32,127.75,충북 옥천군 동쪽 16km 지역
2023,35,2023-04-28 23:39:24,2023-04-28,23:39:24,2.6,37.88,129.51,강원 동해시 북동쪽 53km 해역
2023,34,2023-04-26 12:15:24,2023-04-26,12:15:24,2.0,37.87,129.52,강원 동해시 북동쪽 52km 해역
2023,33,2023-04-26 06:51:41,2023-04-26,06:51:41,2.2,37.86,129.51,강원 동해시 북동쪽 51km 해역
2023,32,2023-04-25 15:55:55,2023-04-25,15:55:55,3.5,37.86,129.49,강원 동해시 북동쪽 50km 해역
2023,31,2023-04-25 13:22:40,2023-04-25,13:22:40,2.7,36.66,128.12,경북 문경시 북서쪽 10km 지역
2023,30,2023-04-25 12:02:50,2023-04-25,12:02:50,3.1,37.87,129.52,강원 동해시 북동쪽 52km 해역
2023,29,2023-04-25 05:03:39,2023-04-25,05:03:39,2.3,37.88,129.54,강원 동해시 북동쪽 54km 해역
2023,28,2023-04-24 21:50:58,2023-04-24,21:50:58,2.4,37.90,129.58,강원 동해시 북동쪽 58km 해역
2023,27,2023-04-24 21:41:25,2023-04-24,21:41:25,2.1,37.87,129.53,강원 동해시 북동쪽 53km 해역
2023,26,2023-04-24 13:02:10,2023-04-24,13:02:10,2.9,37.85,129.47,강원 동해시 북동쪽 48km 해역
2023,25,2023-04-23 21:06:39,2023-04-23,21:06:39,2.7,37.90,129.61,강원 동해시 북동쪽 60km 해역
2023,24,2023-04-19 00:45:07,2023-04-19,00:45:07,2.6,33.09,125.42,제주 서귀포시 서쪽 108km 해역
2023,23,2023-04-13 05:27:51,2023-04-13,05:27:51,2.1,35.11,125.05,전남 신안군 흑산도 북서쪽 59km 해역
2023,22,2023-04-12 22:45:46,2023-04-12,22:45:46,2.1,38.13,127.09,경기 연천군 북북동쪽 4km 지역
2023,21,2023-04-06 00:51:49,2023-04-06,00:51:49,2.7,37.94,125.60,북한 황해남도 해주 남서쪽 15km 지역
2023,20,2023-04-01 23:26:21,2023-04-01,23:26:21,2.3,38.96,124.61,북한 남포 서북서쪽 76km 해역
2023,19,2023-03-30 05:47:56,2023-03-30,05:47:56,2.9,35.64,125.22,전북 군산시 어청도 남서쪽 86km 해역
2023,18,2023-03-25 18:35:48,2023-03-25,18:35:48,2.4,37.19,125.27,인천 옹진군 연평도 남서쪽 65km 해역
2023,17,2023-03-23 08:35:53,2023-03-23,08:35:53,2.0,33.56,125.66,제주 제주시 서쪽 81km 해역
2023,16,2023-03-22 02:09:17,2023-03-22,02:09:17,2.0,35.03,124.43,전남 신안군 흑산도 서북서쪽 99km 해역
2023,15,2023-03-14 02:18:42,2023-03-14,02:18:42,2.4,41.27,129.14,북한 함경북도 길주 북북서쪽 38km 지역
2023,14,2023-03-10 00:13:23,2023-03-10,00:13:23,2.1,41.27,129.06,북한 함경북도 길주 북북서쪽 42km 지역
2023,13,2023-03-07 15:13:32,2023-03-07,15:13:32,2.1,36.79,125.63,충남 태안군 서격렬비도 북북동쪽 21km 해역
2023,12,2023-03-03 11:26:54,2023-03-03,11:26:54,3.0,35.21,127.94,경남 진주시 서북서쪽 16km 지역
2023,11,2023-02-19 07:29:52,2023-02-19,07:29:52,2.5,34.67,127.36,전남 고흥군 북동쪽 11km 지역
2023,10,2023-02-11 08:22:01,2023-02-11,08:22:01,2.3,36.52,127.85,충북 보은군 동북동쪽 11km 지역
2023,9,2023-02-09 01:10:04,2023-02-09,01:10:04,2.1,41.29,129.27,북한 함경북도 길주 북쪽 38km 지역
2023,8,2023-01-23 07:33:45,2023-01-23,07:33:45,2.9,37.90,125.71,북한 황해남도 해주 남쪽 16km 해역
2023,7,2023-01-21 13:37:39,2023-01-21,13:37:39,2.5,36.46,129.63,경북 영덕군 동북동쪽 24km 해역
2023,6,2023-01-14 05:56:44,2023-01-14,05:56:44,2.1,35.08,125.07,전남 신안군 흑산도 북서쪽 56km 해역
2023,5,2023-01-13 12:23:51,2023-01-13,12:23:51,2.1,35.11,125.06,전남 신안군 흑산도 북서쪽 59km 해역
2023,4,2023-01-09 01:28:15,2023-01-09,01:28:15,3.7,37.74,126.20,인천 강화군 서쪽 25km 해역
2023,3,2023-01-07 05:16:03,2023-01-07,05:16:03,2.2,34.56,124.95,전남 신안군 흑산도 서남서쪽 45km 해역
2023,2,2023-01-07 05:12:17,2023-01-07,05:12:17,2.4,34.52,124.90,전남 신안군 흑산도 서남서쪽 50km 해역
2023,1,2023-01-05 00:28:05,2023-01-05,00:28:05,2.4,33.38,127.23,제주 서귀포시 동북동쪽 64km 해역
2024,86,2024-12-22 19:33:09,2024-12-22,19:33:09,2.2,36.39,127.52,대전 동구 북동쪽 10km 지역
2024,85,2024-12-04 09:41:04,2024-12-04,09:41:04,2.6,37.06,126.28,충남 서산시 북북서쪽 34km 해역
2024,84,2024-12-02 23:04:22,2024-12-02,23:04:22,2.4,41.31,129.18,북한 함경북도 길주 북북서쪽 41km 지역
2024,83,2024-11-28 00:36:11,2024-11-28,00:36:11,2.5,35.51,126.82,전북 정읍시 남남서쪽 7km 지역
2024,82,2024-11-24 20:35:27,2024-11-24,20:35:27,2.6,33.42,125.16,제주 제주시 서쪽 128km 해역
2024,81,2024-11-14 22:48:15,2024-11-14,22:48:15,2.0,35.28,127.43,전남 구례군 북북서쪽 9km 지역
2024,80,2024-11-14 04:21:55,2024-11-14,04:21:55,2.0,32.62,125.80,제주 서귀포시 이어도 북동쪽 80km 해역
2024,79,2024-11-14 00:00:09,2024-11-14,00:00:09,2.1,33.40,125.13,제주 제주시 서쪽 130km 해역
2024,78,2024-11-10 14:27:55,2024-11-10,14:27:55,2.3,33.40,125.11,제주 제주시 서쪽 132km 해역
2024,77,2024-11-09 13:23:12,2024-11-09,13:23:12,3.1,41.27,129.19,북한 함경북도 길주 북북서쪽 37km 지역
2024,76,2024-11-08 05:47:40,2024-11-08,05:47:40,2.2,33.40,125.14,제주 제주시 서쪽 130km 해역
2024,75,2024-11-03 12:16:44,2024-11-03,12:16:44,2.0,36.46,129.64,경북 영덕군 동북동쪽 25km 해역
2024,74,2024-11-03 03:19:20,2024-11-03,03:19:20,2.3,33.41,125.13,제주 제주시 서쪽 130km 해역
2024,73,2024-11-02 21:24:57,2024-11-02,21:24:57,2.5,41.28,129.21,북한 함경북도 길주 북북서쪽 37km 지역
2024,72,2024-11-01 21:27:42,2024-11-01,21:27:42,2.9,33.43,127.86,전남 여수시 거문도 남동쪽 83km 해역
2024,71,2024-10-28 14:11:44,2024-10-28,14:11:44,2.3,41.29,129.20,북한 함경북도 길주 북북서쪽 39km 지역
2024,70,2024-10-26 03:32:50,2024-10-26,03:32:50,2.2,33.42,125.80,제주 제주시 서쪽 68km 해역
2024,69,2024-10-23 17:56:17,2024-10-23,17:56:17,2.5,35.99,128.35,경북 칠곡군 서쪽 5km 지역
2024,68,2024-10-22 01:47:05,2024-10-22,01:47:05,2.1,41.27,129.20,북한 함경북도 길주 북북서쪽 37km 지역
2024,67,2024-10-21 15:33:07,2024-10-21,15:33:07,2.2,41.29,129.20,북한 함경북도 길주 북북서쪽 39km 지역
2024,66,2024-10-16 00:55:54,2024-10-16,00:55:54,2.1,36.27,126.71,충남 부여군 서쪽 18km 지역
2024,65,2024-10-07 15:09:38,2024-10-07,15:09:38,2.2,35.67,129.63,울산 북구 동북동쪽 26km 해역
2024,64,2024-10-04 22:08:58,2024-10-04,22:08:58,2.1,36.08,125.42,전북 군산시 어청도 서쪽 50km 해역
2024,63,2024-10-04 13:23:30,2024-10-04,13:23:30,2.3,41.27,129.11,북한 함경북도 길주 북북서쪽 39km 지역
2024,62,2024-10-01 11:33:30,2024-10-01,11:33:30,2.1,33.62,126.94,제주 제주시 동북동쪽 40km 해역
2024,61,2024-09-28 16:45:19,2024-09-28,16:45:19,2.2,36.73,128.90,경북 안동시 북동쪽 24km 지역
2024,60,2024-09-26 11:00:50,2024-09-26,11:00:50,2.9,40.32,126.86,북한 자강도 용림 남동쪽 26km 지역
2024,59,2024-09-24 07:05:28,2024-09-24,07:05:28,2.2,35.22,128.63,경남 창원시 의창구 남남서쪽 4km 지역
2024,58,2024-09-22 20:23:38,2024-09-22,20:23:38,2.2,35.59,129.50,울산 동구 북동쪽 12km 해역
2024,57,2024-09-19 21:39:17,2024-09-19,21:39:17,2.2,40.19,126.88,북한 평안남도 대흥 북북서쪽 12km 지역
2024,56,2024-09-19 19:41:18,2024-09-19,19:41:18,3.9,40.54,126.75,북한 자강도 용림 동북동쪽 7km 지역
2024,55,2024-09-18 12:47:53,2024-09-18,12:47:53,2.7,35.68,124.46,충남 태안군 서격렬비도 남서쪽 142km 해역
2024,54,2024-09-13 21:58:04,2024-09-13,21:58:04,2.3,35.47,124.54,전남 신안군 흑산도 북서쪽 120km 해역
2024,53,2024-09-12 23:47:19,2024-09-12,23:47:19,2.6,35.46,128.43,경남 창녕군 남남서쪽 11km 지역
2024,52,2024-09-12 19:25:10,2024-09-12,19:25:10,2.7,36.41,128.76,경북 의성군 북동쪽 8km 지역
2024,51,2024-09-12 19:19:46,2024-09-12,19:19:46,2.9,39.90,126.56,북한 평안남도 덕천 북동쪽 27km 지역
2024,50,2024-09-11 02:24:34,2024-09-11,02:24:34,2.7,37.11,125.45,충남 태안군 서격렬비도 북쪽 56km 해역
2024,49,2024-09-01 13:46:21,2024-09-01,13:46:21,2.4,37.86,129.52,강원 동해시 북동쪽 52km 해역
2024,48,2024-08-29 20:23:55,2024-08-29,20:23:55,2.4,35.66,129.75,울산 동구 동북동쪽 35km 해역
2024,47,2024-08-27 23:02:24,2024-08-27,23:02:24,2.2,37.87,129.54,강원 동해시 북동쪽 54km 해역
2024,46,2024-08-27 00:15:21,2024-08-27,00:15:21,2.7,41.28,129.09,북한 함경북도 길주 북북서쪽 41km 지역
2024,45,2024-08-25 23:28:10,2024-08-25,23:28:10,3.0,37.90,129.60,강원 동해시 북동쪽 60km 해역
2024,44,2024-08-23 01:42:16,2024-08-23,01:42:16,2.1,36.96,126.31,충남 서산시 북북서쪽 23km 해역
2024,43,2024-08-04 00:27:10,2024-08-04,00:27:10,2.7,34.79,124.66,전남 신안군 흑산도 서쪽 71km 해역
2024,42,2024-08-01 12:50:08,2024-08-01,12:50:08,2.6,38.77,125.89,북한 황해북도 송림 동쪽 22km 지역
2024,41,2024-08-01 08:34:12,2024-08-01,08:34:12,3.0,38.76,125.89,북한 황해북도 송림 동쪽 22km 지역
2024,40,2024-07-29 21:56:42,2024-07-29,21:56:42,2.3,38.78,125.89,북한 황해북도 송림 동북동쪽 23km 지역
2024,39,2024-07-27 12:50:57,2024-07-27,12:50:57,2.9,41.30,129.13,북한 함경북도 길주 북북서쪽 42km 지역
2024,38,2024-07-26 22:52:37,2024-07-26,22:52:37,2.6,35.56,125.14,전북 군산시 어청도 남서쪽 98km 해역
2024,37,2024-07-06 02:19:15,2024-07-06,02:19:15,2.4,36.51,128.85,경북 안동시 동남동쪽 13km 지역
2024,36,2024-07-03 14:24:43,2024-07-03,14:24:43,2.3,35.70,126.72,전북 부안군 남남서쪽 4km 지역
2024,35,2024-06-27 03:04:40,2024-06-27,03:04:40,2.1,39.56,127.04,북한 함경남도 금야 서쪽 17km 지역
2024,34,2024-06-22 13:49:00,2024-06-22,13:49:00,2.0,32.97,126.28,제주 서귀포시 남서쪽 41km 해역
2024,33,2024-06-12 13:55:42,2024-06-12,13:55:42,3.1,35.70,126.73,전북 부안군 남쪽 4km 지역
2024,32,2024-06-12 08:26:49,2024-06-12,08:26:49,4.8,35.70,126.72,전북 부안군 남남서쪽 4km 지역
2024,31,2024-06-09 15:16:14,2024-06-09,15:16:14,2.1,33.40,125.10,제주 제주시 서쪽 133km 해역
2024,30,2024-06-08 23:04:37,2024-06-08,23:04:37,2.2,38.87,129.18,북한 강원 회양 동쪽 138km 해역
2024,29,2024-06-03 02:25:11,2024-06-03,02:25:11,2.5,38.24,128.69,강원 속초시 동북동쪽 9km 해역
2024,28,2024-06-01 11:55:28,2024-06-01,11:55:28,2.1,41.33,129.17,북한 함경북도 길주 북북서쪽 44km 지역
2024,27,2024-06-01 00:53:41,2024-06-01,00:53:41,2.4,36.24,128.20,경북 김천시 북동쪽 14km 지역
2024,26,2024-05-31 03:35:02,2024-05-31,03:35:02,2.8,38.13,127.09,경기 연천군 북북동쪽 4km 지역
2024,25,2024-05-22 12:29:19,2024-05-22,12:29:19,2.3,41.27,129.06,북한 함경북도 길주 북북서쪽 42km 지역
2024,24,2024-05-20 10:31:45,2024-05-20,10:31:45,2.6,35.63,129.83,울산 동구 동북동쪽 40km 해역
2024,23,2024-05-09 05:41:25,2024-05-09,05:41:25,2.2,41.32,129.18,북한 함경북도 길주 북북서쪽 42km 지역
2024,22,2024-05-08 00:50:00,2024-05-08,00:50:00,2.2,38.80,126.17,북한 황해북도 연산 남서쪽 11km 지역
2024,21,2024-04-30 01:54:46,2024-04-30,01:54:46,2.5,41.30,129.14,북한 함경북도 길주 북북서쪽 41km 지역
2024,20,2024-04-28 10:33:43,2024-04-28,10:33:43,2.2,35.61,128.28,경남 합천군 동북동쪽 11km 지역
2024,19,2024-04-22 18:47:51,2024-04-22,18:47:51,2.0,33.31,127.10,제주 서귀포시 동쪽 51km 해역
2024,18,2024-04-22 07:47:19,2024-04-22,07:47:19,2.6,36.00,128.35,경북 칠곡군 서쪽 5km 지역
2024,17,2024-04-19 23:27:54,2024-04-19,23:27:54,3.9,35.01,129.64,일본 나가사키현 대마도 북북동쪽 96km 해역
2024,16,2024-04-10 15:30:46,2024-04-10,15:30:46,2.9,39.44,125.88,북한 평안남도 평성 북쪽 22km 지역
2024,15,2024-03-27 11:14:27,2024-03-27,11:14:27,2.7,41.31,129.12,북한 함경북도 길주 북북서쪽 43km 지역
2024,14,2024-03-27 09:43:10,2024-03-27,09:43:10,2.9,41.31,129.13,북한 함경북도 길주 북북서쪽 43km 지역
2024,13,2024-03-25 21:16:45,2024-03-25,21:16:45,2.1,35.11,125.07,전남 신안군 흑산도 북북서쪽 58km 해역
2024,12,2024-03-22 08:05:55,2024-03-22,08:05:55,2.4,33.68,125.15,전남 신안군 흑산도 남남서쪽 113km 해역
2024,11,2024-03-15 22:35:42,2024-03-15,22:35:42,2.2,41.30,129.19,북한 함경북도 길주 북북서쪽 40km 지역
2024,10,2024-03-03 08:53:39,2024-03-03,08:53:39,2.8,35.09,125.09,전남 신안군 흑산도 북북서쪽 56km 해역
2024,9,2024-02-14 23:33:00,2024-02-14,23:33:00,2.2,41.28,129.15,북한 함경북도 길주 북북서쪽 39km 지역
2024,8,2024-02-08 03:15:44,2024-02-08,03:15:44,2.3,41.46,129.25,북한 함경북도 길주 북쪽 57km 지역
2024,7,2024-02-03 02:24:04,2024-02-03,02:24:04,2.0,35.96,127.00,전북 익산시 동북동쪽 4km 지역
2024,6,2024-01-31 17:36:23,2024-01-31,17:36:23,3.8,32.52,125.65,제주 서귀포시 이어도 북동쪽 62km 해역
2024,5,2024-01-24 19:12:07,2024-01-24,19:12:07,2.0,35.76,129.19,경북 경주시 남남서쪽 11km 지역
2024,4,2024-01-24 12:25:25,2024-01-24,12:25:25,2.1,38.85,125.76,북한 황해북도 송림 북동쪽 17km 지역
2024,3,2024-01-13 08:03:02,2024-01-13,08:03:02,2.4,37.65,124.65,인천 옹진군 백령도 남쪽 34km 해역
2024,2,2024-01-11 19:00:53,2024-01-11,19:00:53,2.4,41.30,129.16,북한 함경북도 길주 북북서쪽 41km 지역
2024,1,2024-01-06 20:02:39,2024-01-06,20:02:39,2.4,33.59,127.22,전남 여수시 거문도 남쪽 49km 해역
2025,79,2025-12-31 15:31:11,2025-12-31,15:31:11,2.0,34.70,127.37,전남 고흥군 북동쪽 14km 지역
2025,78,2025-12-25 15:37:20,2025-12-25,15:37:20,2.0,36.29,126.51,충남 보령시 서남서쪽 10km 해역
2025,77,2025-12-24 20:32:23,2025-12-24,20:32:23,2.2,34.55,128.30,경남 통영시 남남서쪽 36km 해역
2025,76,2025-12-22 21:24:41,2025-12-22,21:24:41,2.6,33.82,125.25,전남 신안군 흑산도 남쪽 96km 해역
2025,75,2025-12-13 21:30:51,2025-12-13,21:30:51,2.3,33.52,125.85,제주 제주시 서쪽 63km 해역
2025,74,2025-12-13 04:57:58,2025-12-13,04:57:58,2.2,35.04,124.56,전남 신안군 흑산도 서북서쪽 88km 해역
2025,73,2025-12-11 11:00:02,2025-12-11,11:00:02,2.0,33.52,125.84,제주 제주시 서쪽 64km 해역
2025,72,2025-11-28 01:31:11,2025-11-28,01:31:11,2.1,37.05,124.57,충남 태안군 서격렬비도 서북서쪽 100km 해역
2025,71,2025-11-26 20:06:35,2025-11-26,20:06:35,2.2,35.89,127.23,전북 완주군 동남동쪽 6km 지역
2025,70,2025-11-20 21:20:32,2025-11-20,21:20:32,2.2,41.30,129.24,북한 함경북도 길주 북쪽 39km 지역
2025,69,2025-11-07 09:44:44,2025-11-07,09:44:44,2.9,34.55,128.30,경남 통영시 남남서쪽 36km 해역
2025,68,2025-10-23 18:21:13,2025-10-23,18:21:13,2.3,41.28,129.25,북한 함경북도 길주 북쪽 37km 지역
2025,67,2025-10-18 21:37:40,2025-10-18,21:37:40,2.3,36.49,128.05,경북 상주시 북서쪽 13km 지역
2025,66,2025-10-17 02:22:46,2025-10-17,02:22:46,2.4,41.28,129.24,북한 함경북도 길주 북쪽 37km 지역
2025,65,2025-10-17 00:11:36,2025-10-17,00:11:36,2.4,41.30,129.20,북한 함경북도 길주 북북서쪽 40km 지역
2025,64,2025-10-12 05:32:59,2025-10-12,05:32:59,2.2,41.29,129.18,북한 함경북도 길주 북북서쪽 39km 지역
2025,63,2025-10-08 11:49:39,2025-10-08,11:49:39,3.1,36.28,127.76,충북 옥천군 동쪽 17km 지역
2025,62,2025-10-05 12:49:56,2025-10-05,12:49:56,2.8,33.27,127.54,전남 여수시 거문도 남남동쪽 87km 해역
2025,61,2025-09-26 06:53:01,2025-09-26,06:53:01,2.1,35.40,127.91,경남 산청군 동남동쪽 4km 지역
2025,60,2025-09-25 18:42:27,2025-09-25,18:42:27,2.6,35.39,125.54,전남 신안군 흑산도 북쪽 81km 해역
2025,59,2025-09-23 08:53:11,2025-09-23,08:53:11,2.2,35.55,129.95,울산 동구 동쪽 49km 해역
2025,58,2025-09-21 01:59:59,2025-09-21,01:59:59,2.5,41.33,129.18,북한 함경북도 길주 북북서쪽 44km 지역
2025,57,2025-09-15 15:49:56,2025-09-15,15:49:56,2.0,36.41,128.64,경북 의성군 북서쪽 8km 지역
2025,56,2025-09-15 15:34:42,2025-09-15,15:34:42,2.3,36.41,128.64,경북 의성군 북서쪽 8km 지역
2025,55,2025-09-13 08:28:29,2025-09-13,08:28:29,2.1,34.55,128.29,경남 통영시 남남서쪽 36km 해역
2025,54,2025-09-09 20:04:15,2025-09-09,20:04:15,2.1,33.66,126.96,제주 제주시 동북동쪽 44km 해역
2025,53,2025-09-05 00:45:17,2025-09-05,00:45:17,2.5,36.36,130.12,경북 영덕군 동쪽 68km 해역
2025,52,2025-09-04 08:02:46,2025-09-04,08:02:46,2.2,33.79,124.99,전남 신안군 흑산도 남남서쪽 105km 해역
2025,51,2025-08-26 22:46:44,2025-08-26,22:46:44,2.3,32.65,125.48,제주 서귀포시 이어도 북북동쪽 65km 해역
2025,50,2025-08-25 10:40:28,2025-08-25,10:40:28,2.2,35.76,129.19,경북 경주시 남남서쪽 11km 지역
2025,49,2025-08-16 09:33:11,2025-08-16,09:33:11,2.3,36.85,126.53,충남 당진시 서남서쪽 11km 지역
2025,48,2025-08-05 15:58:17,2025-08-05,15:58:17,2.7,36.58,129.24,경북 영덕군 북북서쪽 22km 지역
2025,47,2025-08-01 10:34:17,2025-08-01,10:34:17,2.3,38.80,127.44,북한 강원 회양 북서쪽 18km 지역
2025,46,2025-07-22 03:57:05,2025-07-22,03:57:05,2.5,32.41,126.95,제주 서귀포시 남남동쪽 101km 해역
2025,45,2025-07-06 04:20:19,2025-07-06,04:20:19,2.2,37.38,129.82,경북 울진군 북동쪽 57km 해역
2025,44,2025-06-25 05:59:35,2025-06-25,05:59:35,2.2,36.85,127.60,충북 증평군 북북동쪽 7km 지역
2025,43,2025-06-22 18:10:48,2025-06-22,18:10:48,2.2,41.29,129.17,북한 함경북도 길주 북북서쪽 40km 지역
2025,42,2025-06-22 13:28:14,2025-06-22,13:28:14,2.0,37.77,125.97,북한 황해남도 해주 남동쪽 38km 해역
2025,41,2025-06-22 12:00:39,2025-06-22,12:00:39,2.1,41.22,129.05,북한 함경북도 길주 북서쪽 37km 지역
2025,40,2025-06-16 07:04:18,2025-06-16,07:04:18,2.4,41.32,129.16,북한 함경북도 길주 북북서쪽 43km 지역
2025,39,2025-06-14 13:58:33,2025-06-14,13:58:33,2.3,36.61,129.34,경북 영덕군 북쪽 22km 지역
2025,38,2025-06-14 12:22:11,2025-06-14,12:22:11,2.0,36.60,129.35,경북 영덕군 북쪽 21km 지역
2025,37,2025-06-13 01:57:14,2025-06-13,01:57:14,2.1,40.67,128.29,북한 양강도 풍산 남동쪽 20km 지역
2025,36,2025-06-12 21:49:16,2025-06-12,21:49:16,2.7,35.06,125.08,전남 신안군 흑산도 북서쪽 53km 해역
2025,35,2025-06-10 23:53:28,2025-06-10,23:53:28,2.2,38.33,128.58,강원 고성군 동남동쪽 11km 해역
2025,34,2025-06-07 03:25:17,2025-06-07,03:25:17,2.2,39.10,126.76,북한 평안남도 양덕 남동쪽 16km 지역
2025,33,2025-05-28 00:17:31,2025-05-28,00:17:31,2.0,35.55,129.65,울산 동구 동북동쪽 22km 해역
2025,32,2025-05-21 10:17:11,2025-05-21,10:17:11,2.1,38.63,125.69,북한 황해북도 송림 남남동쪽 13km 지역
2025,31,2025-05-19 14:18:50,2025-05-19,14:18:50,2.4,36.18,128.26,경북 김천시 동북동쪽 14km 지역
2025,30,2025-05-18 13:01:21,2025-05-18,13:01:21,2.4,35.19,124.77,전남 신안군 흑산도 북서쪽 83km 해역
2025,29,2025-05-10 14:59:25,2025-05-10,14:59:25,2.5,38.13,127.09,경기 연천군 북북동쪽 4km 지역
2025,28,2025-05-10 13:19:00,2025-05-10,13:19:00,3.3,38.14,127.09,경기 연천군 북북동쪽 5km 지역
2025,27,2025-05-07 23:08:53,2025-05-07,23:08:53,2.5,35.77,129.07,경북 경주시 남서쪽 17km 지역
2025,26,2025-05-07 19:55:07,2025-05-07,19:55:07,2.0,35.77,129.07,경북 경주시 남서쪽 17km 지역
2025,25,2025-05-05 07:53:59,2025-05-05,07:53:59,3.7,37.12,125.94,충남 태안군 북서쪽 52km 해역
2025,24,2025-05-03 16:10:39,2025-05-03,16:10:39,2.2,37.35,129.52,강원 삼척시 동남동쪽 33km 해역
2025,23,2025-05-01 16:26:07,2025-05-01,16:26:07,2.3,41.29,129.23,북한 함경북도 길주 북북서쪽 38km 지역
2025,22,2025-04-28 19:39:39,2025-04-28,19:39:39,2.7,33.75,127.62,전남 여수시 거문도 남동쪽 42km 해역
2025,21,2025-04-22 08:40:48,2025-04-22,08:40:48,2.3,40.86,127.99,북한 양강도 풍산 서북서쪽 15km 지역
2025,20,2025-04-13 10:27:54,2025-04-13,10:27:54,2.2,37.39,125.75,인천 옹진군 연평도 남쪽 31km 해역
2025,19,2025-04-02 22:47:35,2025-04-02,22:47:35,2.4,35.56,124.43,전남 신안군 흑산도 북서쪽 134km 해역
2025,18,2025-03-31 21:19:43,2025-03-31,21:19:43,2.0,41.36,129.43,북한 함경북도 길주 북쪽 46km 지역
2025,17,2025-03-29 05:37:25,2025-03-29,05:37:25,2.5,33.90,126.93,전남 여수시 거문도 서남서쪽 38km 해역
2025,16,2025-03-20 16:26:08,2025-03-20,16:26:08,2.5,36.49,124.68,충남 태안군 서격렬비도 서쪽 78km 해역
2025,15,2025-03-17 11:39:01,2025-03-17,11:39:01,2.2,38.67,125.62,북한 황해북도 송림 남쪽 7km 지역
2025,14,2025-03-13 00:40:54,2025-03-13,00:40:54,2.2,35.62,129.96,울산 동구 동북동쪽 51km 해역
2025,13,2025-02-22 06:30:12,2025-02-22,06:30:12,2.0,36.71,125.93,충남 태안군 서쪽 33km 해역
2025,12,2025-02-17 11:20:37,2025-02-17,11:20:37,2.1,33.91,126.93,전남 여수시 거문도 서남서쪽 38km 해역
2025,11,2025-02-16 13:42:04,2025-02-16,13:42:04,2.2,33.91,126.94,전남 여수시 거문도 서남서쪽 37km 해역
2025,10,2025-02-15 06:49:47,2025-02-15,06:49:47,2.6,37.28,129.33,강원 삼척시 남동쪽 24km 해역
2025,9,2025-02-13 12:06:51,2025-02-13,12:06:51,2.3,35.70,126.73,전북 부안군 남쪽 4km 지역
2025,8,2025-02-09 17:49:38,2025-02-09,17:49:38,2.1,38.49,126.15,북한 황해북도 평산 북서쪽 28km 지역
2025,7,2025-02-07 02:35:34,2025-02-07,02:35:34,3.1,37.14,127.76,충북 충주시 북서쪽 22km 지역
2025,6,2025-01-29 02:15:45,2025-01-29,02:15:45,2.1,38.47,126.19,북한 황해북도 평산 북서쪽 23km 지역
2025,5,2025-01-14 16:33:56,2025-01-14,16:33:56,2.5,39.01,126.53,북한 황해북도 신평 북서쪽 22km 지역
2025,4,2025-01-11 22:35:51,2025-01-11,22:35:51,2.2,33.49,125.85,제주 제주시 서쪽 63km 해역
2025,3,2025-01-05 09:54:14,2025-01-05,09:54:14,2.1,35.48,128.31,경남 의령군 북북동쪽 18km 지역
2025,2,2025-01-05 02:43:11,2025-01-05,02:43:11,2.2,38.00,125.39,북한 황해남도 옹진 북북동쪽 8km 지역
2025,1,2025-01-03 15:28:06,2025-01-03,15:28:06,2.9,35.56,127.94,경남 거창군 남쪽 14km 지역
2026,31,2026-06-16 16:06:53,2026-06-16,16:06:53,2.4,39.09,126.73,북한 평안남도 양덕 남남동쪽 16km 지역
2026,30,2026-06-08 09:07:14,2026-06-08,09:07:14,2.9,34.57,128.28,경남 통영시 남남서쪽 35km 해역
2026,29,2026-06-05 13:05:18,2026-06-05,13:05:18,2.0,38.21,124.69,북한 황해남도 용연 서북서쪽 21km 해역
2026,28,2026-06-05 08:58:05,2026-06-05,08:58:05,2.1,38.26,126.05,북한 황해북도 평산 서남서쪽 31km 지역
2026,27,2026-05-30 08:20:55,2026-05-30,08:20:55,2.1,33.15,124.96,제주 서귀포시 이어도 북쪽 116km 해역
2026,26,2026-05-17 08:28:52,2026-05-17,08:28:52,2.0,33.10,125.72,제주 서귀포시 서남서쪽 80km 해역
2026,25,2026-05-03 23:59:36,2026-05-03,23:59:36,2.1,37.45,129.70,강원 삼척시 동쪽 47km 해역
2026,24,2026-04-30 03:36:03,2026-04-30,03:36:03,2.6,38.95,126.75,북한 황해북도 신평 북쪽 6km 지역
2026,23,2026-04-28 21:26:10,2026-04-28,21:26:10,2.5,38.42,126.12,북한 황해북도 평산 서북서쪽 26km 지역
2026,22,2026-04-18 04:27:28,2026-04-18,04:27:28,2.1,33.14,125.94,제주 서귀포시 서남서쪽 59km 해역
2026,21,2026-04-15 16:40:36,2026-04-15,16:40:36,2.6,37.68,129.58,강원 동해시 동북동쪽 45km 해역
2026,20,2026-04-05 22:10:26,2026-04-05,22:10:26,2.4,35.08,127.07,전남 화순군 동북동쪽 8km 지역
2026,19,2026-04-04 23:03:05,2026-04-04,23:03:05,2.4,41.27,129.39,북한 함경북도 길주 북쪽 36km 지역
2026,18,2026-03-20 00:51:51,2026-03-20,00:51:51,2.4,35.46,126.81,전남 장성군 북쪽 18km 지역
2026,17,2026-03-14 09:00:20,2026-03-14,09:00:20,2.6,35.82,128.35,경북 성주군 남남동쪽 13km 지역
2026,16,2026-03-11 22:11:04,2026-03-11,22:11:04,2.1,37.43,129.83,강원 삼척시 동쪽 59km 해역
2026,15,2026-03-11 20:41:29,2026-03-11,20:41:29,2.2,41.22,126.87,북한 자강도 낭림 북서쪽 35km 지역
2026,14,2026-03-11 18:05:49,2026-03-11,18:05:49,3.1,37.44,129.83,강원 삼척시 동쪽 59km 해역
2026,13,2026-03-09 10:40:12,2026-03-09,10:40:12,2.0,34.57,128.18,경남 통영시 남서쪽 39km 해역
2026,12,2026-03-07 18:38:44,2026-03-07,18:38:44,2.6,36.56,129.10,경북 영양군 남쪽 12km 지역
2026,11,2026-03-07 10:06:59,2026-03-07,10:06:59,3.0,35.46,125.82,전남 영광군 서북서쪽 66km 해역
2026,10,2026-02-19 20:24:07,2026-02-19,20:24:07,2.2,33.52,126.88,제주 제주시 동쪽 32km 지역
2026,9,2026-02-19 08:25:43,2026-02-19,08:25:43,2.5,37.19,129.07,강원 삼척시 남남서쪽 30km 지역
2026,8,2026-02-15 04:13:38,2026-02-15,04:13:38,3.0,38.13,127.10,경기 연천군 북북동쪽 4km 지역
2026,7,2026-02-09 10:33:29,2026-02-09,10:33:29,2.4,36.57,129.65,경북 영덕군 북동쪽 31km 해역
2026,6,2026-01-31 16:36:00,2026-01-31,16:36:00,2.0,33.25,127.38,제주 서귀포시 동쪽 76km 해역
2026,5,2026-01-23 01:48:21,2026-01-23,01:48:21,2.0,36.33,130.22,경북 영덕군 동쪽 77km 해역
2026,4,2026-01-21 02:08:40,2026-01-21,02:08:40,2.1,35.57,128.25,경남 합천군 동쪽 8km 지역
2026,3,2026-01-12 16:51:01,2026-01-12,16:51:01,2.0,35.77,128.68,대구 달성군 동쪽 22km 지역
2026,2,2026-01-07 17:00:37,2026-01-07,17:00:37,2.2,38.85,125.73,북한 황해북도 송림 북북동쪽 15km 지역
2026,1,2026-01-03 14:27:19,2026-01-03,14:27:19,2.2,37.86,129.47,강원 동해시 북동쪽 49km 해역